-- phpMyAdmin SQL Dump
-- version 5.0.2
-- https://www.phpmyadmin.net/
--
-- Servidor: 127.0.0.1
-- Tiempo de generación: 04-08-2021 a las 08:05:24
-- Versión del servidor: 5.7.32-log
-- Versión de PHP: 7.4.10

SET SQL_MODE = "NO_AUTO_VALUE_ON_ZERO";
START TRANSACTION;
SET time_zone = "+00:00";


/*!40101 SET @OLD_CHARACTER_SET_CLIENT=@@CHARACTER_SET_CLIENT */;
/*!40101 SET @OLD_CHARACTER_SET_RESULTS=@@CHARACTER_SET_RESULTS */;
/*!40101 SET @OLD_COLLATION_CONNECTION=@@COLLATION_CONNECTION */;
/*!40101 SET NAMES utf8mb4 */;

--
-- Base de datos: `sidiraunt`
--

-- --------------------------------------------------------

--
-- Estructura de tabla para la tabla `actor`
--

CREATE TABLE `actor` (
  `codActor` int(11) NOT NULL,
  `apellidosYnombres` varchar(500) NOT NULL,
  `codUsuario` int(11) NOT NULL,
  `codTipoActor` int(11) NOT NULL
) ENGINE=InnoDB DEFAULT CHARSET=utf8mb4;

--
-- Volcado de datos para la tabla `actor`
--

INSERT INTO `actor` (`codActor`, `apellidosYnombres`, `codUsuario`, `codTipoActor`) VALUES
(26045, 'CONSEJO UNIVERSITARIO', 26061, 2),
(26499, 'LUCANO NIEVES DANIEL HANANI JOED', 26515, 1),
(26500, 'REAÑO TORRES JUAN ANSELMO', 26516, 1),
(26501, 'FERNANDEZ GUEVARA JOHN DE JESUS', 26517, 1),
(26502, 'MURILLO LOZANO DIEGO ARON', 26518, 1),
(26503, 'GARCIA CRUZ STEVEN ALEXANDER', 26519, 1),
(26504, 'CUEVA ESCOBEDO JENNIFER ARELI', 26520, 1),
(26505, 'POEMAPE GARCIA JOSEPH ANTONIO', 26521, 1),
(26506, 'RODAS CASTILLO ANTHONELLA NATALY', 26522, 1),
(26507, 'BORDA RIVEROS LISBETH DAYSI', 26523, 1),
(26508, 'PINTO ALVA NICOLE KAORI', 26524, 1),
(26509, 'RODRIGUEZ ARTEAGA PIERO ALEXANDER', 26525, 1),
(26510, 'BALAREZO LUNA YAMELY ESMERALDA', 26526, 1),
(26511, 'CHAMAY ARZABE FRANK JHORDAN', 26527, 1),
(26512, 'OLIVERA ESPINOZA MIRELLA LISSETH', 26528, 1),
(26513, 'CRUZ HENRIQUEZ GEORGINA ANAIS', 26529, 1),
(26514, 'SALAZAR MARIN ISABAUT GIULIANA', 26530, 1),
(26515, 'ILDEFONSO ALVARADO PABLO ALBERTH', 26531, 1),
(26516, 'PACHECO ROJAS PABLO OSWALDO JHAIR', 26532, 1),
(26517, 'ARAUJO CHOMBA MICHAEL JHONATAN', 26533, 1),
(26518, 'SALVADOR FLOREANO DEMMY BRIAN', 26534, 1),
(26519, 'BARAHONA MORILLAS ANDRE PAULET', 26535, 1),
(26520, 'CARRASCO PEREZ JOCABED SURIEL', 26536, 1),
(26521, 'BAZAN CASTILLO ALDO JAK', 26537, 1),
(26522, 'SILVA CARUAJULCA ERLAND OSCAR', 26538, 1),
(26523, 'RAMOS MALAVER MARIANA ELIZABETH', 26539, 1),
(26524, 'MENDEZ TORRES DANIELA MARÍA ILLARY', 26540, 1),
(26525, 'CRUZADO RISCO ROSA MERCEDES', 26541, 1),
(26526, 'MALCA SILVA LEANDRO ARTURO', 26542, 1),
(26527, 'GONZALES CARRASCO JESUS MIGUEL IDELSO', 26543, 1),
(26528, 'FLORES AGUIRRE RENZO ANDERSON', 26544, 1),
(26529, 'REYES RUBIO LILIANA HAYDEE', 26545, 1),
(26530, 'CAMPOS RODRIGUEZ PAOLA ANETTE', 26546, 1),
(26531, 'ESCOBAR GONZALES DIEGO ARNIE', 26547, 1),
(26532, 'HOYOS CRUZ EMERSON MIGUEL', 26548, 1),
(26533, 'LEON YNOQUIO JORGE LUIS', 26549, 1),
(26534, 'AGUILAR MOSTACERO ISABEL CRISTINA', 26550, 1),
(26535, 'GODOY PAREDES KEVIN ANDRES', 26551, 1),
(26536, 'REYES POLO KAROLYNE BRITHNEY CHANTAL', 26552, 1),
(26537, 'VILCHEZ BALDERA LUCERO DEL MILAGRO', 26553, 1),
(26538, 'LLENQUE LLENQUE JORGE DAVID', 26554, 1),
(26539, 'AGRAMONTE SANCHEZ XIOMARA YHOSCIMAR', 26555, 1),
(26540, 'ARANDA RAMOS ARIANA JAEL', 26556, 1),
(26541, 'VEGA ALVAREZ ALEJANDRA ELIZABETH', 26557, 1),
(26542, 'JARA FIGUEROA XIOMARA ANTONELLA', 26558, 1),
(26543, 'MENDOZA PEREZ CLAUDIA ISABEL', 26559, 1),
(26544, 'HERNANDEZ VALENCIA KAROL ALESSANDRA', 26560, 1),
(26545, 'SAGAL CASTILLO GLORIA MARIA', 26561, 1),
(26546, 'ROQUE RODRIGUEZ SEGUNDO ELIAS', 26562, 1),
(26547, 'MENDOZA SANDOVAL SANTOS FRANCISCA', 26563, 1),
(26548, 'CULQUE ANTICONA MARIA FERNANDA', 26564, 1),
(26549, 'BACA SANCHEZ OSCAR MILTON', 26565, 1),
(26550, 'CUEVA HERRERA LUCCAS ENRIQUE', 26566, 1),
(26551, 'HUAMAN CORONADO VICTOR ANDRES', 26567, 1),
(26552, 'FERNANDEZ TORRES ALEXIS MANUEL', 26568, 1),
(26553, 'PAREDES SANCHEZ LEONIDAS ESTTIBEN', 26569, 1),
(26554, 'RODRIGUEZ ZAVALETA DANIXA JASMIN', 26570, 1),
(26555, 'HERNANDEZ LLANOS JOSE JULIO GABRIEL', 26571, 1),
(26556, 'TIRADO ALBITRES MIGUEL ENRIQUE', 26572, 1),
(26557, 'HERNANDEZ HUAMAN WILLY ALDAIR', 26573, 1),
(26558, 'LOPEZ NAVEZ ALBA CAMILE', 26574, 1),
(26559, 'NUREÑA CASTILLO KAROL YAMELI', 26575, 1),
(26560, 'GRANDEZ VELASQUEZ GUIANELLA MAKENSY', 26576, 1),
(26561, 'PEREA ALVA AUREA LYZ', 26577, 1),
(26562, 'MOSTACERO JIMENEZ KARLA JACKELINE', 26578, 1),
(26563, 'DIAZ RUBIRA ANDREA FERNANDA', 26579, 1),
(26564, 'VASQUEZ AGUIRRE CARLOS ALEXANDER', 26580, 1),
(26565, 'TORRES ALDAVE NAHOMI OSMARI BELHEN', 26581, 1),
(26566, 'LEON ASCATE EDUARDO YAIR SEBASTIAN', 26582, 1),
(26567, 'RUIZ DE LA CRUZ STACY ALISSON', 26583, 1),
(26568, 'CHAVEZ VILLARREAL GERALDINE LISSET', 26584, 1),
(26569, 'HUAMAN MERCADO VIOLETA DEL RUBI', 26585, 1),
(26570, 'NUÑEZ LLAJARUNA BRIGITTE ANGELINE', 26586, 1),
(26571, 'CORTIJO RUIZ ANGELO SEGUNDO', 26587, 1),
(26572, 'RUIZ VERA ERIKA ELIZABETH', 26588, 1),
(26573, 'AREVALO LLAPAPASCA CRISTHIAN DANIEL', 26589, 1),
(26574, 'GUTIERREZ PAREDES FATIMA LIZBETH', 26590, 1),
(26575, 'MOSQUERA PERALTA ROSITA DEL MILAGRO', 26591, 1),
(26576, 'BELTRAN RODRIGUEZ JUANY STEPHANY', 26592, 1),
(26577, 'CULQUITANTE ANTICONA DENIS SMITH', 26593, 1),
(26578, 'ANGEL JARA MARIA TERESA', 26594, 1),
(26579, 'VALDERRAMA ESPINOLA RUTH CAMILA', 26595, 1),
(26580, 'TUESTA REYNA KARYN MARIA', 26596, 1),
(26581, 'GARGUREVICH NUÑEZ THEO IBAR', 26597, 1),
(26582, 'SEGURA SILVESTRE ELVIRA DAYANNE', 26598, 1),
(26583, 'SALAZAR REYES GLORIA ESTHER', 26599, 1),
(26584, 'DE LA CRUZ BARRUETO MARIESTHER DE LOS AN', 26600, 1),
(26585, 'VASQUEZ CABRERA FLOR DE MARIA', 26601, 1),
(26586, 'BALLENA GONZALES JACKELINE BEL', 26602, 1),
(26587, 'MARQUEZ DAMIAN NAYELY MARIEL', 26603, 1),
(26588, 'SUAREZ MURILLO DAIRA MARYFE', 26604, 1),
(26589, 'ESPINOZA VITAL LUZ MARIA DE FATIMA', 26605, 1),
(26590, 'QUISPE GOMEZ KATHERINE ESTER', 26606, 1),
(26591, 'NIETO VEGA KATE ALICIA', 26607, 1),
(26592, 'CHOLAN HUATAY LESLY MARIBEL', 26608, 1),
(26593, 'GONZALES MAVILA ALEXIS PAVEL', 26609, 1),
(26594, 'MORAN JULCA JACKELIN YANIRA', 26610, 1),
(26595, 'MARKY ZEGARRA EVELY JANELLY', 26611, 1),
(26596, 'DEZA VILELA JOSUE JONATAN', 26612, 1),
(26597, 'LUJAN ROJAS ALEXIA CRISTINA', 26613, 1),
(26598, 'ANGULO ESPINO NIKOLLE STEPHANY', 26614, 1),
(26599, 'ZUÑIGA CIEZA MARCIA JAHAIRA', 26615, 1),
(26600, 'GAMBOA ALFARO ROMINA MILI', 26616, 1),
(26601, 'CANCINO PRETEL YADHIRA CANCINO', 26617, 1),
(26602, 'RODRIGUEZ CISNEROS JHOSELYN PAMELA', 26618, 1),
(26603, 'RIOS JULCA JENNYFER ARIANA', 26619, 1),
(26604, 'SOLANO RODRÌGUEZ KARLA MARÌA VICTORIA', 26620, 1),
(26605, 'ROMERO ROJAS LESLIE ISABELINA', 26621, 1),
(26606, 'MOSTACERO BLAS CARLOS JONATHAN', 26622, 1),
(26607, 'LEYVA GONZALES LORENA LIZETH', 26623, 1),
(26608, 'CAMPERO MURGA SANDRA SUSANA', 26624, 1),
(26609, 'VASQUEZ MATUTE VALERIA ISABEL', 26625, 1),
(26610, 'SANCHEZ OLIVA NOHELY ALEXANDRA', 26626, 1),
(26611, 'GASTELO MERINO NAYELLI DARIANA', 26627, 1),
(26612, 'PEREZ YRIGOIN ALEXANDRA NICOLE', 26628, 1),
(26613, 'RAMÍREZ SAAVEDRA ANDREA MABEL', 26629, 1),
(26614, 'LEON GALVEZ KAREN JOHANA', 26630, 1),
(26615, 'SAAVEDRA ZAMORA CARLA PATRICIA', 26631, 1),
(26616, 'BRICEÑO GONZALES KATHERINE NICOL', 26632, 1),
(26617, 'CASTILLO SANCHEZ JHOYSY SULEYKA', 26633, 1),
(26618, 'TERRONES BALTODANO MERCEDES ANILU', 26634, 1),
(26619, 'HILARIO ROJAS AMPARITO ELIZABETH', 26635, 1),
(26620, 'DE LA CRUZ TERRONES QUITERIA YESSADORA', 26636, 1),
(26621, 'TORRES VARAS PAULA FABIANA', 26637, 1),
(26622, 'ZAPATA GUEVARA LESLI KATERINE', 26638, 1),
(26623, 'AGUILAR RIVEROS DINA LIZBETH', 26639, 1),
(26624, 'QUIÑONES RIOS MARIA FERNANDA', 26640, 1),
(26625, 'CARRION VEGA ARLETH NOELIA', 26641, 1),
(26626, 'FLORENTINO MENDOZA MARIA ROSA DE LOS ANG', 26642, 1),
(26627, 'GARCIA HUACCHILLO FLAVIA RUBI', 26643, 1),
(26628, 'DÍAZ MUÑOZ NAYELI BRIGHIT', 26644, 1),
(26629, 'HUERTA ARTEAGA JESSICA NICOLLE', 26645, 1),
(26630, 'CRUZ GUTIERREZ ANTONELLA SARAI', 26646, 1),
(26631, 'RODRIGUEZ VERGARAY MAYLEN VIVIANA', 26647, 1),
(26632, 'ALVARADO AMAYA JESUS MARINA', 26648, 1),
(26633, 'VIDAL VARAS SANTOS MELITA', 26649, 1),
(26634, 'CORTEZ VERA MARIA EMILIA DEL MILAGRO', 26650, 1),
(26635, 'DÍAZ CARRANZA ITATI EVA NAHIARA', 26651, 1),
(26636, 'VILLARREAL MALDONADO DIEGO JULINHO', 26652, 1),
(26637, 'CARRANZA CARRANZA FIORELLA ALEXANDRA', 26653, 1),
(26638, 'HARO AVALOS ESTHEFANY MELISSA', 26654, 1),
(26639, 'SEVILLANO BERNABE KAREN ROSA', 26655, 1),
(26640, 'RODRIGUEZ DIAZ ARIANA JULIET', 26656, 1),
(26641, 'CESPEDES PEREZ XIOMARA IBETH', 26657, 1),
(26642, 'VASQUEZ MARQUINA VICTOR HUSSID', 26658, 1),
(26643, 'CRUZ DOMINGUEZ ANA ELIZABETH', 26659, 1),
(26644, 'RODRIGUEZ ALFARO YADHIRA DAYELI', 26660, 1),
(26645, 'VASQUEZ VASQUEZ JOANA NICOL', 26661, 1),
(26646, 'ROSALES SANCHEZ TALITA MISHELL', 26662, 1),
(26647, 'IMAMURA URIOL AIRI SILVANA', 26663, 1),
(26648, 'HILARIO SULLON ESTELA BRISETH', 26664, 1),
(26649, 'MEZA RUIZ EVELYN MARGARITA', 26665, 1);

-- --------------------------------------------------------

--
-- Estructura de tabla para la tabla `analisis_examen`
--

CREATE TABLE `analisis_examen` (
  `codAnalisis` int(11) NOT NULL,
  `tasaIrregularidad` float DEFAULT NULL,
  `codExamen` int(11) NOT NULL
) ENGINE=InnoDB DEFAULT CHARSET=utf8mb4;

--
-- Volcado de datos para la tabla `analisis_examen`
--

INSERT INTO `analisis_examen` (`codAnalisis`, `tasaIrregularidad`, `codExamen`) VALUES
(75, NULL, 1),
(76, NULL, 2);

-- --------------------------------------------------------

--
-- Estructura de tabla para la tabla `area`
--

CREATE TABLE `area` (
  `codArea` int(11) NOT NULL,
  `descripcion` varchar(200) NOT NULL,
  `area` varchar(2) NOT NULL
) ENGINE=InnoDB DEFAULT CHARSET=utf8mb4;

--
-- Volcado de datos para la tabla `area`
--

INSERT INTO `area` (`codArea`, `descripcion`, `area`) VALUES
(1, 'CIENCIAS DE LA VIDA Y DE LA SALUD', 'A'),
(2, 'CIENCIAS BÁSICAS Y TECNOLÓGICAS', 'B'),
(3, 'CIENCIAS DE LA PERSONA', 'C'),
(4, 'CIENCIAS ECONÓMICAS', 'D');

-- --------------------------------------------------------

--
-- Estructura de tabla para la tabla `carrera`
--

CREATE TABLE `carrera` (
  `codCarrera` int(11) NOT NULL,
  `nombre` varchar(200) NOT NULL,
  `codAreaActual` char(1) NOT NULL,
  `codFacultad` int(11) NOT NULL,
  `abreviacionMayus` varchar(50) NOT NULL
) ENGINE=InnoDB DEFAULT CHARSET=utf8mb4;

--
-- Volcado de datos para la tabla `carrera`
--

INSERT INTO `carrera` (`codCarrera`, `nombre`, `codAreaActual`, `codFacultad`, `abreviacionMayus`) VALUES
(1, 'Ingenieria de Sistemas', '2', 7, 'IS'),
(2, 'Ciencias Biológicas', '1', 1, 'CCAS.BIOLOGICAS'),
(3, 'Enfermería', '1', 1, 'ENFERMERIA'),
(4, 'Farmacia y Bioquímica', '1', 1, 'FARMACIA y BBQQ.'),
(7, 'Medicina', '1', 1, 'MEDICINA'),
(8, 'Microbiología y Parasitologia', '1', 1, 'MICROBIOL.y PARAS.'),
(9, 'Estomatología', '1', 1, 'ESTOMATOLOGIA'),
(10, 'Biología pesquera', '1', 1, 'BIOLOGIA PESQUERA');

-- --------------------------------------------------------

--
-- Estructura de tabla para la tabla `carrera_examen`
--

CREATE TABLE `carrera_examen` (
  `codCarreraExamen` int(11) NOT NULL,
  `cantidadVacantes` int(11) NOT NULL,
  `codExamen` int(11) NOT NULL,
  `codCarrera` int(11) NOT NULL,
  `puntajeMinimoPostulante` float NOT NULL,
  `puntajeMaximoPostulante` float NOT NULL,
  `puntajeMinimoPermitido` float NOT NULL
) ENGINE=InnoDB DEFAULT CHARSET=utf8mb4;

--
-- Volcado de datos para la tabla `carrera_examen`
--

INSERT INTO `carrera_examen` (`codCarreraExamen`, `cantidadVacantes`, `codExamen`, `codCarrera`, `puntajeMinimoPostulante`, `puntajeMaximoPostulante`, `puntajeMinimoPermitido`) VALUES
(1, 10, 1, 1, 120, 200, 100),
(2, 11, 2, 1, 130, 220, 100);

-- --------------------------------------------------------

--
-- Estructura de tabla para la tabla `condicion_postulacion`
--

CREATE TABLE `condicion_postulacion` (
  `codCondicion` int(11) NOT NULL,
  `nombre` varchar(50) NOT NULL
) ENGINE=InnoDB DEFAULT CHARSET=utf8mb4;

--
-- Volcado de datos para la tabla `condicion_postulacion`
--

INSERT INTO `condicion_postulacion` (`codCondicion`, `nombre`) VALUES
(1, 'INGRESA'),
(2, 'ING. 2-OPC'),
(3, 'NO INGRESA'),
(4, 'AUSENTE');

-- --------------------------------------------------------

--
-- Estructura de tabla para la tabla `estado_examen`
--

CREATE TABLE `estado_examen` (
  `codEstado` int(11) NOT NULL,
  `descripcion` varchar(50) NOT NULL
) ENGINE=InnoDB DEFAULT CHARSET=utf8mb4;

--
-- Volcado de datos para la tabla `estado_examen`
--

INSERT INTO `estado_examen` (`codEstado`, `descripcion`) VALUES
(1, 'Creado'),
(3, 'Procesando'),
(4, 'Aprobado'),
(5, 'Cancelado'),
(6, 'Analizado'),
(7, 'Datos Insertados'),
(8, 'Archivos Cargados');

-- --------------------------------------------------------

--
-- Estructura de tabla para la tabla `examen`
--

CREATE TABLE `examen` (
  `codExamen` int(11) NOT NULL,
  `año` int(11) NOT NULL,
  `fechaRendicion` date NOT NULL,
  `nroVacantes` int(11) NOT NULL,
  `nroPostulantes` int(11) NOT NULL,
  `asistentes` int(11) DEFAULT NULL,
  `ausentes` int(11) DEFAULT NULL,
  `codModalidad` int(11) NOT NULL,
  `codSede` int(11) NOT NULL,
  `codEstado` int(11) NOT NULL,
  `valoracionPositivaCON` float NOT NULL,
  `valoracionPositivaAPT` float NOT NULL,
  `valoracionNegativaCON` float NOT NULL,
  `valoracionNegativaAPT` float NOT NULL,
  `periodo` varchar(20) NOT NULL,
  `codArea` int(11) NOT NULL
) ENGINE=InnoDB DEFAULT CHARSET=utf8mb4;

--
-- Volcado de datos para la tabla `examen`
--

INSERT INTO `examen` (`codExamen`, `año`, `fechaRendicion`, `nroVacantes`, `nroPostulantes`, `asistentes`, `ausentes`, `codModalidad`, `codSede`, `codEstado`, `valoracionPositivaCON`, `valoracionPositivaAPT`, `valoracionNegativaCON`, `valoracionNegativaAPT`, `periodo`, `codArea`) VALUES
(1, 2021, '2021-01-28', 52, 52, 52, 0, 1, 1, 6, 4.079, 4.07, -1.021, -1.019, '2021-I', 2),
(2, 2021, '2021-07-28', 52, 52, 0, 0, 1, 1, 6, 215, 152, 21, 21, '2021-II', 2);

-- --------------------------------------------------------

--
-- Estructura de tabla para la tabla `examen_postulante`
--

CREATE TABLE `examen_postulante` (
  `codExamenPostulante` int(11) NOT NULL,
  `orden` int(11) NOT NULL,
  `nroCarnet` varchar(10) NOT NULL,
  `codActor` int(11) NOT NULL,
  `puntajeAPT` float NOT NULL,
  `puntajeCON` float NOT NULL,
  `puntajeTotal` float NOT NULL,
  `codCarrera` int(11) NOT NULL,
  `codCondicion` int(11) NOT NULL,
  `respuestasJSON` varchar(1000) NOT NULL,
  `codExamen` int(11) NOT NULL,
  `nroCorrectas` int(11) NOT NULL,
  `nroIncorrectas` int(11) NOT NULL
) ENGINE=InnoDB DEFAULT CHARSET=utf8mb4;

--
-- Volcado de datos para la tabla `examen_postulante`
--

INSERT INTO `examen_postulante` (`codExamenPostulante`, `orden`, `nroCarnet`, `codActor`, `puntajeAPT`, `puntajeCON`, `puntajeTotal`, `codCarrera`, `codCondicion`, `respuestasJSON`, `codExamen`, `nroCorrectas`, `nroIncorrectas`) VALUES
(27097, 1, '013814', 26499, 67.152, 105.028, 172.18, 2, 1, ' ABBBBBBXAXXXBXXBXBBABBXBDBBXXXXBXXXBBBXBXBBXXXBBXEBXXXXXEXBXXBXBXBBBXXXCXXBXXBXXXBXXBBBXXEXBBXXBCXBD', 1, 44, 7),
(27098, 2, '009161', 26500, 49.847, 93.792, 143.639, 2, 1, ' CADBXXDBXXBBBBXBABXCBBBBXXBXBEXBXBBBBCDBXXXAXCXBBXBDXXBCBXXBXBBXBCXBBBBAECXBBBXBBBXXADCXBXEEEBABECXB', 1, 42, 27),
(27099, 3, '017841', 26501, 55.955, 73.407, 129.362, 2, 1, ' XXBBXEBBBCXBBDXBBBBABEXEXBXXXBXXXXBBDXXBBAXBAAXBBBBBXXBXEXXBDXXXBEXXBBXXXXXBBXXXXXDEBEDEXBXBBXXXXXXX', 1, 36, 17),
(27100, 4, '030871', 26502, 83.432, 43.838, 127.27, 2, 1, ' AXBBBBBBBABABXXBBBBBBBXXBBBXBXCCBEXXXDXCXXXXXXXXXXXXXXXXXDXXXBXBXBXXBEBXXXXXXXBXXEBXXBBXBXXBBXXXXXDX', 1, 34, 11),
(27101, 5, '027263', 26503, 65.114, 53.017, 118.131, 2, 1, ' CBBXBBBBBAXXEXBXBABXBXBBBBAXBXXXXBXBXEBXXXXXXXXXXXXXXDXEEXXXBXXBBBXBBBBAXBXXXXXBDCBXXXXXXEXXXXBXXXXX', 1, 32, 12),
(27102, 6, '024097', 26504, 63.076, 53.012, 116.088, 2, 1, ' BBXABXBBBABDBXBXBEBAEXBABBBXBXBEXAXXBXCXBEXXXXXXXXBXXBXBXBBXBXXBXXXXXXXXAAAXBXBXAEXEXBXXEXXBBCXXBXXX', 1, 33, 18),
(27103, 7, '047438', 26505, 45.783, 69.333, 115.116, 2, 1, ' AXXBBXBXBDBXBXXXXBXABXBBXEXXAXXXAXXXBXXBXBBXXXBBBDCAEBXXXEXBEBXBXXBXXXXXXBXXXXXBXXXXXXXBBEXXXBXBBXXX', 1, 31, 11),
(27104, 8, '023827', 26506, 45.783, 69.333, 115.116, 2, 1, ' AXXBBXBXBDBXBXXXXBXABXBBXEXXAXXXAXXXBXXBXBBXXXBBBDCAEBXXXEXBEBXBXXBXXXXXXBXXXXXBXXXXXXXBBEXXXBXBBXXX', 1, 31, 11),
(27105, 9, '052793', 26507, 47.809, 66.28, 114.089, 2, 1, ' XBBBXXAXBECBEBBBBXBDAEBBXCXBDBCXBXXXXBBXXXBBXXXBXXXXBXBXXXBXBXXBXXXXXBBBXBXCXXBXXXXXXXXXXXXXXXBCXXXX', 1, 31, 12),
(27106, 10, '030509', 26508, 45.777, 68.307, 114.084, 2, 1, ' XBCXBDXXBDXBAXBEXBBBXBXBBBDBXBBDXXXXBXXXXXXXXXXXXBXBEXBBXBXDBXXXBBCDXXCXXXXBDBXAXXBBBABAXBXAXDXXBBAD', 1, 33, 20),
(27107, 11, '048263', 26509, 59, 53.012, 112.012, 2, 1, ' ABBXXBBABDCBBEBCBXBAEBABBBACEBBAXBXXXEDBXXXXXBXXXXXCXXXXBBXBABXABBXXXXCCBXXXXXBXXBXXCBBBXXXDXXXXXDXA', 1, 33, 22),
(27108, 12, '047925', 26510, 66.127, 41.806, 107.933, 2, 1, ' AAXBCDXABDBBXBBBXBBABBBBBCXBABBXBXXBXXBXXXXXXXXXXXXXBXXXBCXXXXBXXXXXXXXXXXXDXXXXXAXXBXXXXXXBXBXXXBXX', 1, 29, 10),
(27109, 13, '029839', 26511, 56.974, 47.927, 104.901, 2, 1, ' XXBXXBBBBABXBBABXBXAXXBDAXXBCBXXXXBXXBXXXXXXBXBXBXXXXBBXXXXXXXXXBXXBXXXXXXXCBXXXBXXXXBXXXXXXXXXXXXXX', 1, 27, 5),
(27110, 14, '018245', 26512, 35.587, 66.23, 101.817, 2, 1, ' ABBBEBACBBADCCBDECADBEBBCCBBBEEEBDCBBBDBABBBABEECEDDBBDBBAAAAAABAEBDAABDBADBBABAABAEBBEEBDCBBAEEEBAC', 1, 40, 60),
(27111, 15, '019283', 26513, 54.936, 46.881, 101.817, 2, 1, ' ABXXXXDEBXBBXBBABXBXBBXECABBBBXDBXCXBDXBXXXBAXDXXEBXXXECXABXBBEEBXXXBBXXXXAXBABCEECDBXBXXXBXEXCXACXD', 1, 32, 28),
(27112, 16, '038761', 26514, 49.847, 50.965, 100.812, 2, 1, ' BBBBBXBAXAXBXBXEBXDXXEBBEBBEBXBXBBXBXACBXXXEDBABXBXBBXXDXXBAXXXDXXXXXXDXBXXXBXBABXCEEBXXXECXBACCXXXX', 1, 31, 25),
(27113, 17, '039006', 26515, 53.923, 45.885, 99.808, 2, 1, ' XXBXBBXBBABBDBXDBBDAXBBXXXXXXXXBXXXXXXXXXXBXBXCXCXXXXXXXXXXXXXXXBXXXBBBXXXXXXXDXXBXXXXXXBBXXXXXXBXBX', 1, 26, 6),
(27114, 18, '004849', 26516, 48.828, 50.975, 99.803, 2, 1, ' DXBEXBCEBAAXABBBXABCBBXBBXXBXBEXBXXBXXXBXXXXXXXXXXXABXXXXBXXXBBXXXXEBBBXXXXXEXCXXCEDCXBBBXXAXXXBBXXX', 1, 29, 18),
(27115, 19, '001432', 26517, 64.095, 31.611, 95.706, 2, 1, ' ADBBXBBBBAEBDXXXXBBADBXABBXBXBXXXXXXXXAXXXXXXXXXXBBXXXXXXXXXXXXXXXXBXXXBXXXXXXXBBXXXXXXXXXXXXXXBBXXX', 1, 25, 6),
(27116, 20, '032447', 26518, 30.516, 64.233, 94.749, 2, 1, ' XBEXADBXBXBXBBABXBXEXAXXXXXXXBBXBXBXBEXXEBAXXXXXXXBXXXXABXXBXXXBADXAXBXXXXBXBBXBXXBXBAXXDXXBXXBXXXXX', 1, 27, 15),
(27117, 21, '015074', 26519, 60.025, 34.654, 94.679, 2, 1, ' ABBXXBBDCEBXBEBBXXBABABXXBXBXBXXXXAAXBEBCBXXXAAXXBAXBXXXXXEXXDXXXBXXXBBBXXXXXXXCXXAXXBXXXBDXBCXXDXXX', 1, 28, 19),
(27118, 22, '022813', 26520, 46.796, 35.68, 82.476, 2, 1, ' XXBBXDXXDDXBXXCBDABABBBBXXBBBXXXXCXXBXXAXXXXAXXXXXXXXXXAXXXXXBXXXBBXXXXDXDXBBBCXXXXXBBDXXXXXXXCBXXBX', 1, 24, 15),
(27119, 23, '027426', 26521, 40.688, 39.759, 80.447, 2, 1, ' AXBXAXXDBAXBCXBXXEAAXBXBABDCBBXXBXXXXXBXEXXXXXBXEXBXXXXXXXXXBXEBXXXXXXXXXAXXDXXCCEBBXEXBXXXXXXXXBXBD', 1, 24, 17),
(27120, 24, '002779', 26522, 29.491, 49.939, 79.43, 2, 1, ' BBXXXBCBEABEAEBXABXXXDBXECBXBDXABXAXBBBCABXBDXXXXCXCXAXXEXAXXXADAXBXXDCCBBXXAXCEXXXCCXBXBBCBBBBEXBXD', 1, 28, 34),
(27121, 25, '030774', 26523, 46.802, 31.606, 78.408, 2, 1, ' AXBCBXXBBABXEXXXXXXAXXXBXBBBXXCXXXXBBXXXXBXXXBXXXXXXXXXDXBEXXXXBXXXXXXXXXXXXXXXXXXXXBXXBCXXXXBXXXXCX', 1, 21, 7),
(27122, 26, '050514', 26524, 42.72, 35.675, 78.395, 2, 1, ' XDABBBBBCXCABBBXBCEBBBXXXXAEBBEXXBXXXDXXXXXXXXXXBBXXBXXXBXDXEBXXXDAXBAXXBXXXEXXCXXBXXXADXXAXXBXBXXAD', 1, 25, 23),
(27123, 27, '036889', 26525, 49.847, 26.511, 76.358, 2, 1, ' ABBDBXDAXABXBBXXXXDXBBCBXBBCBEXBXXXXBXXXXXXXXXXXXXXXXXXXXXXXXXXXXXXBXBCBXBXXXXXXXDXXXXXXBXXXXXXXXXXX', 1, 21, 9),
(27124, 28, '041484', 26526, 44.752, 31.601, 76.353, 2, 1, ' XBBBBXXBDXABBBAABAECEBBBABAEBDXXXXXCXXXXXXXBXXXXXBBXXXXXXBXAAXEXBXXXXXXXBCDXXXXXXAXXXXXXXXCXDBXBXBBX', 1, 24, 21),
(27125, 29, '039014', 26527, 47.815, 27.527, 75.342, 2, 1, ' XBXBXXXBBAXBBBBXAAXXBAXEBXEBBXBXXXXXXDDXXXXXXXXXXXXXXXXBDXXXXXXXXBAXXXXXXBCXXXXXXXXXBXXXXXXXBXXXBBXX', 1, 21, 10),
(27126, 30, '027922', 26528, 36.618, 37.712, 74.33, 2, 1, ' XBBDBXXBBCXXAXBAAXBABXEAABXXXBXDBAXXXXXXBXXXXXBXXXDXXXXXXDCBBXXXBXXBBXBXDXXEADXXEXDXXXXABDXDBABXXXXD', 1, 24, 23),
(27127, 31, '030183', 26529, 33.567, 39.759, 73.326, 2, 1, ' XXXXBCXBBXBCBCXEBBXEEXBXBXXBEXXXXXXXXDXBXXXAXXXXXCCXXBBXBXBBXXBBXXXXEXAEXXXXXXXBXXBXBXXBXXXXEXCXXXXX', 1, 22, 16),
(27128, 32, '001925', 26530, 37.637, 31.596, 69.233, 2, 2, ' ACBBXBXXXXEBXXXBBBDXBBABXCXCDXXXXEXXXXBXXBXXXEDEXABBBXXXXXXXXXCXXXXEXBAXXBXDXXXXXBXXAXXXXBXDXDBXAXBX', 1, 22, 20),
(27129, 33, '038145', 26531, 37.637, 31.596, 69.233, 2, 3, ' ACBBXBXXXXEBXXXBBBDXBBABXCXCDXXXXEXXXXBXXBXXXEDEXABBBXXXXXXXXXCXXXXEXBAXXBXDXXXXXBXXAXXXXBXDXDBXAXBX', 1, 22, 20),
(27130, 34, '002232', 26532, 34.586, 32.627, 67.213, 2, 3, ' AABDBXBBXXEXXXXXBBXBDXBXBXBXXCXXXXXXXXXDXXXXXXBXXXXBXXBBXAXBXXXXXXXXCXXXXXXXXXXBXXXXBAXXXXXXBBXXXXXX', 1, 19, 10),
(27131, 35, '049315', 26533, 30.522, 35.685, 66.207, 2, 3, ' XXXXBBXBXXXDXXBXAXBABXXBXXXXXXAXXXXXBXXXEXXXBBXXXXXXXXCXXBXXXXXXXXXXXXBBXXBBXXXXEXXBXXXXBXXXXXXXXEXX', 1, 18, 7),
(27132, 36, '039941', 26534, 33.573, 31.606, 65.179, 2, 2, ' EBXXBXBXXXBBCXXBXAXAXXBXXXXBXXXXBXXXXXBXBXXXXXXBXXXCXXXXXEXXXEXXXXXXXBXXXXXBXXXXXXXDXXXXDBXBXXXXXBXX', 1, 18, 8),
(27133, 37, '027094', 26535, 29.497, 35.68, 65.177, 2, 3, ' AXAXXDXBXXXEXCXXXEBABBXABEBXBXDBXXXXBBXXAXXXXXXXBXXXXBXXDXBXXXXBXXXBXXXXCXCCCXAXBXXXEBBXXXXXXXXXXXXX', 1, 20, 16),
(27134, 38, '029244', 26536, 24.396, 40.745, 65.141, 2, 3, ' DCBXDBBDCECBXDAADCBAEBEBDBDBXXAXECBEXXDBABADBDXCDBACDXBCCBCADXBEXDXEBXECAXDXDBCCCBDXDXAXXBACBBBBBBBA', 1, 29, 52),
(27135, 39, '028248', 26537, 40.688, 24.449, 65.137, 2, 3, ' EDBXBBXXDXXBDXCEBBCXXBXAXBBBBBCXDAXXXXXBXDXXCAXXXXXXEDXDXXEXBBXEXEDEDXXEBBEXBBXXBBBXXXBXXXCXXXXXDXDX', 1, 23, 28),
(27136, 40, '010508', 26538, 31.529, 32.607, 64.136, 2, 2, ' DXXBCBBXXAXDCABBAXBCXXXXCXBEBBEXXBXBDBXXXXAXXXXXXXCBXDXXBBBCCAEXEDBXXABAEBEXXXXXBXXXACXXBXXXCXEXXXBE', 1, 23, 29),
(27137, 41, '028553', 26539, 21.345, 37.672, 59.017, 2, 3, ' BAXDACXCAADBEBXBXAXABBCEBBAAXACBBCDBDAABCABECDBCBDDEDCCEEBDBBDDDAEDDEXABCBXAEDDACAABABBBBCCDCBEBBCED', 1, 30, 62),
(27138, 42, '018262', 26540, 44.758, 14.224, 58.982, 2, 2, ' BXXDBAXBBCBXBBDBBABDXBXBCXXBBXEXEBAADDDDXECBXABAEDBBABADDCCCXAXEXXABBXBEABDECDAXXCXDAXCDXBCCCBDEBXDD', 1, 27, 50),
(27139, 43, '040853', 26541, 41.713, 13.228, 54.941, 2, 2, ' ABBAXBXBBXXXCXXXXBXAXXBXEBXXXBXXXXBAXXAXBXCCXDAXXCXBXBAXXDBXXAXAXBBEXCXXEDXXXCBXCEXEXXXXXXDBXDXDXXCX', 1, 20, 26),
(27140, 44, '026726', 26542, 23.395, 30.58, 53.975, 2, 3, ' AXXXXXXEXAXEXBXDXXAXBBXAXXXBBXDXXXXXXDXXBXXXDXXCXBXXXXXBXBXXXXXXBXXBABDXXXXXCXXXEXXBXXXXXXBXDXBEXXXX', 1, 17, 15),
(27141, 45, '041499', 26543, 29.497, 24.444, 53.941, 2, 3, ' ABXDXXXBXBXBBXXCBXDCCXXBXXXABBCXBXXBDDXXCXXXDXXEXXXAXCDXXXXDBCBXXCXEDCXBBABXCXXAXBXXXXCXBCXDBXBBCXAA', 1, 21, 31),
(27142, 46, '029394', 26544, 32.542, 21.396, 53.938, 2, 3, ' ECXDXEBBDAXXAXXEBBDABCCBBBCXBCXXXBCXBXXEXEEXXXEXXXXXXEAXXCXXXBXXXXEBXCXXXXXXEXXCXDBXXDXXAXXBXBBXXBXX', 1, 20, 27),
(27143, 47, '047357', 26545, 34.58, 19.349, 53.929, 2, 3, ' ABXXXXBXAXEBBEDCAXXDBACCBBBXBBXXBCDAXXXBBXEXXXEDXXXXADAXACXXBXBXXXAXXXXXXXCDBXXXXDBXXAXXXBEBCXEXEXBC', 1, 21, 31),
(27144, 48, '050329', 26546, 26.446, 23.433, 49.879, 2, 3, ' XXEXXBBXBBXEXBXXXBXXBXBXXDAXDBXXBBCBDXXCXEBEXXXXXCXXBEXXAXAXXXDXXXBXXAXBXXEBXXXXXEXBXXDXECCXXBXXXXXX', 1, 18, 23),
(27145, 49, '028851', 26547, 33.567, 16.306, 49.873, 2, 3, ' AXXXXDBXXAXXXADDBBXEBBBXBAEBXXXXXBXXXAXXXXXAXXXXXXXXXBXBBXABXXXXXXXXCXXCXXXXDXXDXXXXXXXXXXXXBXXXXEXX', 1, 16, 15),
(27146, 50, '045288', 26548, 30.516, 18.348, 48.864, 2, 3, ' XBXBBXAXXBXXXXXBXBXXXCBBEEXBBAXXXXXXXXXXXXXXXXXXXAXXXXXXXXXXXEXXBXXCEBXXEEXXXXXXXXXXBXBXXXXXXXBXXBXX', 1, 15, 12),
(27147, 51, '031385', 26549, 29.497, 18.348, 47.845, 2, 3, ' XXXBBXCXCCDXBXBXDBXXXBXXBDCBBXXXXXBXXXXXXXXXXXXXBDCXXXXXXXXXBXXXXBAXXXXXXEXXXDXXXXAXXXXXXXXXBXBXXXXX', 1, 15, 13),
(27148, 52, '010992', 26550, 18.3, 28.543, 46.843, 2, 3, ' EXXXXBAXXABXABDDBAXEDBXXBXXEEXXXXXDXXXXBXDXXXXXXEXXBXXXXXXXXXXXABXXXXXXXXBCXXAXXBXXBXXBBXXXCXDXXBXXX', 1, 16, 18),
(27149, 53, '034541', 26551, 26.446, 20.38, 46.826, 2, 3, ' XXXBXXBXXXBBAXDEXBXXXBXXXDBCBAXXXBXXDXXXEXXCXXXXXDDBXXXEXBXXBXXXXXXCXBXXAXXXAXEXXXXBXXXXXXBXXXXDBCXX', 1, 16, 18),
(27150, 54, '012922', 26552, 26.446, 19.364, 45.81, 2, 3, ' ACCXXXXXAXBXBBXBXAXXXXXXCBBXDBAXBXXXXXXBXXXXXXBEXXXXXEXXXXXXXXAXXBXDXXXXXXBEXXBXXXCXXXDBXXXEXXXXXXXX', 1, 15, 15),
(27151, 55, '032284', 26553, 34.58, 10.175, 44.755, 2, 2, ' CBDABXBBXEBDECBBXBBXEBXXABXXAXCDXXDXXXXXXXXDACXXXBXXXXCXBACEBXCXEXACXXXXXXBXBABXXAXCXDXXXXXXXXBXXXXX', 1, 18, 28),
(27152, 56, '020364', 26554, 21.363, 22.422, 43.785, 2, 3, ' XXEXXXXBXEBXDXBBBXXXXXXXXXXBXXXXBXXCBBXXXXXEBXBXXXXXXEXXAXEXXAXXXXXXXBXBXXDXXXXXBXXXXXXXXXXAAXXXXXXA', 1, 14, 13),
(27153, 57, '012197', 26555, 26.44, 17.317, 43.757, 2, 3, ' AXBCXEABAXACXADBXXXABDXXBBBXEXXXXXXXEDXAXXAXXDEXBBXEXXXABBXDXXXXXXXXCBXXXXXAXXXBAEXXEXAXXXXXXXXXBXXD', 1, 17, 25),
(27154, 58, '040961', 26556, 26.452, 15.285, 41.737, 2, 3, ' AXXXXBDXDXXXXXXXBXXABXBBXXXXXXXXXAXEBXXXXDDXXXXXXXXXDXXXXXAXXXXEXBXXXXXXXXXXXXBXXXXDBXXXXXXBXBEXXXXX', 1, 13, 11),
(27155, 59, '043066', 26557, 25.427, 16.296, 41.723, 2, 3, ' AXXBBXXDXXDXBEXXXXBXBABBXXXDECXEBXXXXBXAXXXDXXEXXXBBDXXXAXXDDXDXXDXXXXXCXXXEXXCEXXBXXXXXXEXBXXBBEXXX', 1, 16, 23),
(27156, 60, '029599', 26558, 33.567, 8.148, 41.715, 2, 2, ' XXEBBBXXEXBECXDXBBXXXCBBBDXXXBBXXXXXXXXXXXXXXXCXXXXXXDXXBXXXXXXXXXXXXXAAEXXBXXXXXXXXXXXXBAAXXXXXXXXC', 1, 14, 15),
(27157, 61, '014175', 26559, 13.211, 24.464, 37.675, 2, 3, ' ECBXDADXBABBXXXBXXADEDDXXXDXXXBXXXXDCXDXXXXXXXXXXXXXXBBBXXXAXXAXXBXXXXXAXXXXCXXBBXXXXXXXXXXBXXXEXXXX', 1, 14, 19),
(27158, 62, '007556', 26560, 33.567, -0.01, 33.557, 2, 3, ' XXBXXXEBXXDEBXBBBEXDBBBXXXBXDEXXEXXXXXDXXXXXXXEXXDXXXBXXXXXXXXDXXXXXXXXXXBXXXXXXXAXXXXXXDXCXXXXXXXXX', 1, 12, 15),
(27159, 63, '042883', 26561, 11.185, 21.401, 32.586, 2, 3, ' XXEXXXXXBXXXDXXDCXBXXXXXBBXEXXXXXXXXXADXXXXXXABBXXCBXXBXBXAXXXXEXXXXEXXXXXXXBBXAXXXXXXXXXBCXCXXXCXXX', 1, 12, 16),
(27160, 64, '037578', 26562, 30.516, 2.012, 32.528, 2, 3, ' ABBXACBCXXBXXBBXBXAXXECXXXXBXXXXBAXXXAXCXAXBXCXXAXXXEEECBEBBDXCXXXXXXXDXXCXXXDXEXBEXDXXXXXXEXXXEXCXX', 1, 15, 28),
(27161, 65, '009389', 26563, 28.478, -0.02, 28.458, 2, 3, ' XBXXBXXAXXBXAXXBXXBDEBXCBDBEEBCXXBBXXXXXXXEXXXXEXXXXXBXXXXXXDXXXXXXDCXDACDXXCXXXAXXXXXXCXXXEXXXXDXBC', 1, 13, 24),
(27162, 66, '015812', 26564, 11.173, 14.264, 25.437, 2, 3, ' ECCBCBEEXXBDDBXXXXDAEXDEXXDBXXBBCXCXXXXXXXXBAXXXXXXCXXCXXXDXDXXXXXXXXXXXXXXXXCXXDXXXBXCBXXBXXXXXXXXX', 1, 12, 23),
(27163, 67, '028527', 26565, 10.142, 10.13, 20.272, 2, 3, ' AEBABADBADBCAAECECDADAABACEBACCBCDCEBEADCDEEEDBBCCBADABEBDEBABCEBCDADABEEDEDDEBCBBECDAADDDBCCACBECCB', 1, 24, 76),
(27164, 68, '042069', 26566, 6.084, 11.186, 17.27, 2, 3, ' XAXDBXXXCCBDXXEXXBBBDDEDCBCCXXXBAXXEXXCXXXDXXXXXXABXEAEXBBDXAXXEEBDXXEXAEXXXXBXDXXBBXAXCCAXCDXXDEBXX', 1, 14, 39),
(27165, 1, '053096', 26567, 81.394, 124.397, 205.791, 3, 1, ' ADBBBBABXABBBXXBBBBEXBBDXBBBBBXBBBBXBCBXXBBBBXECBXBCCAXBXBXXXXBEBBBBBBXBXXXBXXXBDBBXBEBBXXXXBBBXBXCX', 1, 54, 14),
(27166, 2, '045847', 26568, 88.515, 115.208, 203.723, 3, 1, ' EBBBBBBCBACCBBBBBBBABXBBBBBDXBCXADBBBEDXBBCBBCCBXBXBXXEAXXBXDBBXBCBXXBBDBBBXXEBBBBBABDDDBBXXEXBBBBXD', 1, 56, 24),
(27167, 3, '049686', 26569, 54.936, 117.255, 172.191, 3, 1, ' ABXXBBXBBABBXXBBBXXXBDADAEXBCBXDBXBBBBBXXXXBBBEXXBXBBBEBBXBXCEBBXBXBXBXXBEXXABBXEABBBBXBXABXDXAXAXBD', 1, 47, 19),
(27168, 4, '016445', 26570, 85.464, 76.46, 161.924, 3, 1, ' XBBBBBAXBABBCBBBXBBABXBCBDBBBBBXEDCAXBBXXXXDXBXXXXEBCXXABBXXDBXCEXXDBBXBBXBBBXBBXXBEEXXDEBBXCXXBBXXD', 1, 45, 21),
(27169, 5, '021679', 26571, 75.286, 79.533, 154.819, 3, 1, ' ACBBBXBBBXXBBBBBACEEBBBCXBBBBBXXXXEBXBXBEXXXBBXXXXXXXXAXXBXXXBXEBEBXBXBXBBXBBXXXBXXXXXBXXXBDBBXBXXXX', 1, 41, 12),
(27170, 6, '040466', 26572, 81.394, 63.212, 144.606, 3, 1, ' ABBXBBBBAXBBXBBBCBXABBBBBXABCBXXEDBXXXXEXXCXXBXXBXDBXXXBBBXBXXBXXBXBXBXXXXXXXDXXBBXCXXXXCXBXXDBEBXXD', 1, 39, 14),
(27171, 7, '029698', 26573, 54.936, 85.639, 140.575, 3, 1, ' XBBCEBBXDAXXDBXXBBBABBBXBXCCXBBXXXBXXXBXXEBBEEXXBXXABBXXCBXEXBXBBBBXEXBXEDEXCBBXDXBXXBBXBDBADABXXBBX', 1, 40, 22),
(27172, 8, '023223', 26574, 76.305, 64.228, 140.533, 3, 1, ' AXBBBBBBBACXCDXBCBBXXBBBBCBBBBEXBXXXDXXXBABBBBEXBXDBXXXBXXDXBBXBBXAXBXCCBXXXBDBXXDDXXEXXXXXXXBXXXXXD', 1, 39, 18),
(27173, 9, '049459', 26575, 62.063, 76.48, 138.543, 3, 1, ' ABBBXAXDBAEBXBXBXXBXBBBBXXXXBBXXXXDXXXXXBXXBXXXXXBBXXXXXBXXBXXBXXBXXXXXBXBBXBBBXXBXXXBXXXXXXBXXXBXXD', 1, 35, 4),
(27174, 10, '042091', 26576, 65.114, 70.354, 135.468, 3, 1, ' ABEXBBBXBXBBXXEXXBBABBBBDXBDXBABBXAXXBXBXXABBBXXXDXXXXXXBEBXBDXXXXXXXXXXBBXBXXXBXXXXXBXBBXXXXXBXXDXD', 1, 36, 11),
(27175, 11, '011831', 26577, 63.076, 66.28, 129.356, 3, 1, ' BBBBBBEXXXEBBBDXBBXXXDBBBBDBBBXCXXBBXBXXBXXXXXBXBBXXXXXXXXXXXXXXXXBXXXXBXXXBBBXXBXBXXXABXEBBXXXXXXXX', 1, 34, 9),
(27176, 12, '013836', 26578, 50.866, 77.491, 128.357, 3, 1, ' EBXBXBXBXAXXBBBXAXBACXBBBDCXBAXBBXXXXXXXXXXXBAXXAXBBBXXBXEXBXCXBXXBXXDBCXBBXXBXAXXXXBXBBBXXABXXXXBBX', 1, 35, 14),
(27177, 13, '031503', 26579, 60.031, 65.259, 125.29, 3, 1, ' AXDXBBBBBXXBXXXBBXXABXXBXXBBXBXXXXBXEXBXBXXBBXXXXXXXXXBXBXBXXBXXXXXXXXXBBBXXXBXXXXBBXXXXXXXBCXXXXCBE', 1, 32, 5),
(27178, 14, '049437', 26580, 48.834, 74.428, 123.262, 3, 1, ' ABXXXBBBBXBXBXDXBXXAEAXBXDBBXXXXBXXBXBBXXXBBXBXCXBXDBXBXBDXBXXECBBXXCXXDBBBXXXXXXCXXXXDXDXXABXXBXXBD', 1, 34, 15),
(27179, 15, '033438', 26581, 40.688, 81.56, 122.248, 3, 1, ' AXBXBBXEBEBBXBXXAACBXXBEBXEXBBABXXXXCDXXBXXBCCBEBBDXXXBBXXXBXXXXEBAXBCBDBCBBBXCAXBBXXBXBDXXXBCXBBXXD', 1, 36, 24),
(27180, 16, '020066', 26582, 65.114, 55.049, 120.163, 3, 1, ' AXCCEBXXBABXBBBAXXXABBXBBBBXBBBXAXXCXXXXXBXXCXBBXCEXXADXXEBBBXXXBBXBBXXXXBXCXXXCXXBCXXAEXBXXXBXBXDBX', 1, 34, 18),
(27181, 17, '011781', 26583, 63.076, 54.023, 117.099, 3, 1, ' AEBBEXXBBAXBBDAEBXBABBEBBXBXBXBXBXCBXXBXXDXAXAXDXBAXXBBXBXCBAXDBXXXCXXDAXAXBXXCEXXXBDXBXBBXXDBXBXCBC', 1, 35, 25),
(27182, 18, '005501', 26584, 60.025, 56.075, 116.1, 3, 1, ' AXBDDXBXBABXXXBBBBXABBBEBAXXEBBXBEXBXXBBXBBDXBXBCXXXEBXEXXXXXXXCXBXXXEXXXXXXXXXCDXXXXXXXBBBXXXXBBXXX', 1, 32, 14),
(27183, 19, '045131', 26585, 79.362, 34.669, 114.031, 3, 1, ' ABBXBBBXBXBBCXBABXXABBBXBBXBBBXXXXXXXXXXXXXXBXXBXXXXXXXXXBAXBXXXXXXXXXXXXBXXBXXXXXXXXBXXXBXBDXXXXXXX', 1, 29, 4),
(27184, 20, '025252', 26586, 38.65, 74.423, 113.073, 3, 1, ' XDXBXBDDEAABBEEBBEBXBXXBCXBBDXDXXAXBEXAAXXEXXBXXBBXXACBXBBXBBABBBXXXDXXBXXBXAXXBCBXBXXCBAXXBXXDBBBXX', 1, 34, 25),
(27185, 21, '049113', 26587, 47.815, 63.207, 111.022, 3, 1, ' AXXBBBXDAAXBBBBBXDXABXDXXXCXXBXBXBXDBCBXXBXXBAXEXBBAXCBXBEXXXXXXXBXEXXBXXXBBAXXDBXXBXXBXXAXXXAXDXBBE', 1, 32, 19),
(27186, 22, '015723', 26588, 61.044, 47.917, 108.961, 3, 1, ' ABBXCBCBBABXXBXXBXXAXXBBBXACBBBAXXXXBXCXDXBBXBBXXXXXXDXXXXXXXBXXXBXXXXXBXXXXXXXBXXEXXXXXDXBXXBCEBABX', 1, 30, 13),
(27187, 23, '010013', 26589, 72.241, 36.706, 108.947, 3, 3, ' AXXXBBXBXAXXXBABXBBAXBBBBBBBXBXXXXXXBXBXXXXXXXXXXXXXXXXXXXXXXXXXXXXXXDXXBABXXXXAXXXBXXXBBXXXBBXBAXXX', 1, 28, 5),
(27188, 24, '029817', 26590, 70.203, 37.727, 107.93, 3, 3, ' ABBXEXXXBABBBBXBXCBAXBXBXABBBBXXXXBXXBXBXXXXXXBXBBXXAXXXXBXXXXXBBXXXXCXXXXXXXXXXXXXXXXXXXXXBXXXEXXXX', 1, 28, 6),
(27189, 25, '019571', 26591, 75.292, 29.559, 104.851, 3, 3, ' XBXXBBXBXAXBBBBBBEBABBBXXCBBXBXBXBEBXBXBXXXXXXXXXXXXXXXXXXXXAXBXEXXXXEXXXXXXXXXXBEXEEXXDBXXXDBXCXCXD', 1, 29, 13),
(27190, 26, '046258', 26592, 63.076, 39.759, 102.835, 3, 3, ' EBBXBBBEBABAXEBBXBBXBXBEXBXBBDXBXXDXXXXXXXXBXAXXBBXBXDEBXBXXXXEXXBXEXXBXXXCXXBXXXXXXEXXXXDXXXBXBXXXX', 1, 29, 15),
(27191, 27, '050234', 26593, 45.771, 56.075, 101.846, 3, 3, ' BABBAXBXBXBBBBDDBCXADBDEBDCBBXDXXBXXEXBXBXXXABBBXXEXXXXXXXCXXXXXCBXXXXXXXXXXBXXXXEXBBBXXBXXBBXBXXEBC', 1, 30, 20),
(27192, 28, '026087', 26594, 53.911, 46.871, 100.782, 3, 3, ' EBBEBXACBCABEBEBBBDABBXXABBBEBDXXBBDDXDXXXBXCXBXBCECBXEBCDCXXXXBABCBEBBABACEBEXAXXEBXBXBXXCDAAECBBAA', 1, 35, 41),
(27193, 29, '038841', 26595, 78.343, 22.432, 100.775, 3, 3, ' XBBXXBBBBAEBABBBBBEXBXBBBBXBBXCXXXXXXXXXXXXXXXXXXXXXXXXBBXXXXXXCBXXXXXXXXXBXXXXXXXXXXXXXXXXXBXXXBXXX', 1, 26, 5),
(27194, 30, '043922', 26596, 68.165, 31.601, 99.766, 3, 3, ' ABAXABBABXCBBBBBXXEXXBBBBBBXBBXCXXXXXBXXXXXEXBAAXBBXXXEXXXXXXBXXXXXDXXBXAXXXXXXXEXXBXXXXBXXBXXXEXXBX', 1, 28, 14),
(27195, 31, '021754', 26597, 47.815, 50.98, 98.795, 3, 3, ' DBBBXXXXXAXXBBEBDCBXXBXBBBXBXCXXBBXCXXXXXXBXXXXXXXXEXXBXBBEXXAXXBBXXBXXXXXXXCXXXXXXXXBXXBXXXDXBBBXXX', 1, 27, 11),
(27196, 32, '040713', 26598, 38.65, 60.124, 98.774, 3, 3, ' EBXCBBBBXDBEXXCCEDBAXBXXCBDBXBCBXDXBEECEXADXBBAACBADCBADXDXEBBDBCBXXBBXBDXBBBEXEEEABBCABBAEXXXBBDABA', 1, 35, 43),
(27197, 33, '025614', 26599, 34.574, 63.197, 97.771, 3, 3, ' BABABAABEABCBBBXECXDEEXBBEBBXAXXXXBDCABCXXCBBBAXDXAEEXXBXAXXXCBEBXXABBBBDBEBBCXXXDCXXBBEXXBBAXBXXABX', 1, 33, 36),
(27198, 34, '001849', 26600, 45.783, 50.965, 96.748, 3, 3, ' ABXDXXDXBXXXXXBBXBXAXXCBBBBXXBCXXBXXXBAXBBDXEXXCCBDXXBDXXCAXXXBXXEXBXXXBXXXBDXDEBXXXEBXDXBBBXCBXAXBX', 1, 29, 21),
(27199, 35, '047643', 26601, 42.726, 53.012, 95.738, 3, 3, ' XBBXBEBBXXEBXBBXBXXADEBXXXABEXXXXXBXXXXEXXXBXAXEBBBXXCXXXXXECXBXBXBXXBXCXBXXXXXXBBXXXBBBDXABXXCXXXDE', 1, 28, 18),
(27200, 36, '043811', 26602, 53.923, 40.78, 94.703, 3, 3, ' XBBXXXXXCXBBBXEBXBBAXCXBBBXBXBXBXXXXXXXBXXXXXBXXBBBXXXXXXXXXXBXXXXXXBBDDXEXBXXXXXXXDXBXXXEXXXXCXCXAD', 1, 26, 11),
(27201, 37, '043708', 26603, 60.025, 34.659, 94.684, 3, 3, ' AXBXBEXXBABXCBBXBCBABXBBEBXXBDXXCXXXBDBXXXXXXXXXXAXXXXXXXXEXXXBBXBXXBXXEBEXXXXBXBBXDXCXEXBXXXXXXXXDX', 1, 27, 15),
(27202, 38, '015505', 26604, 63.076, 31.596, 94.672, 3, 3, ' XBCCCBXXBABXBBBXABBXBXBBCBABBBAXXDXXXXXXXXXXXBBDXCXXBDXAAXXXXEXXXXXBBXXAXXXXXBXACXXXXXBXXXXBDXXBBXBA', 1, 28, 19),
(27203, 39, '014447', 26605, 40.682, 51.966, 92.648, 3, 3, ' AEEEXXBBABEBXBBBCBBBAXAXBBCCBBXBBEXXBAXABXCEBXCCACBACDCACABXDABCXXDDCCACXBEBBXBBEXXXDEBCBEEBXBBXBBCD', 1, 34, 45),
(27204, 40, '046992', 26606, 50.866, 39.759, 90.625, 3, 3, ' AXBBCXBXBADXBXXBXBXABAXBXBDBDEXXXBXBXXXXXBXXXXBXBXXXDXXXEXAXBXXXXXXXBBCAXXXXDXBXXEBXXXXCXBXXBDXXXXXX', 1, 26, 15),
(27205, 41, '010258', 26607, 61.044, 29.564, 90.608, 3, 3, ' ACBBXBBXDABXXEBBBXCXXBXXXBBBBBXXXXXBXXXXEXXXCXXXXXXXXXXXXXXBXXXXBXXBXXXBBXXBBXXDCAXXBXXXAXXXXXXEXXXX', 1, 25, 11),
(27206, 42, '035089', 26608, 38.656, 50.965, 89.621, 3, 3, ' XXBXXECBXEDXBAXXXBBAXABXXXBBBBDDXBBCXXXDXXBBADEDXXXXEEXAXXXXABBBAXXBXBBXXCBAXXXXBXXXCDXXXBBXBBEXXXBX', 1, 28, 24),
(27207, 43, '039334', 26609, 35.605, 53.022, 88.627, 3, 3, ' DXEXDXXBXBXCBXXBBBBAXXBBXXXBXXCXXBBBXXXXXXXBXXBXXXXBXXXXBXXBXXXXXBABXXXBXXXBXXXXXXXXXXAAXXXXBXXBXXXX', 1, 24, 9),
(27208, 44, '044531', 26610, 54.942, 32.627, 87.569, 3, 2, ' AAXXXXBBBABBXXXBXXBABXBXXBBEXXXXXXXBXBXBXABXXXXXXXXXXXXDXXXXAXXXXXBXXXXBXXCBXXXXBXXXBXXXXXXXXXXXXXXX', 1, 23, 6),
(27209, 45, '022377', 26611, 50.866, 36.696, 87.562, 3, 3, ' ABXXXBBBDAEBBEXAXXXAXBBBBBXAEXXXXXXXBCXBXXXXDBDXXCBXXXXBXXXXXEXBXXEXXBXXXCEEEXXBXBXXXXXXXBXXXXAXBCXD', 1, 26, 18),
(27210, 46, '013496', 26612, 51.885, 34.649, 86.534, 3, 3, ' ABCBXEXBXAXBBAXXBAXXEBBXBBXXBBXXBXEXBXCXBBXABXCBXXXXXCXXBBCXXXBXBXCDXXXDXDXBXCCAXXXEBXCXXXEXXXEBDXXX', 1, 27, 23),
(27211, 47, '024959', 26613, 61.044, 25.485, 86.529, 3, 3, ' ABBBXBBBAXXBXEXBBBEABBEXXBXXXBBXXBXXBXXXXXXXXAXBXAXXACXXXBXXXXBXXXXXEXXDXXXXXXXXXXXCXXXXXXBXXXXXBXXX', 1, 24, 11),
(27212, 48, '005603', 26614, 35.587, 50.93, 86.517, 3, 3, ' DBDCECBBBCCBEBEBCBEAACEDEBBBBCCBEBBBAADEDBCEEDABECEABBABDBBAEBBDAEBBBDBCAAAEDBDEDBBEDDBDCBEECBEDBCDE', 1, 37, 63),
(27213, 49, '003814', 26615, 54.936, 30.57, 85.506, 3, 3, ' XXBDBBBBBXXXXDBBBXACBBAXXDBBBBADCXXAABXXXBBBBACXXEXBEXXXXXXBBXXXXXCXDXXBXXXXAXDCXXXXXAEEBXXXXXXXBCXD', 1, 27, 24),
(27214, 50, '025625', 26616, 50.866, 32.622, 83.488, 3, 3, ' AABXBXXBBXXXXBABBEBABBBXDXDBXAXBXXXXXXBXXBBXXXXBXXXXXXABXXXXXBXXAEXXAXXXXDXXXXXEXXXXXXBXBXXXDBEXXXXX', 1, 24, 14),
(27215, 51, '040709', 26617, 46.796, 35.69, 82.486, 3, 3, ' ABBBBBXXBXEXXXXDXXBACAABXDBBBXXXBXXXXXBXXXXXBXXXXXXXXBXXCXXXXXXXXXXXXXBXBXXXBBBXXXXXXXXXXXXXXXXXXXXX', 1, 22, 7),
(27216, 52, '034194', 26618, 50.866, 31.596, 82.462, 3, 3, ' ABXAXXAXDAXXBBBDBBCXDBBBXBXXBBXXEXXXXXXXXXBBXXBEAXAXXXBBXCCXXBXBXBXXXBDXXEXXXBXDDXXCXCXXXDXBXXXXXXXX', 1, 25, 19),
(27217, 53, '047466', 26619, 35.593, 45.85, 81.443, 3, 3, ' BDBCBBBBXCCBXBEXBBAAADXADEXABBDDBXDEADBBDCACDBXEBEXCXCCXBEXBDXAXXXXXXEBXCCADBXXBCBBXDBDEXBBBBBXEDBEX', 1, 31, 44),
(27218, 54, '036537', 26620, 47.815, 31.596, 79.411, 3, 3, ' EEBCXXXBXABBBBXXBXBAXXBXAXAXBBBXXXXBBXXXXXXXBBXXXEXADXXCXXAXXCXXBEXXBXXXEBXXXAXDXBXXXXDXXXBXXDXXCXBX', 1, 24, 18),
(27219, 55, '000207', 26621, 40.688, 36.686, 77.374, 3, 3, ' DXXBBXBBBAXABEAXBCCDXBXBBBXXCXDXXCXXBAEXBDXXXXABXDBBXXBBBXXXAXAXBXXXXXEBBXCCDXXXBEXAXXXXEDBCXXEXXXCD', 1, 26, 28),
(27220, 56, '050548', 26622, 47.809, 29.529, 77.338, 3, 3, ' XXBBABBBBABXBCBBBBXCDEBDDCXXEXEBEBABXBEADXDXCXACBCXCCXEXXXCDXDEDBEXXDBABXAXBAAXXBEDEEBEBXDCBBBACXBDX', 1, 30, 44),
(27221, 57, '044694', 26623, 38.656, 35.685, 74.341, 3, 3, ' EBXXXBXXAABBXXCDXBDXXBBBBDBXXXXXXXBXXXXXBXDXXXXXBBXBXXXDXCXXXXXXXBXXXXXXXAXBXBXXXXXXXXBXBXXXXXXDXXXX', 1, 21, 11),
(27222, 58, '037791', 26624, 46.796, 27.522, 74.318, 3, 3, ' ABAXBABBXAADBXCXXBBXBBXXAXBXXBXCBXXBXBCXBBXXXXXXXXXXXXXAXXXXXXXXEXXXABXXBAEXXXXBXXBXXXXXXXXXXXXEXXXB', 1, 22, 15),
(27223, 59, '053856', 26625, 61.038, 12.217, 73.255, 3, 3, ' AXXEXCBBADBXBBBBBDBABBBXBEBCBCXXXCXXXXXXXEXXXXXXDCXXAXBXXXBDXEXDXXXCBEXXBBXXXBBDXDXXXXCXXAXXXDXXXXXA', 1, 24, 24),
(27224, 60, '047563', 26626, 52.904, 19.374, 72.278, 3, 2, ' XXBBBXXBBAXBBBXXBDCBXXBBBCBXXXXXXBXXXXAXBXXXBXXXXXXXXXXXXXXXXXXXXBXXXXXXXXXXXXXXXXXXXXXXXBXXXXXXXXXX', 1, 19, 5),
(27225, 61, '025222', 26627, 29.497, 41.791, 71.288, 3, 3, ' BXBAXCBXBXXXXBDXXXEXBXBBBXEBCXBXAXEXXXXXXXBBXBXXXBDXXXDBDXAXCBXXXXDCAXBXBXXXBXXXXAXDBXABXCAXXBXXXXBX', 1, 23, 22),
(27226, 62, '022404', 26628, 46.796, 23.448, 70.244, 3, 3, ' XXXBBXXXBDXCBBXBBBBAACBXDBEXXBXXXXXXXXAXXBXXXAXBXXXXXXXXXXXXBXXXXCXXAXXBXCXXXBXXBXXXXXXXXXXBXXXXXXXX', 1, 20, 11),
(27227, 63, '003569', 26629, 33.567, 35.68, 69.247, 3, 3, ' ADBXBBXXDAXBABEAEXXXXXXBXXBAXBXXXXXXXDBXAXBXXBXBXXXDXXXXXBXXCXXXXXXXBXBCBXXDXXXCXBXBEXXXAXBXXXXXXXXX', 1, 21, 16),
(27228, 64, '027316', 26630, 46.796, 22.432, 69.228, 3, 3, ' EBXXXDBXAAXBBXXBBBBAXCBABXXBDXXXBXXXXXXXBXXBXXXXXXBXXXXXXXEXXXXXXXXXXXXXBXBXXCXXXXXXXXXXXXXXXXXXXXXX', 1, 19, 8),
(27229, 65, '035255', 26631, 38.656, 30.565, 69.221, 3, 3, ' ABXXXXBCXADEEBXEXXXABBBXCBXXBXXADXEXXXBAXXBXEXXAXBXDXXXXBXBXBXDCXXBXDAXECABBXXDCDXDXXXXDBBXEXAXBXXBE', 1, 24, 28),
(27230, 66, '039638', 26632, 28.478, 38.743, 67.221, 3, 3, ' EBBBXCCAXABEXXXAABXAXAXBXXXBXXBXXXXXXXXXEXXXBXXXXXXXBBXXXXXXBXXXAXAXXXXXCEXXXXXXBXXBXXXXXXXXXBXBBBCX', 1, 20, 14),
(27231, 67, '043413', 26633, 34.586, 31.591, 66.177, 3, 3, ' XBXXAXBXXCBCBCXBBBXXBBXXCXXXBDBXXXXBBACXBXXBDXXXCXXXXXXAEXDXXCCXXBXXXXBDXXBDXEBAXXXBXXXXADBEEXXXXXBX', 1, 22, 23),
(27232, 68, '030388', 26634, 51.885, 14.239, 66.124, 3, 3, ' XXXBDBBBBAABBXXBXBEABABXXAXXBXBXEXAXXBECXXDAXEACCECBXXXXXBCAXXBXXXXEXAXEBXAXDBXXDAABXEXXBEDDEXBXDBDB', 1, 25, 35),
(27233, 69, '040479', 26635, 40.676, 25.43, 66.106, 3, 3, ' ABEDBBBEBDACECBECBBDBEABECBBEBBCCEADBBEBEEECEDBEBABBEEAADAEBBCBAAECCCADCEBDDBBDAEBCBDCEBBDDDDAEEAEBA', 1, 33, 67),
(27234, 70, '017421', 26636, 39.669, 25.48, 65.149, 3, 3, ' AXEXBBAXBXEXDAEXBABXBBEXCBXBBBXXXXXABXXXXXXXBXCXXXXXXBBXAXBXDXXXXXXXAXXBXCXXCXXBXXEXXEXXXXXXXXDDBXXD', 1, 21, 20),
(27235, 71, '051774', 26637, 26.446, 36.696, 63.142, 3, 3, ' AXBXXXXCXEBXXXXEBXBXXAXXDABBBXXBXXXEXBXECXXBXXXXXXAXDXXXXBEXXXXXXXXAXXXXXEBBBXDXDBXXXXXDXXXXCBBXXBBX', 1, 20, 18),
(27236, 72, '013721', 26638, 34.58, 28.538, 63.118, 3, 3, ' ABXBDEEXXXBBXXAABBEEABDXBXXBBEXXXXXXEBCXXXEXXXXAXXXXXAXXXBXBXAXXCXXBXBXXAXXABXXXBXXXBXXXDXXXXXXAXBAD', 1, 21, 22),
(27237, 73, '041686', 26639, 40.694, 21.391, 62.085, 3, 3, ' XXBXXXBXBABAXBCXCXXABXBBXXBAXXXXXXXXXDXXAXXXXBXCCXXXAXECCXXBXBXCBXCABXXXXXACXBXXXEBXDBXCXEXXXDXBEBXX', 1, 21, 23),
(27238, 74, '018946', 26640, 35.587, 26.456, 62.043, 3, 3, ' BAEBBCECADBEBBCCCBDADABBBBBCBCAEXEBDBAEBDDBABBBBXACAEABCBAAEADECADBBABDAACDAEDBACBXXEABAECXDDXABBCAC', 1, 31, 63),
(27239, 75, '006474', 26641, 40.694, 19.359, 60.053, 3, 3, ' XBBEABXXXXCXBXXXBBAAXBBXXXBXXBXXXXXXXXXXAXXXXXXDXCXBXXCBXEDXAXXCXBXXXXXEBXXXXXXEXXBXDCBXXXBBXXXEXXXX', 1, 19, 17),
(27240, 76, '046012', 26642, 39.669, 20.38, 60.049, 3, 3, ' ABXXXABXXAEBXBXBBBAACABBXDEDDXCBBBXXEXXAXXXXXDXDXXXDXXXXXXXABXXXXXAXXXXXXXXXBXEXXXBXXXXCXBXBEXXXXCXX', 1, 20, 21),
(27241, 77, '051051', 26643, 25.409, 34.619, 60.028, 3, 3, ' DBBBECEBDCDCCADBCEBDBCBBCDBCBAAECXAEXAECADBXCACBCBXBABBEABXXXECEBBABEBEBXXDABBEBCCDEABDACDBAAAEDCBBE', 1, 30, 61),
(27242, 78, '020784', 26644, 27.447, 31.566, 59.013, 3, 3, ' ACBBBCDBCAXEBEBAEDACDBBEXDBEDEDDCDXEBBCEXEBXDXDBXCDBAXAEBXABBCXDEDCDBCBCBBXDBDDXDCDXXBAXCXXBEEBBXEAB', 1, 28, 54),
(27243, 79, '011266', 26645, 45.771, 13.208, 58.979, 3, 3, ' BBBECBBXDBBBBEXBBBCDXBXBCDABXBEXABACXAXDXBDDDBEXBCXADEBABXDXBXEDACCXAXDDXCBDXEABBBCBECABDCEAEXXXDAXX', 1, 27, 50),
(27244, 80, '053294', 26646, 19.325, 38.743, 58.068, 3, 3, ' XBABXXXXDXDXXBXBBXEBXBXXXXXXXXBXBBBXXBXXXXXXEXBXXCAXBXAXXXXXXXXXXXXXXXXXBDXXXBXXBXCXXXXXXXXXXXXXXXXD', 1, 17, 11),
(27245, 81, '017382', 26647, 30.51, 27.527, 58.037, 3, 3, ' ADBABXBXXCBECBCXBXXBBBBXAXXXADXXXXXXXXXXXXXBBXXBXDXXXXXXXAXBXXXXXXXXXXXXAXAXXXXXEXXXXBBXXXXXBXBXXXXX', 1, 18, 15),
(27246, 82, '042355', 26648, 37.643, 20.38, 58.023, 3, 3, ' XBBBXXXXBXBXEXBAXEBXBXXXXBXBXXEXXBAXEBXXXDXAXXXBXXBXXXBXAEXXXEXXXXCBXXXXCXXDXXXBXXXXXXCXXXXBXXXXXXXX', 1, 18, 15),
(27247, 83, '028311', 26649, 40.688, 17.317, 58.005, 3, 3, ' DBDBBAXDXAXBXXXBXBBXBADBXCBBCXXAXBXBXDXAXXXXBDXEXXXXAXXXXXXXAXBXXXCXXXXXAXXXAXEBXBXXDXXXXXXCXBCXXBEX', 1, 20, 23),
(27248, 1, '013814', 26649, 67.152, 105.028, 172.18, 2, 1, ' ABBBBBBXAXXXBXXBXBBABBXBDBBXXXXBXXXBBBXBXBBXXXBBXEBXXXXXEXBXXBXBXBBBXXXCXXBXXBXXXBXXBBBXXEXBBXXBCXBD', 2, 44, 7),
(27249, 2, '009161', 26500, 49.847, 93.792, 143.639, 2, 1, ' CADBXXDBXXBBBBXBABXCBBBBXXBXBEXBXBBBBCDBXXXAXCXBBXBDXXBCBXXBXBBXBCXBBBBAECXBBBXBBBXXADCXBXEEEBABECXB', 2, 42, 27),
(27250, 3, '017841', 26501, 55.955, 73.407, 129.362, 2, 1, ' XXBBXEBBBCXBBDXBBBBABEXEXBXXXBXXXXBBDXXBBAXBAAXBBBBBXXBXEXXBDXXXBEXXBBXXXXXBBXXXXXDEBEDEXBXBBXXXXXXX', 2, 36, 17),
(27251, 4, '030871', 26502, 83.432, 43.838, 127.27, 2, 1, ' AXBBBBBBBABABXXBBBBBBBXXBBBXBXCCBEXXXDXCXXXXXXXXXXXXXXXXXDXXXBXBXBXXBEBXXXXXXXBXXEBXXBBXBXXBBXXXXXDX', 2, 34, 11),
(27252, 5, '027263', 26503, 65.114, 53.017, 118.131, 2, 1, ' CBBXBBBBBAXXEXBXBABXBXBBBBAXBXXXXBXBXEBXXXXXXXXXXXXXXDXEEXXXBXXBBBXBBBBAXBXXXXXBDCBXXXXXXEXXXXBXXXXX', 2, 32, 12),
(27253, 6, '024097', 26648, 63.076, 53.012, 116.088, 2, 1, ' BBXABXBBBABDBXBXBEBAEXBABBBXBXBEXAXXBXCXBEXXXXXXXXBXXBXBXBBXBXXBXXXXXXXXAAAXBXBXAEXEXBXXEXXBBCXXBXXX', 2, 33, 18),
(27254, 7, '047438', 26505, 45.783, 69.333, 115.116, 2, 1, ' AXXBBXBXBDBXBXXXXBXABXBBXEXXAXXXAXXXBXXBXBBXXXBBBDCAEBXXXEXBEBXBXXBXXXXXXBXXXXXBXXXXXXXBBEXXXBXBBXXX', 2, 31, 11),
(27255, 8, '023827', 26506, 45.783, 69.333, 115.116, 2, 1, ' AXXBBXBXBDBXBXXXXBXABXBBXEXXAXXXAXXXBXXBXBBXXXBBBDCAEBXXXEXBEBXBXXBXXXXXXBXXXXXBXXXXXXXBBEXXXBXBBXXX', 2, 31, 11),
(27256, 9, '052793', 26507, 47.809, 66.28, 114.089, 2, 1, ' XBBBXXAXBECBEBBBBXBDAEBBXCXBDBCXBXXXXBBXXXBBXXXBXXXXBXBXXXBXBXXBXXXXXBBBXBXCXXBXXXXXXXXXXXXXXXBCXXXX', 2, 31, 12),
(27257, 10, '030509', 26508, 45.777, 68.307, 114.084, 2, 1, ' XBCXBDXXBDXBAXBEXBBBXBXBBBDBXBBDXXXXBXXXXXXXXXXXXBXBEXBBXBXDBXXXBBCDXXCXXXXBDBXAXXBBBABAXBXAXDXXBBAD', 2, 33, 20),
(27258, 11, '048263', 26509, 59, 53.012, 112.012, 2, 1, ' ABBXXBBABDCBBEBCBXBAEBABBBACEBBAXBXXXEDBXXXXXBXXXXXCXXXXBBXBABXABBXXXXCCBXXXXXBXXBXXCBBBXXXDXXXXXDXA', 2, 33, 22),
(27259, 12, '047925', 26510, 66.127, 41.806, 107.933, 2, 1, ' AAXBCDXABDBBXBBBXBBABBBBBCXBABBXBXXBXXBXXXXXXXXXXXXXBXXXBCXXXXBXXXXXXXXXXXXDXXXXXAXXBXXXXXXBXBXXXBXX', 2, 29, 10),
(27260, 13, '029839', 26511, 56.974, 47.927, 104.901, 2, 1, ' XXBXXBBBBABXBBABXBXAXXBDAXXBCBXXXXBXXBXXXXXXBXBXBXXXXBBXXXXXXXXXBXXBXXXXXXXCBXXXBXXXXBXXXXXXXXXXXXXX', 2, 27, 5),
(27261, 14, '018245', 26512, 35.587, 66.23, 101.817, 2, 1, ' ABBBEBACBBADCCBDECADBEBBCCBBBEEEBDCBBBDBABBBABEECEDDBBDBBAAAAAABAEBDAABDBADBBABAABAEBBEEBDCBBAEEEBAC', 2, 40, 60),
(27262, 15, '019283', 26513, 54.936, 46.881, 101.817, 2, 1, ' ABXXXXDEBXBBXBBABXBXBBXECABBBBXDBXCXBDXBXXXBAXDXXEBXXXECXABXBBEEBXXXBBXXXXAXBABCEECDBXBXXXBXEXCXACXD', 2, 32, 28),
(27263, 16, '038761', 26514, 49.847, 50.965, 100.812, 2, 1, ' BBBBBXBAXAXBXBXEBXDXXEBBEBBEBXBXBBXBXACBXXXEDBABXBXBBXXDXXBAXXXDXXXXXXDXBXXXBXBABXCEEBXXXECXBACCXXXX', 2, 31, 25),
(27264, 17, '039006', 26515, 53.923, 45.885, 99.808, 2, 1, ' XXBXBBXBBABBDBXDBBDAXBBXXXXXXXXBXXXXXXXXXXBXBXCXCXXXXXXXXXXXXXXXBXXXBBBXXXXXXXDXXBXXXXXXBBXXXXXXBXBX', 2, 26, 6),
(27265, 18, '004849', 26516, 48.828, 50.975, 99.803, 2, 1, ' DXBEXBCEBAAXABBBXABCBBXBBXXBXBEXBXXBXXXBXXXXXXXXXXXABXXXXBXXXBBXXXXEBBBXXXXXEXCXXCEDCXBBBXXAXXXBBXXX', 2, 29, 18),
(27266, 19, '001432', 26517, 64.095, 31.611, 95.706, 2, 1, ' ADBBXBBBBAEBDXXXXBBADBXABBXBXBXXXXXXXXAXXXXXXXXXXBBXXXXXXXXXXXXXXXXBXXXBXXXXXXXBBXXXXXXXXXXXXXXBBXXX', 2, 25, 6),
(27267, 20, '032447', 26518, 30.516, 64.233, 94.749, 2, 1, ' XBEXADBXBXBXBBABXBXEXAXXXXXXXBBXBXBXBEXXEBAXXXXXXXBXXXXABXXBXXXBADXAXBXXXXBXBBXBXXBXBAXXDXXBXXBXXXXX', 2, 27, 15),
(27268, 21, '015074', 26519, 60.025, 34.654, 94.679, 2, 1, ' ABBXXBBDCEBXBEBBXXBABABXXBXBXBXXXXAAXBEBCBXXXAAXXBAXBXXXXXEXXDXXXBXXXBBBXXXXXXXCXXAXXBXXXBDXBCXXDXXX', 2, 28, 19),
(27269, 22, '022813', 26520, 46.796, 35.68, 82.476, 2, 1, ' XXBBXDXXDDXBXXCBDABABBBBXXBBBXXXXCXXBXXAXXXXAXXXXXXXXXXAXXXXXBXXXBBXXXXDXDXBBBCXXXXXBBDXXXXXXXCBXXBX', 2, 24, 15),
(27270, 23, '027426', 26521, 40.688, 39.759, 80.447, 2, 1, ' AXBXAXXDBAXBCXBXXEAAXBXBABDCBBXXBXXXXXBXEXXXXXBXEXBXXXXXXXXXBXEBXXXXXXXXXAXXDXXCCEBBXEXBXXXXXXXXBXBD', 2, 24, 17),
(27271, 24, '002779', 26522, 29.491, 49.939, 79.43, 2, 1, ' BBXXXBCBEABEAEBXABXXXDBXECBXBDXABXAXBBBCABXBDXXXXCXCXAXXEXAXXXADAXBXXDCCBBXXAXCEXXXCCXBXBBCBBBBEXBXD', 2, 28, 34),
(27272, 25, '030774', 26523, 46.802, 31.606, 78.408, 2, 1, ' AXBCBXXBBABXEXXXXXXAXXXBXBBBXXCXXXXBBXXXXBXXXBXXXXXXXXXDXBEXXXXBXXXXXXXXXXXXXXXXXXXXBXXBCXXXXBXXXXCX', 2, 21, 7),
(27273, 26, '050514', 26524, 42.72, 35.675, 78.395, 2, 1, ' XDABBBBBCXCABBBXBCEBBBXXXXAEBBEXXBXXXDXXXXXXXXXXBBXXBXXXBXDXEBXXXDAXBAXXBXXXEXXCXXBXXXADXXAXXBXBXXAD', 2, 25, 23),
(27274, 27, '036889', 26525, 49.847, 26.511, 76.358, 2, 1, ' ABBDBXDAXABXBBXXXXDXBBCBXBBCBEXBXXXXBXXXXXXXXXXXXXXXXXXXXXXXXXXXXXXBXBCBXBXXXXXXXDXXXXXXBXXXXXXXXXXX', 2, 21, 9),
(27275, 28, '041484', 26526, 44.752, 31.601, 76.353, 2, 1, ' XBBBBXXBDXABBBAABAECEBBBABAEBDXXXXXCXXXXXXXBXXXXXBBXXXXXXBXAAXEXBXXXXXXXBCDXXXXXXAXXXXXXXXCXDBXBXBBX', 2, 24, 21),
(27276, 29, '039014', 26527, 47.815, 27.527, 75.342, 2, 1, ' XBXBXXXBBAXBBBBXAAXXBAXEBXEBBXBXXXXXXDDXXXXXXXXXXXXXXXXBDXXXXXXXXBAXXXXXXBCXXXXXXXXXBXXXXXXXBXXXBBXX', 2, 21, 10),
(27277, 30, '027922', 26528, 36.618, 37.712, 74.33, 2, 1, ' XBBDBXXBBCXXAXBAAXBABXEAABXXXBXDBAXXXXXXBXXXXXBXXXDXXXXXXDCBBXXXBXXBBXBXDXXEADXXEXDXXXXABDXDBABXXXXD', 2, 24, 23),
(27278, 31, '030183', 26529, 33.567, 39.759, 73.326, 2, 1, ' XXXXBCXBBXBCBCXEBBXEEXBXBXXBEXXXXXXXXDXBXXXAXXXXXCCXXBBXBXBBXXBBXXXXEXAEXXXXXXXBXXBXBXXBXXXXEXCXXXXX', 2, 22, 16),
(27279, 32, '001925', 26530, 37.637, 31.596, 69.233, 2, 2, ' ACBBXBXXXXEBXXXBBBDXBBABXCXCDXXXXEXXXXBXXBXXXEDEXABBBXXXXXXXXXCXXXXEXBAXXBXDXXXXXBXXAXXXXBXDXDBXAXBX', 2, 22, 20),
(27280, 33, '038145', 26531, 37.637, 31.596, 69.233, 2, 3, ' ACBBXBXXXXEBXXXBBBDXBBABXCXCDXXXXEXXXXBXXBXXXEDEXABBBXXXXXXXXXCXXXXEXBAXXBXDXXXXXBXXAXXXXBXDXDBXAXBX', 2, 22, 20),
(27281, 34, '002232', 26532, 34.586, 32.627, 67.213, 2, 3, ' AABDBXBBXXEXXXXXBBXBDXBXBXBXXCXXXXXXXXXDXXXXXXBXXXXBXXBBXAXBXXXXXXXXCXXXXXXXXXXBXXXXBAXXXXXXBBXXXXXX', 2, 19, 10),
(27282, 35, '049315', 26533, 30.522, 35.685, 66.207, 2, 3, ' XXXXBBXBXXXDXXBXAXBABXXBXXXXXXAXXXXXBXXXEXXXBBXXXXXXXXCXXBXXXXXXXXXXXXBBXXBBXXXXEXXBXXXXBXXXXXXXXEXX', 2, 18, 7),
(27283, 36, '039941', 26534, 33.573, 31.606, 65.179, 2, 2, ' EBXXBXBXXXBBCXXBXAXAXXBXXXXBXXXXBXXXXXBXBXXXXXXBXXXCXXXXXEXXXEXXXXXXXBXXXXXBXXXXXXXDXXXXDBXBXXXXXBXX', 2, 18, 8),
(27284, 37, '027094', 26535, 29.497, 35.68, 65.177, 2, 3, ' AXAXXDXBXXXEXCXXXEBABBXABEBXBXDBXXXXBBXXAXXXXXXXBXXXXBXXDXBXXXXBXXXBXXXXCXCCCXAXBXXXEBBXXXXXXXXXXXXX', 2, 20, 16),
(27285, 38, '029244', 26536, 24.396, 40.745, 65.141, 2, 3, ' DCBXDBBDCECBXDAADCBAEBEBDBDBXXAXECBEXXDBABADBDXCDBACDXBCCBCADXBEXDXEBXECAXDXDBCCCBDXDXAXXBACBBBBBBBA', 2, 29, 52),
(27286, 39, '028248', 26537, 40.688, 24.449, 65.137, 2, 3, ' EDBXBBXXDXXBDXCEBBCXXBXAXBBBBBCXDAXXXXXBXDXXCAXXXXXXEDXDXXEXBBXEXEDEDXXEBBEXBBXXBBBXXXBXXXCXXXXXDXDX', 2, 23, 28),
(27287, 40, '010508', 26538, 31.529, 32.607, 64.136, 2, 2, ' DXXBCBBXXAXDCABBAXBCXXXXCXBEBBEXXBXBDBXXXXAXXXXXXXCBXDXXBBBCCAEXEDBXXABAEBEXXXXXBXXXACXXBXXXCXEXXXBE', 2, 23, 29),
(27288, 41, '028553', 26539, 21.345, 37.672, 59.017, 2, 3, ' BAXDACXCAADBEBXBXAXABBCEBBAAXACBBCDBDAABCABECDBCBDDEDCCEEBDBBDDDAEDDEXABCBXAEDDACAABABBBBCCDCBEBBCED', 2, 30, 62),
(27289, 42, '018262', 26540, 44.758, 14.224, 58.982, 2, 2, ' BXXDBAXBBCBXBBDBBABDXBXBCXXBBXEXEBAADDDDXECBXABAEDBBABADDCCCXAXEXXABBXBEABDECDAXXCXDAXCDXBCCCBDEBXDD', 2, 27, 50),
(27290, 43, '040853', 26541, 41.713, 13.228, 54.941, 2, 2, ' ABBAXBXBBXXXCXXXXBXAXXBXEBXXXBXXXXBAXXAXBXCCXDAXXCXBXBAXXDBXXAXAXBBEXCXXEDXXXCBXCEXEXXXXXXDBXDXDXXCX', 2, 20, 26),
(27291, 44, '026726', 26542, 23.395, 30.58, 53.975, 2, 3, ' AXXXXXXEXAXEXBXDXXAXBBXAXXXBBXDXXXXXXDXXBXXXDXXCXBXXXXXBXBXXXXXXBXXBABDXXXXXCXXXEXXBXXXXXXBXDXBEXXXX', 2, 17, 15),
(27292, 45, '041499', 26543, 29.497, 24.444, 53.941, 2, 3, ' ABXDXXXBXBXBBXXCBXDCCXXBXXXABBCXBXXBDDXXCXXXDXXEXXXAXCDXXXXDBCBXXCXEDCXBBABXCXXAXBXXXXCXBCXDBXBBCXAA', 2, 21, 31),
(27293, 46, '029394', 26544, 32.542, 21.396, 53.938, 2, 3, ' ECXDXEBBDAXXAXXEBBDABCCBBBCXBCXXXBCXBXXEXEEXXXEXXXXXXEAXXCXXXBXXXXEBXCXXXXXXEXXCXDBXXDXXAXXBXBBXXBXX', 2, 20, 27),
(27294, 47, '047357', 26545, 34.58, 19.349, 53.929, 2, 3, ' ABXXXXBXAXEBBEDCAXXDBACCBBBXBBXXBCDAXXXBBXEXXXEDXXXXADAXACXXBXBXXXAXXXXXXXCDBXXXXDBXXAXXXBEBCXEXEXBC', 2, 21, 31),
(27295, 48, '050329', 26546, 26.446, 23.433, 49.879, 2, 3, ' XXEXXBBXBBXEXBXXXBXXBXBXXDAXDBXXBBCBDXXCXEBEXXXXXCXXBEXXAXAXXXDXXXBXXAXBXXEBXXXXXEXBXXDXECCXXBXXXXXX', 2, 18, 23),
(27296, 49, '028851', 26547, 33.567, 16.306, 49.873, 2, 3, ' AXXXXDBXXAXXXADDBBXEBBBXBAEBXXXXXBXXXAXXXXXAXXXXXXXXXBXBBXABXXXXXXXXCXXCXXXXDXXDXXXXXXXXXXXXBXXXXEXX', 2, 16, 15),
(27297, 50, '045288', 26548, 30.516, 18.348, 48.864, 2, 3, ' XBXBBXAXXBXXXXXBXBXXXCBBEEXBBAXXXXXXXXXXXXXXXXXXXAXXXXXXXXXXXEXXBXXCEBXXEEXXXXXXXXXXBXBXXXXXXXBXXBXX', 2, 15, 12),
(27298, 51, '031385', 26549, 29.497, 18.348, 47.845, 2, 3, ' XXXBBXCXCCDXBXBXDBXXXBXXBDCBBXXXXXBXXXXXXXXXXXXXBDCXXXXXXXXXBXXXXBAXXXXXXEXXXDXXXXAXXXXXXXXXBXBXXXXX', 2, 15, 13),
(27299, 52, '010992', 26550, 18.3, 28.543, 46.843, 2, 3, ' EXXXXBAXXABXABDDBAXEDBXXBXXEEXXXXXDXXXXBXDXXXXXXEXXBXXXXXXXXXXXABXXXXXXXXBCXXAXXBXXBXXBBXXXCXDXXBXXX', 2, 16, 18),
(27300, 53, '034541', 26551, 26.446, 20.38, 46.826, 2, 3, ' XXXBXXBXXXBBAXDEXBXXXBXXXDBCBAXXXBXXDXXXEXXCXXXXXDDBXXXEXBXXBXXXXXXCXBXXAXXXAXEXXXXBXXXXXXBXXXXDBCXX', 2, 16, 18),
(27301, 54, '012922', 26552, 26.446, 19.364, 45.81, 2, 3, ' ACCXXXXXAXBXBBXBXAXXXXXXCBBXDBAXBXXXXXXBXXXXXXBEXXXXXEXXXXXXXXAXXBXDXXXXXXBEXXBXXXCXXXDBXXXEXXXXXXXX', 2, 15, 15),
(27302, 55, '032284', 26553, 34.58, 10.175, 44.755, 2, 2, ' CBDABXBBXEBDECBBXBBXEBXXABXXAXCDXXDXXXXXXXXDACXXXBXXXXCXBACEBXCXEXACXXXXXXBXBABXXAXCXDXXXXXXXXBXXXXX', 2, 18, 28),
(27303, 56, '020364', 26554, 21.363, 22.422, 43.785, 2, 3, ' XXEXXXXBXEBXDXBBBXXXXXXXXXXBXXXXBXXCBBXXXXXEBXBXXXXXXEXXAXEXXAXXXXXXXBXBXXDXXXXXBXXXXXXXXXXAAXXXXXXA', 2, 14, 13),
(27304, 57, '012197', 26555, 26.44, 17.317, 43.757, 2, 3, ' AXBCXEABAXACXADBXXXABDXXBBBXEXXXXXXXEDXAXXAXXDEXBBXEXXXABBXDXXXXXXXXCBXXXXXAXXXBAEXXEXAXXXXXXXXXBXXD', 2, 17, 25),
(27305, 58, '040961', 26556, 26.452, 15.285, 41.737, 2, 3, ' AXXXXBDXDXXXXXXXBXXABXBBXXXXXXXXXAXEBXXXXDDXXXXXXXXXDXXXXXAXXXXEXBXXXXXXXXXXXXBXXXXDBXXXXXXBXBEXXXXX', 2, 13, 11),
(27306, 59, '043066', 26557, 25.427, 16.296, 41.723, 2, 3, ' AXXBBXXDXXDXBEXXXXBXBABBXXXDECXEBXXXXBXAXXXDXXEXXXBBDXXXAXXDDXDXXDXXXXXCXXXEXXCEXXBXXXXXXEXBXXBBEXXX', 2, 16, 23),
(27307, 60, '029599', 26558, 33.567, 8.148, 41.715, 2, 2, ' XXEBBBXXEXBECXDXBBXXXCBBBDXXXBBXXXXXXXXXXXXXXXCXXXXXXDXXBXXXXXXXXXXXXXAAEXXBXXXXXXXXXXXXBAAXXXXXXXXC', 2, 14, 15),
(27308, 61, '014175', 26559, 13.211, 24.464, 37.675, 2, 3, ' ECBXDADXBABBXXXBXXADEDDXXXDXXXBXXXXDCXDXXXXXXXXXXXXXXBBBXXXAXXAXXBXXXXXAXXXXCXXBBXXXXXXXXXXBXXXEXXXX', 2, 14, 19),
(27309, 62, '007556', 26560, 33.567, -0.01, 33.557, 2, 3, ' XXBXXXEBXXDEBXBBBEXDBBBXXXBXDEXXEXXXXXDXXXXXXXEXXDXXXBXXXXXXXXDXXXXXXXXXXBXXXXXXXAXXXXXXDXCXXXXXXXXX', 2, 12, 15),
(27310, 63, '042883', 26561, 11.185, 21.401, 32.586, 2, 3, ' XXEXXXXXBXXXDXXDCXBXXXXXBBXEXXXXXXXXXADXXXXXXABBXXCBXXBXBXAXXXXEXXXXEXXXXXXXBBXAXXXXXXXXXBCXCXXXCXXX', 2, 12, 16),
(27311, 64, '037578', 26562, 30.516, 2.012, 32.528, 2, 3, ' ABBXACBCXXBXXBBXBXAXXECXXXXBXXXXBAXXXAXCXAXBXCXXAXXXEEECBEBBDXCXXXXXXXDXXCXXXDXEXBEXDXXXXXXEXXXEXCXX', 2, 15, 28),
(27312, 65, '009389', 26563, 28.478, -0.02, 28.458, 2, 3, ' XBXXBXXAXXBXAXXBXXBDEBXCBDBEEBCXXBBXXXXXXXEXXXXEXXXXXBXXXXXXDXXXXXXDCXDACDXXCXXXAXXXXXXCXXXEXXXXDXBC', 2, 13, 24),
(27313, 66, '015812', 26564, 11.173, 14.264, 25.437, 2, 3, ' ECCBCBEEXXBDDBXXXXDAEXDEXXDBXXBBCXCXXXXXXXXBAXXXXXXCXXCXXXDXDXXXXXXXXXXXXXXXXCXXDXXXBXCBXXBXXXXXXXXX', 2, 12, 23),
(27314, 67, '028527', 26565, 10.142, 10.13, 20.272, 2, 3, ' AEBABADBADBCAAECECDADAABACEBACCBCDCEBEADCDEEEDBBCCBADABEBDEBABCEBCDADABEEDEDDEBCBBECDAADDDBCCACBECCB', 2, 24, 76),
(27315, 68, '042069', 26566, 6.084, 11.186, 17.27, 2, 3, ' XAXDBXXXCCBDXXEXXBBBDDEDCBCCXXXBAXXEXXCXXXDXXXXXXABXEAEXBBDXAXXEEBDXXEXAEXXXXBXDXXBBXAXCCAXCDXXDEBXX', 2, 14, 39),
(27316, 1, '053096', 26567, 81.394, 124.397, 205.791, 3, 1, ' ADBBBBABXABBBXXBBBBEXBBDXBBBBBXBBBBXBCBXXBBBBXECBXBCCAXBXBXXXXBEBBBBBBXBXXXBXXXBDBBXBEBBXXXXBBBXBXCX', 2, 54, 14),
(27317, 2, '045847', 26568, 88.515, 115.208, 203.723, 3, 1, ' EBBBBBBCBACCBBBBBBBABXBBBBBDXBCXADBBBEDXBBCBBCCBXBXBXXEAXXBXDBBXBCBXXBBDBBBXXEBBBBBABDDDBBXXEXBBBBXD', 2, 56, 24),
(27318, 3, '049686', 26569, 54.936, 117.255, 172.191, 3, 1, ' ABXXBBXBBABBXXBBBXXXBDADAEXBCBXDBXBBBBBXXXXBBBEXXBXBBBEBBXBXCEBBXBXBXBXXBEXXABBXEABBBBXBXABXDXAXAXBD', 2, 47, 19),
(27319, 4, '016445', 26570, 85.464, 76.46, 161.924, 3, 1, ' XBBBBBAXBABBCBBBXBBABXBCBDBBBBBXEDCAXBBXXXXDXBXXXXEBCXXABBXXDBXCEXXDBBXBBXBBBXBBXXBEEXXDEBBXCXXBBXXD', 2, 45, 21),
(27320, 5, '021679', 26571, 75.286, 79.533, 154.819, 3, 1, ' ACBBBXBBBXXBBBBBACEEBBBCXBBBBBXXXXEBXBXBEXXXBBXXXXXXXXAXXBXXXBXEBEBXBXBXBBXBBXXXBXXXXXBXXXBDBBXBXXXX', 2, 41, 12),
(27321, 6, '040466', 26572, 81.394, 63.212, 144.606, 3, 1, ' ABBXBBBBAXBBXBBBCBXABBBBBXABCBXXEDBXXXXEXXCXXBXXBXDBXXXBBBXBXXBXXBXBXBXXXXXXXDXXBBXCXXXXCXBXXDBEBXXD', 2, 39, 14),
(27322, 7, '029698', 26573, 54.936, 85.639, 140.575, 3, 1, ' XBBCEBBXDAXXDBXXBBBABBBXBXCCXBBXXXBXXXBXXEBBEEXXBXXABBXXCBXEXBXBBBBXEXBXEDEXCBBXDXBXXBBXBDBADABXXBBX', 2, 40, 22),
(27323, 8, '023223', 26574, 76.305, 64.228, 140.533, 3, 1, ' AXBBBBBBBACXCDXBCBBXXBBBBCBBBBEXBXXXDXXXBABBBBEXBXDBXXXBXXDXBBXBBXAXBXCCBXXXBDBXXDDXXEXXXXXXXBXXXXXD', 2, 39, 18),
(27324, 9, '049459', 26575, 62.063, 76.48, 138.543, 3, 1, ' ABBBXAXDBAEBXBXBXXBXBBBBXXXXBBXXXXDXXXXXBXXBXXXXXBBXXXXXBXXBXXBXXBXXXXXBXBBXBBBXXBXXXBXXXXXXBXXXBXXD', 2, 35, 4),
(27325, 10, '042091', 26576, 65.114, 70.354, 135.468, 3, 1, ' ABEXBBBXBXBBXXEXXBBABBBBDXBDXBABBXAXXBXBXXABBBXXXDXXXXXXBEBXBDXXXXXXXXXXBBXBXXXBXXXXXBXBBXXXXXBXXDXD', 2, 36, 11),
(27326, 11, '011831', 26577, 63.076, 66.28, 129.356, 3, 1, ' BBBBBBEXXXEBBBDXBBXXXDBBBBDBBBXCXXBBXBXXBXXXXXBXBBXXXXXXXXXXXXXXXXBXXXXBXXXBBBXXBXBXXXABXEBBXXXXXXXX', 2, 34, 9),
(27327, 12, '013836', 26578, 50.866, 77.491, 128.357, 3, 1, ' EBXBXBXBXAXXBBBXAXBACXBBBDCXBAXBBXXXXXXXXXXXBAXXAXBBBXXBXEXBXCXBXXBXXDBCXBBXXBXAXXXXBXBBBXXABXXXXBBX', 2, 35, 14),
(27328, 13, '031503', 26579, 60.031, 65.259, 125.29, 3, 1, ' AXDXBBBBBXXBXXXBBXXABXXBXXBBXBXXXXBXEXBXBXXBBXXXXXXXXXBXBXBXXBXXXXXXXXXBBBXXXBXXXXBBXXXXXXXBCXXXXCBE', 2, 32, 5),
(27329, 14, '049437', 26580, 48.834, 74.428, 123.262, 3, 1, ' ABXXXBBBBXBXBXDXBXXAEAXBXDBBXXXXBXXBXBBXXXBBXBXCXBXDBXBXBDXBXXECBBXXCXXDBBBXXXXXXCXXXXDXDXXABXXBXXBD', 2, 34, 15),
(27330, 15, '033438', 26581, 40.688, 81.56, 122.248, 3, 1, ' AXBXBBXEBEBBXBXXAACBXXBEBXEXBBABXXXXCDXXBXXBCCBEBBDXXXBBXXXBXXXXEBAXBCBDBCBBBXCAXBBXXBXBDXXXBCXBBXXD', 2, 36, 24),
(27331, 16, '020066', 26582, 65.114, 55.049, 120.163, 3, 1, ' AXCCEBXXBABXBBBAXXXABBXBBBBXBBBXAXXCXXXXXBXXCXBBXCEXXADXXEBBBXXXBBXBBXXXXBXCXXXCXXBCXXAEXBXXXBXBXDBX', 2, 34, 18),
(27332, 17, '011781', 26583, 63.076, 54.023, 117.099, 3, 1, ' AEBBEXXBBAXBBDAEBXBABBEBBXBXBXBXBXCBXXBXXDXAXAXDXBAXXBBXBXCBAXDBXXXCXXDAXAXBXXCEXXXBDXBXBBXXDBXBXCBC', 2, 35, 25),
(27333, 18, '005501', 26584, 60.025, 56.075, 116.1, 3, 1, ' AXBDDXBXBABXXXBBBBXABBBEBAXXEBBXBEXBXXBBXBBDXBXBCXXXEBXEXXXXXXXCXBXXXEXXXXXXXXXCDXXXXXXXBBBXXXXBBXXX', 2, 32, 14),
(27334, 19, '045131', 26585, 79.362, 34.669, 114.031, 3, 1, ' ABBXBBBXBXBBCXBABXXABBBXBBXBBBXXXXXXXXXXXXXXBXXBXXXXXXXXXBAXBXXXXXXXXXXXXBXXBXXXXXXXXBXXXBXBDXXXXXXX', 2, 29, 4),
(27335, 20, '025252', 26586, 38.65, 74.423, 113.073, 3, 1, ' XDXBXBDDEAABBEEBBEBXBXXBCXBBDXDXXAXBEXAAXXEXXBXXBBXXACBXBBXBBABBBXXXDXXBXXBXAXXBCBXBXXCBAXXBXXDBBBXX', 2, 34, 25),
(27336, 21, '049113', 26587, 47.815, 63.207, 111.022, 3, 1, ' AXXBBBXDAAXBBBBBXDXABXDXXXCXXBXBXBXDBCBXXBXXBAXEXBBAXCBXBEXXXXXXXBXEXXBXXXBBAXXDBXXBXXBXXAXXXAXDXBBE', 2, 32, 19),
(27337, 22, '015723', 26588, 61.044, 47.917, 108.961, 3, 1, ' ABBXCBCBBABXXBXXBXXAXXBBBXACBBBAXXXXBXCXDXBBXBBXXXXXXDXXXXXXXBXXXBXXXXXBXXXXXXXBXXEXXXXXDXBXXBCEBABX', 2, 30, 13),
(27338, 23, '010013', 26589, 72.241, 36.706, 108.947, 3, 3, ' AXXXBBXBXAXXXBABXBBAXBBBBBBBXBXXXXXXBXBXXXXXXXXXXXXXXXXXXXXXXXXXXXXXXDXXBABXXXXAXXXBXXXBBXXXBBXBAXXX', 2, 28, 5),
(27339, 24, '029817', 26590, 70.203, 37.727, 107.93, 3, 3, ' ABBXEXXXBABBBBXBXCBAXBXBXABBBBXXXXBXXBXBXXXXXXBXBBXXAXXXXBXXXXXBBXXXXCXXXXXXXXXXXXXXXXXXXXXBXXXEXXXX', 2, 28, 6),
(27340, 25, '019571', 26591, 75.292, 29.559, 104.851, 3, 3, ' XBXXBBXBXAXBBBBBBEBABBBXXCBBXBXBXBEBXBXBXXXXXXXXXXXXXXXXXXXXAXBXEXXXXEXXXXXXXXXXBEXEEXXDBXXXDBXCXCXD', 2, 29, 13),
(27341, 26, '046258', 26592, 63.076, 39.759, 102.835, 3, 3, ' EBBXBBBEBABAXEBBXBBXBXBEXBXBBDXBXXDXXXXXXXXBXAXXBBXBXDEBXBXXXXEXXBXEXXBXXXCXXBXXXXXXEXXXXDXXXBXBXXXX', 2, 29, 15),
(27342, 27, '050234', 26593, 45.771, 56.075, 101.846, 3, 3, ' BABBAXBXBXBBBBDDBCXADBDEBDCBBXDXXBXXEXBXBXXXABBBXXEXXXXXXXCXXXXXCBXXXXXXXXXXBXXXXEXBBBXXBXXBBXBXXEBC', 2, 30, 20),
(27343, 28, '026087', 26594, 53.911, 46.871, 100.782, 3, 3, ' EBBEBXACBCABEBEBBBDABBXXABBBEBDXXBBDDXDXXXBXCXBXBCECBXEBCDCXXXXBABCBEBBABACEBEXAXXEBXBXBXXCDAAECBBAA', 2, 35, 41),
(27344, 29, '038841', 26595, 78.343, 22.432, 100.775, 3, 3, ' XBBXXBBBBAEBABBBBBEXBXBBBBXBBXCXXXXXXXXXXXXXXXXXXXXXXXXBBXXXXXXCBXXXXXXXXXBXXXXXXXXXXXXXXXXXBXXXBXXX', 2, 26, 5),
(27345, 30, '043922', 26596, 68.165, 31.601, 99.766, 3, 3, ' ABAXABBABXCBBBBBXXEXXBBBBBBXBBXCXXXXXBXXXXXEXBAAXBBXXXEXXXXXXBXXXXXDXXBXAXXXXXXXEXXBXXXXBXXBXXXEXXBX', 2, 28, 14),
(27346, 31, '021754', 26597, 47.815, 50.98, 98.795, 3, 3, ' DBBBXXXXXAXXBBEBDCBXXBXBBBXBXCXXBBXCXXXXXXBXXXXXXXXEXXBXBBEXXAXXBBXXBXXXXXXXCXXXXXXXXBXXBXXXDXBBBXXX', 2, 27, 11),
(27347, 32, '040713', 26598, 38.65, 60.124, 98.774, 3, 3, ' EBXCBBBBXDBEXXCCEDBAXBXXCBDBXBCBXDXBEECEXADXBBAACBADCBADXDXEBBDBCBXXBBXBDXBBBEXEEEABBCABBAEXXXBBDABA', 2, 35, 43),
(27348, 33, '025614', 26599, 34.574, 63.197, 97.771, 3, 3, ' BABABAABEABCBBBXECXDEEXBBEBBXAXXXXBDCABCXXCBBBAXDXAEEXXBXAXXXCBEBXXABBBBDBEBBCXXXDCXXBBEXXBBAXBXXABX', 2, 33, 36),
(27349, 34, '001849', 26600, 45.783, 50.965, 96.748, 3, 3, ' ABXDXXDXBXXXXXBBXBXAXXCBBBBXXBCXXBXXXBAXBBDXEXXCCBDXXBDXXCAXXXBXXEXBXXXBXXXBDXDEBXXXEBXDXBBBXCBXAXBX', 2, 29, 21),
(27350, 35, '047643', 26601, 42.726, 53.012, 95.738, 3, 3, ' XBBXBEBBXXEBXBBXBXXADEBXXXABEXXXXXBXXXXEXXXBXAXEBBBXXCXXXXXECXBXBXBXXBXCXBXXXXXXBBXXXBBBDXABXXCXXXDE', 2, 28, 18),
(27351, 36, '043811', 26602, 53.923, 40.78, 94.703, 3, 3, ' XBBXXXXXCXBBBXEBXBBAXCXBBBXBXBXBXXXXXXXBXXXXXBXXBBBXXXXXXXXXXBXXXXXXBBDDXEXBXXXXXXXDXBXXXEXXXXCXCXAD', 2, 26, 11),
(27352, 37, '043708', 26603, 60.025, 34.659, 94.684, 3, 3, ' AXBXBEXXBABXCBBXBCBABXBBEBXXBDXXCXXXBDBXXXXXXXXXXAXXXXXXXXEXXXBBXBXXBXXEBEXXXXBXBBXDXCXEXBXXXXXXXXDX', 2, 27, 15),
(27353, 38, '015505', 26604, 63.076, 31.596, 94.672, 3, 3, ' XBCCCBXXBABXBBBXABBXBXBBCBABBBAXXDXXXXXXXXXXXBBDXCXXBDXAAXXXXEXXXXXBBXXAXXXXXBXACXXXXXBXXXXBDXXBBXBA', 2, 28, 19),
(27354, 39, '014447', 26605, 40.682, 51.966, 92.648, 3, 3, ' AEEEXXBBABEBXBBBCBBBAXAXBBCCBBXBBEXXBAXABXCEBXCCACBACDCACABXDABCXXDDCCACXBEBBXBBEXXXDEBCBEEBXBBXBBCD', 2, 34, 45),
(27355, 40, '046992', 26606, 50.866, 39.759, 90.625, 3, 3, ' AXBBCXBXBADXBXXBXBXABAXBXBDBDEXXXBXBXXXXXBXXXXBXBXXXDXXXEXAXBXXXXXXXBBCAXXXXDXBXXEBXXXXCXBXXBDXXXXXX', 2, 26, 15),
(27356, 41, '010258', 26607, 61.044, 29.564, 90.608, 3, 3, ' ACBBXBBXDABXXEBBBXCXXBXXXBBBBBXXXXXBXXXXEXXXCXXXXXXXXXXXXXXBXXXXBXXBXXXBBXXBBXXDCAXXBXXXAXXXXXXEXXXX', 2, 25, 11),
(27357, 42, '035089', 26608, 38.656, 50.965, 89.621, 3, 3, ' XXBXXECBXEDXBAXXXBBAXABXXXBBBBDDXBBCXXXDXXBBADEDXXXXEEXAXXXXABBBAXXBXBBXXCBAXXXXBXXXCDXXXBBXBBEXXXBX', 2, 28, 24),
(27358, 43, '039334', 26609, 35.605, 53.022, 88.627, 3, 3, ' DXEXDXXBXBXCBXXBBBBAXXBBXXXBXXCXXBBBXXXXXXXBXXBXXXXBXXXXBXXBXXXXXBABXXXBXXXBXXXXXXXXXXAAXXXXBXXBXXXX', 2, 24, 9),
(27359, 44, '044531', 26610, 54.942, 32.627, 87.569, 3, 2, ' AAXXXXBBBABBXXXBXXBABXBXXBBEXXXXXXXBXBXBXABXXXXXXXXXXXXDXXXXAXXXXXBXXXXBXXCBXXXXBXXXBXXXXXXXXXXXXXXX', 2, 23, 6),
(27360, 45, '022377', 26611, 50.866, 36.696, 87.562, 3, 3, ' ABXXXBBBDAEBBEXAXXXAXBBBBBXAEXXXXXXXBCXBXXXXDBDXXCBXXXXBXXXXXEXBXXEXXBXXXCEEEXXBXBXXXXXXXBXXXXAXBCXD', 2, 26, 18),
(27361, 46, '013496', 26612, 51.885, 34.649, 86.534, 3, 3, ' ABCBXEXBXAXBBAXXBAXXEBBXBBXXBBXXBXEXBXCXBBXABXCBXXXXXCXXBBCXXXBXBXCDXXXDXDXBXCCAXXXEBXCXXXEXXXEBDXXX', 2, 27, 23),
(27362, 47, '024959', 26613, 61.044, 25.485, 86.529, 3, 3, ' ABBBXBBBAXXBXEXBBBEABBEXXBXXXBBXXBXXBXXXXXXXXAXBXAXXACXXXBXXXXBXXXXXEXXDXXXXXXXXXXXCXXXXXXBXXXXXBXXX', 2, 24, 11),
(27363, 48, '005603', 26614, 35.587, 50.93, 86.517, 3, 3, ' DBDCECBBBCCBEBEBCBEAACEDEBBBBCCBEBBBAADEDBCEEDABECEABBABDBBAEBBDAEBBBDBCAAAEDBDEDBBEDDBDCBEECBEDBCDE', 2, 37, 63),
(27364, 49, '003814', 26615, 54.936, 30.57, 85.506, 3, 3, ' XXBDBBBBBXXXXDBBBXACBBAXXDBBBBADCXXAABXXXBBBBACXXEXBEXXXXXXBBXXXXXCXDXXBXXXXAXDCXXXXXAEEBXXXXXXXBCXD', 2, 27, 24),
(27365, 50, '025625', 26616, 50.866, 32.622, 83.488, 3, 3, ' AABXBXXBBXXXXBABBEBABBBXDXDBXAXBXXXXXXBXXBBXXXXBXXXXXXABXXXXXBXXAEXXAXXXXDXXXXXEXXXXXXBXBXXXDBEXXXXX', 2, 24, 14),
(27366, 51, '040709', 26617, 46.796, 35.69, 82.486, 3, 3, ' ABBBBBXXBXEXXXXDXXBACAABXDBBBXXXBXXXXXBXXXXXBXXXXXXXXBXXCXXXXXXXXXXXXXBXBXXXBBBXXXXXXXXXXXXXXXXXXXXX', 2, 22, 7),
(27367, 52, '034194', 26618, 50.866, 31.596, 82.462, 3, 3, ' ABXAXXAXDAXXBBBDBBCXDBBBXBXXBBXXEXXXXXXXXXBBXXBEAXAXXXBBXCCXXBXBXBXXXBDXXEXXXBXDDXXCXCXXXDXBXXXXXXXX', 2, 25, 19),
(27368, 53, '047466', 26619, 35.593, 45.85, 81.443, 3, 3, ' BDBCBBBBXCCBXBEXBBAAADXADEXABBDDBXDEADBBDCACDBXEBEXCXCCXBEXBDXAXXXXXXEBXCCADBXXBCBBXDBDEXBBBBBXEDBEX', 2, 31, 44),
(27369, 54, '036537', 26620, 47.815, 31.596, 79.411, 3, 3, ' EEBCXXXBXABBBBXXBXBAXXBXAXAXBBBXXXXBBXXXXXXXBBXXXEXADXXCXXAXXCXXBEXXBXXXEBXXXAXDXBXXXXDXXXBXXDXXCXBX', 2, 24, 18),
(27370, 55, '000207', 26621, 40.688, 36.686, 77.374, 3, 3, ' DXXBBXBBBAXABEAXBCCDXBXBBBXXCXDXXCXXBAEXBDXXXXABXDBBXXBBBXXXAXAXBXXXXXEBBXCCDXXXBEXAXXXXEDBCXXEXXXCD', 2, 26, 28),
(27371, 56, '050548', 26622, 47.809, 29.529, 77.338, 3, 3, ' XXBBABBBBABXBCBBBBXCDEBDDCXXEXEBEBABXBEADXDXCXACBCXCCXEXXXCDXDEDBEXXDBABXAXBAAXXBEDEEBEBXDCBBBACXBDX', 2, 30, 44),
(27372, 57, '044694', 26623, 38.656, 35.685, 74.341, 3, 3, ' EBXXXBXXAABBXXCDXBDXXBBBBDBXXXXXXXBXXXXXBXDXXXXXBBXBXXXDXCXXXXXXXBXXXXXXXAXBXBXXXXXXXXBXBXXXXXXDXXXX', 2, 21, 11),
(27373, 58, '037791', 26624, 46.796, 27.522, 74.318, 3, 3, ' ABAXBABBXAADBXCXXBBXBBXXAXBXXBXCBXXBXBCXBBXXXXXXXXXXXXXAXXXXXXXXEXXXABXXBAEXXXXBXXBXXXXXXXXXXXXEXXXB', 2, 22, 15),
(27374, 59, '053856', 26625, 61.038, 12.217, 73.255, 3, 3, ' AXXEXCBBADBXBBBBBDBABBBXBEBCBCXXXCXXXXXXXEXXXXXXDCXXAXBXXXBDXEXDXXXCBEXXBBXXXBBDXDXXXXCXXAXXXDXXXXXA', 2, 24, 24),
(27375, 60, '047563', 26626, 52.904, 19.374, 72.278, 3, 2, ' XXBBBXXBBAXBBBXXBDCBXXBBBCBXXXXXXBXXXXAXBXXXBXXXXXXXXXXXXXXXXXXXXBXXXXXXXXXXXXXXXXXXXXXXXBXXXXXXXXXX', 2, 19, 5),
(27376, 61, '025222', 26627, 29.497, 41.791, 71.288, 3, 3, ' BXBAXCBXBXXXXBDXXXEXBXBBBXEBCXBXAXEXXXXXXXBBXBXXXBDXXXDBDXAXCBXXXXDCAXBXBXXXBXXXXAXDBXABXCAXXBXXXXBX', 2, 23, 22),
(27377, 62, '022404', 26628, 46.796, 23.448, 70.244, 3, 3, ' XXXBBXXXBDXCBBXBBBBAACBXDBEXXBXXXXXXXXAXXBXXXAXBXXXXXXXXXXXXBXXXXCXXAXXBXCXXXBXXBXXXXXXXXXXBXXXXXXXX', 2, 20, 11),
(27378, 63, '003569', 26629, 33.567, 35.68, 69.247, 3, 3, ' ADBXBBXXDAXBABEAEXXXXXXBXXBAXBXXXXXXXDBXAXBXXBXBXXXDXXXXXBXXCXXXXXXXBXBCBXXDXXXCXBXBEXXXAXBXXXXXXXXX', 2, 21, 16),
(27379, 64, '027316', 26630, 46.796, 22.432, 69.228, 3, 3, ' EBXXXDBXAAXBBXXBBBBAXCBABXXBDXXXBXXXXXXXBXXBXXXXXXBXXXXXXXEXXXXXXXXXXXXXBXBXXCXXXXXXXXXXXXXXXXXXXXXX', 2, 19, 8),
(27380, 65, '035255', 26631, 38.656, 30.565, 69.221, 3, 3, ' ABXXXXBCXADEEBXEXXXABBBXCBXXBXXADXEXXXBAXXBXEXXAXBXDXXXXBXBXBXDCXXBXDAXECABBXXDCDXDXXXXDBBXEXAXBXXBE', 2, 24, 28),
(27381, 66, '039638', 26632, 28.478, 38.743, 67.221, 3, 3, ' EBBBXCCAXABEXXXAABXAXAXBXXXBXXBXXXXXXXXXEXXXBXXXXXXXBBXXXXXXBXXXAXAXXXXXCEXXXXXXBXXBXXXXXXXXXBXBBBCX', 2, 20, 14),
(27382, 67, '043413', 26633, 34.586, 31.591, 66.177, 3, 3, ' XBXXAXBXXCBCBCXBBBXXBBXXCXXXBDBXXXXBBACXBXXBDXXXCXXXXXXAEXDXXCCXXBXXXXBDXXBDXEBAXXXBXXXXADBEEXXXXXBX', 2, 22, 23);
INSERT INTO `examen_postulante` (`codExamenPostulante`, `orden`, `nroCarnet`, `codActor`, `puntajeAPT`, `puntajeCON`, `puntajeTotal`, `codCarrera`, `codCondicion`, `respuestasJSON`, `codExamen`, `nroCorrectas`, `nroIncorrectas`) VALUES
(27383, 68, '030388', 26634, 51.885, 14.239, 66.124, 3, 3, ' XXXBDBBBBAABBXXBXBEABABXXAXXBXBXEXAXXBECXXDAXEACCECBXXXXXBCAXXBXXXXEXAXEBXAXDBXXDAABXEXXBEDDEXBXDBDB', 2, 25, 35),
(27384, 69, '040479', 26635, 40.676, 25.43, 66.106, 3, 3, ' ABEDBBBEBDACECBECBBDBEABECBBEBBCCEADBBEBEEECEDBEBABBEEAADAEBBCBAAECCCADCEBDDBBDAEBCBDCEBBDDDDAEEAEBA', 2, 33, 67),
(27385, 70, '017421', 26636, 39.669, 25.48, 65.149, 3, 3, ' AXEXBBAXBXEXDAEXBABXBBEXCBXBBBXXXXXABXXXXXXXBXCXXXXXXBBXAXBXDXXXXXXXAXXBXCXXCXXBXXEXXEXXXXXXXXDDBXXD', 2, 21, 20),
(27386, 71, '051774', 26637, 26.446, 36.696, 63.142, 3, 3, ' AXBXXXXCXEBXXXXEBXBXXAXXDABBBXXBXXXEXBXECXXBXXXXXXAXDXXXXBEXXXXXXXXAXXXXXEBBBXDXDBXXXXXDXXXXCBBXXBBX', 2, 20, 18),
(27387, 72, '013721', 26638, 34.58, 28.538, 63.118, 3, 3, ' ABXBDEEXXXBBXXAABBEEABDXBXXBBEXXXXXXEBCXXXEXXXXAXXXXXAXXXBXBXAXXCXXBXBXXAXXABXXXBXXXBXXXDXXXXXXAXBAD', 2, 21, 22),
(27388, 73, '041686', 26639, 40.694, 21.391, 62.085, 3, 3, ' XXBXXXBXBABAXBCXCXXABXBBXXBAXXXXXXXXXDXXAXXXXBXCCXXXAXECCXXBXBXCBXCABXXXXXACXBXXXEBXDBXCXEXXXDXBEBXX', 2, 21, 23),
(27389, 74, '018946', 26640, 35.587, 26.456, 62.043, 3, 3, ' BAEBBCECADBEBBCCCBDADABBBBBCBCAEXEBDBAEBDDBABBBBXACAEABCBAAEADECADBBABDAACDAEDBACBXXEABAECXDDXABBCAC', 2, 31, 63),
(27390, 75, '006474', 26641, 40.694, 19.359, 60.053, 3, 3, ' XBBEABXXXXCXBXXXBBAAXBBXXXBXXBXXXXXXXXXXAXXXXXXDXCXBXXCBXEDXAXXCXBXXXXXEBXXXXXXEXXBXDCBXXXBBXXXEXXXX', 2, 19, 17),
(27391, 76, '046012', 26642, 39.669, 20.38, 60.049, 3, 3, ' ABXXXABXXAEBXBXBBBAACABBXDEDDXCBBBXXEXXAXXXXXDXDXXXDXXXXXXXABXXXXXAXXXXXXXXXBXEXXXBXXXXCXBXBEXXXXCXX', 2, 20, 21),
(27392, 77, '051051', 26643, 25.409, 34.619, 60.028, 3, 3, ' DBBBECEBDCDCCADBCEBDBCBBCDBCBAAECXAEXAECADBXCACBCBXBABBEABXXXECEBBABEBEBXXDABBEBCCDEABDACDBAAAEDCBBE', 2, 30, 61),
(27393, 78, '020784', 26644, 27.447, 31.566, 59.013, 3, 3, ' ACBBBCDBCAXEBEBAEDACDBBEXDBEDEDDCDXEBBCEXEBXDXDBXCDBAXAEBXABBCXDEDCDBCBCBBXDBDDXDCDXXBAXCXXBEEBBXEAB', 2, 28, 54),
(27394, 79, '011266', 26645, 45.771, 13.208, 58.979, 3, 3, ' BBBECBBXDBBBBEXBBBCDXBXBCDABXBEXABACXAXDXBDDDBEXBCXADEBABXDXBXEDACCXAXDDXCBDXEABBBCBECABDCEAEXXXDAXX', 2, 27, 50),
(27395, 80, '053294', 26646, 19.325, 38.743, 58.068, 3, 3, ' XBABXXXXDXDXXBXBBXEBXBXXXXXXXXBXBBBXXBXXXXXXEXBXXCAXBXAXXXXXXXXXXXXXXXXXBDXXXBXXBXCXXXXXXXXXXXXXXXXD', 2, 17, 11),
(27396, 81, '017382', 26647, 30.51, 27.527, 58.037, 3, 3, ' ADBABXBXXCBECBCXBXXBBBBXAXXXADXXXXXXXXXXXXXBBXXBXDXXXXXXXAXBXXXXXXXXXXXXAXAXXXXXEXXXXBBXXXXXBXBXXXXX', 2, 18, 15),
(27397, 82, '042355', 26504, 37.643, 20.38, 58.023, 3, 3, ' XBBBXXXXBXBXEXBAXEBXBXXXXBXBXXEXXBAXEBXXXDXAXXXBXXBXXXBXAEXXXEXXXXCBXXXXCXXDXXXBXXXXXXCXXXXBXXXXXXXX', 2, 18, 15),
(27398, 83, '028311', 26499, 40.688, 17.317, 58.005, 3, 3, ' DBDBBAXDXAXBXXXBXBBXBADBXCBBCXXAXBXBXDXAXXXXBDXEXXXXAXXXXXXXAXBXXXCXXXXXAXXXAXEBXBXXDXXXXXXCXBCXXBEX', 2, 20, 23);

-- --------------------------------------------------------

--
-- Estructura de tabla para la tabla `facultad`
--

CREATE TABLE `facultad` (
  `codFacultad` int(11) NOT NULL,
  `nombre` varchar(100) NOT NULL
) ENGINE=InnoDB DEFAULT CHARSET=utf8mb4;

--
-- Volcado de datos para la tabla `facultad`
--

INSERT INTO `facultad` (`codFacultad`, `nombre`) VALUES
(1, 'Facultad de Ciencias Biológicas'),
(2, 'Facultad de Farmacia y Bioquímica'),
(3, 'Facultad de Medicina'),
(4, 'Facultad de Estomatología'),
(5, 'Facultad de Enfermería'),
(6, 'Facultad de Ciencias Físicas y Matemáticas'),
(7, 'Facultad de Ingeniería'),
(8, 'Facultad de Ingeniería Química'),
(9, 'Facultad de Ciencias Sociales'),
(10, 'Facultad de Derecho y Ciencias Politicas'),
(11, 'Facultad de Ciencias Económicas');

-- --------------------------------------------------------

--
-- Estructura de tabla para la tabla `grupo_iguales`
--

CREATE TABLE `grupo_iguales` (
  `codGrupo` int(11) NOT NULL,
  `codAnalisis` int(11) NOT NULL,
  `puntajeAP` float NOT NULL,
  `puntajeCON` float NOT NULL,
  `puntajeTotal` float NOT NULL,
  `correctas` int(11) NOT NULL,
  `incorrectas` int(11) NOT NULL,
  `respuestasJSON` varchar(1000) NOT NULL,
  `vectorExamenPostulante` varchar(2000) NOT NULL
) ENGINE=InnoDB DEFAULT CHARSET=utf8mb4;

--
-- Volcado de datos para la tabla `grupo_iguales`
--

INSERT INTO `grupo_iguales` (`codGrupo`, `codAnalisis`, `puntajeAP`, `puntajeCON`, `puntajeTotal`, `correctas`, `incorrectas`, `respuestasJSON`, `vectorExamenPostulante`) VALUES
(250, 75, 37.637, 31.596, 69.233, 22, 20, ' ACBBXBXXXXEBXXXBBBDXBBABXCXCDXXXXEXXXXBXXBXXXEDEXABBBXXXXXXXXXCXXXXEXBAXXBXDXXXXXBXXAXXXXBXDXDBXAXBX', '27128,27129'),
(251, 75, 45.783, 69.333, 115.116, 31, 11, ' AXXBBXBXBDBXBXXXXBXABXBBXEXXAXXXAXXXBXXBXBBXXXBBBDCAEBXXXEXBEBXBXXBXXXXXXBXXXXXBXXXXXXXBBEXXXBXBBXXX', '27103,27104'),
(252, 76, 37.637, 31.596, 69.233, 22, 20, ' ACBBXBXXXXEBXXXBBBDXBBABXCXCDXXXXEXXXXBXXBXXXEDEXABBBXXXXXXXXXCXXXXEXBAXXBXDXXXXXBXXAXXXXBXDXDBXAXBX', '27279,27280'),
(253, 76, 45.783, 69.333, 115.116, 31, 11, ' AXXBBXBXBDBXBXXXXBXABXBBXEXXAXXXAXXXBXXBXBBXXXBBBDCAEBXXXEXBEBXBXXBXXXXXXBXXXXXBXXXXXXXBBEXXXBXBBXXX', '27254,27255');

-- --------------------------------------------------------

--
-- Estructura de tabla para la tabla `grupo_patron`
--

CREATE TABLE `grupo_patron` (
  `codGrupoPatron` int(11) NOT NULL,
  `codAnalisis` int(11) NOT NULL,
  `nroIncorrectas` int(11) NOT NULL,
  `nroCorrectas` int(11) NOT NULL,
  `puntajeAdquirido` float NOT NULL,
  `respuestasCoincidentesJSON` varchar(1000) NOT NULL,
  `vectorExamenPostulante` varchar(2000) NOT NULL
) ENGINE=InnoDB DEFAULT CHARSET=utf8mb4;

--
-- Volcado de datos para la tabla `grupo_patron`
--

INSERT INTO `grupo_patron` (`codGrupoPatron`, `codAnalisis`, `nroIncorrectas`, `nroCorrectas`, `puntajeAdquirido`, `respuestasCoincidentesJSON`, `vectorExamenPostulante`) VALUES
(641, 75, 11, 31, 115.116, '{\"1\":\"A\",\"4\":\"B\",\"5\":\"B\",\"7\":\"B\",\"9\":\"B\",\"10\":\"D\",\"11\":\"B\",\"13\":\"B\",\"18\":\"B\",\"20\":\"A\",\"21\":\"B\",\"23\":\"B\",\"24\":\"B\",\"26\":\"E\",\"29\":\"A\",\"33\":\"A\",\"37\":\"B\",\"40\":\"B\",\"42\":\"B\",\"43\":\"B\",\"47\":\"B\",\"48\":\"B\",\"49\":\"B\",\"50\":\"D\",\"51\":\"C\",\"52\":\"A\",\"53\":\"E\",\"54\":\"B\",\"58\":\"E\",\"60\":\"B\",\"61\":\"E\",\"62\":\"B\",\"64\":\"B\",\"67\":\"B\",\"74\":\"B\",\"80\":\"B\",\"88\":\"B\",\"89\":\"B\",\"90\":\"E\",\"94\":\"B\",\"96\":\"B\",\"97\":\"B\"}', '27103,27104'),
(642, 75, 1, 18, 72.311, '{\"3\":\"B\",\"5\":\"B\",\"6\":\"B\",\"9\":\"B\",\"10\":\"A\",\"14\":\"B\",\"17\":\"B\",\"18\":\"B\",\"20\":\"A\",\"23\":\"B\",\"45\":\"B\",\"47\":\"C\",\"65\":\"B\",\"70\":\"B\",\"71\":\"B\",\"82\":\"B\",\"89\":\"B\",\"90\":\"B\",\"97\":\"B\"}', '27113,27166'),
(643, 75, 0, 16, 65.165, '{\"3\":\"B\",\"4\":\"B\",\"6\":\"B\",\"9\":\"B\",\"10\":\"A\",\"12\":\"B\",\"18\":\"B\",\"19\":\"B\",\"20\":\"A\",\"25\":\"B\",\"28\":\"B\",\"30\":\"B\",\"72\":\"B\",\"80\":\"B\",\"96\":\"B\",\"97\":\"B\"}', '27115,27168'),
(644, 75, 1, 15, 60.083, '{\"1\":\"A\",\"3\":\"B\",\"5\":\"B\",\"8\":\"B\",\"10\":\"A\",\"11\":\"B\",\"26\":\"B\",\"27\":\"B\",\"28\":\"B\",\"37\":\"B\",\"42\":\"B\",\"58\":\"B\",\"85\":\"B\",\"88\":\"B\",\"94\":\"B\",\"99\":\"C\"}', '27121,27165'),
(645, 75, 20, 22, 69.233, '{\"1\":\"A\",\"2\":\"C\",\"3\":\"B\",\"4\":\"B\",\"6\":\"B\",\"11\":\"E\",\"12\":\"B\",\"16\":\"B\",\"17\":\"B\",\"18\":\"B\",\"19\":\"D\",\"21\":\"B\",\"22\":\"B\",\"23\":\"A\",\"24\":\"B\",\"26\":\"C\",\"28\":\"C\",\"29\":\"D\",\"34\":\"E\",\"39\":\"B\",\"42\":\"B\",\"46\":\"E\",\"47\":\"D\",\"48\":\"E\",\"50\":\"A\",\"51\":\"B\",\"52\":\"B\",\"53\":\"B\",\"63\":\"C\",\"68\":\"E\",\"70\":\"B\",\"71\":\"A\",\"74\":\"B\",\"76\":\"D\",\"82\":\"B\",\"85\":\"A\",\"90\":\"B\",\"92\":\"D\",\"94\":\"D\",\"95\":\"B\",\"97\":\"A\",\"99\":\"B\"}', '27128,27129'),
(646, 75, 1, 12, 47.882, '{\"5\":\"B\",\"6\":\"B\",\"8\":\"B\",\"19\":\"B\",\"20\":\"A\",\"45\":\"B\",\"46\":\"B\",\"72\":\"B\",\"75\":\"B\",\"76\":\"B\",\"81\":\"E\",\"84\":\"B\",\"89\":\"B\"}', '27131,27196'),
(647, 75, 4, 9, 32.575, '{\"2\":\"B\",\"4\":\"B\",\"16\":\"B\",\"22\":\"C\",\"23\":\"B\",\"24\":\"B\",\"29\":\"B\",\"30\":\"A\",\"62\":\"E\",\"65\":\"B\",\"69\":\"E\",\"70\":\"B\",\"98\":\"B\"}', '27146,27241'),
(648, 76, 11, 31, 6140, '{\"1\":\"A\",\"4\":\"B\",\"5\":\"B\",\"7\":\"B\",\"9\":\"B\",\"10\":\"D\",\"11\":\"B\",\"13\":\"B\",\"18\":\"B\",\"20\":\"A\",\"21\":\"B\",\"23\":\"B\",\"24\":\"B\",\"26\":\"E\",\"29\":\"A\",\"33\":\"A\",\"37\":\"B\",\"40\":\"B\",\"42\":\"B\",\"43\":\"B\",\"47\":\"B\",\"48\":\"B\",\"49\":\"B\",\"50\":\"D\",\"51\":\"C\",\"52\":\"A\",\"53\":\"E\",\"54\":\"B\",\"58\":\"E\",\"60\":\"B\",\"61\":\"E\",\"62\":\"B\",\"64\":\"B\",\"67\":\"B\",\"74\":\"B\",\"80\":\"B\",\"88\":\"B\",\"89\":\"B\",\"90\":\"E\",\"94\":\"B\",\"96\":\"B\",\"97\":\"B\"}', '27254,27255'),
(649, 76, 1, 18, 3261, '{\"3\":\"B\",\"5\":\"B\",\"6\":\"B\",\"9\":\"B\",\"10\":\"A\",\"14\":\"B\",\"17\":\"B\",\"18\":\"B\",\"20\":\"A\",\"23\":\"B\",\"45\":\"B\",\"47\":\"C\",\"65\":\"B\",\"70\":\"B\",\"71\":\"B\",\"82\":\"B\",\"89\":\"B\",\"90\":\"B\",\"97\":\"B\"}', '27264,27317'),
(650, 76, 0, 16, 2747, '{\"3\":\"B\",\"4\":\"B\",\"6\":\"B\",\"9\":\"B\",\"10\":\"A\",\"12\":\"B\",\"18\":\"B\",\"19\":\"B\",\"20\":\"A\",\"25\":\"B\",\"28\":\"B\",\"30\":\"B\",\"72\":\"B\",\"80\":\"B\",\"96\":\"B\",\"97\":\"B\"}', '27266,27319'),
(651, 76, 1, 15, 2679, '{\"1\":\"A\",\"3\":\"B\",\"5\":\"B\",\"8\":\"B\",\"10\":\"A\",\"11\":\"B\",\"26\":\"B\",\"27\":\"B\",\"28\":\"B\",\"37\":\"B\",\"42\":\"B\",\"58\":\"B\",\"85\":\"B\",\"88\":\"B\",\"94\":\"B\",\"99\":\"C\"}', '27272,27316'),
(652, 76, 20, 22, 4457, '{\"1\":\"A\",\"2\":\"C\",\"3\":\"B\",\"4\":\"B\",\"6\":\"B\",\"11\":\"E\",\"12\":\"B\",\"16\":\"B\",\"17\":\"B\",\"18\":\"B\",\"19\":\"D\",\"21\":\"B\",\"22\":\"B\",\"23\":\"A\",\"24\":\"B\",\"26\":\"C\",\"28\":\"C\",\"29\":\"D\",\"34\":\"E\",\"39\":\"B\",\"42\":\"B\",\"46\":\"E\",\"47\":\"D\",\"48\":\"E\",\"50\":\"A\",\"51\":\"B\",\"52\":\"B\",\"53\":\"B\",\"63\":\"C\",\"68\":\"E\",\"70\":\"B\",\"71\":\"A\",\"74\":\"B\",\"76\":\"D\",\"82\":\"B\",\"85\":\"A\",\"90\":\"B\",\"92\":\"D\",\"94\":\"D\",\"95\":\"B\",\"97\":\"A\",\"99\":\"B\"}', '27279,27280'),
(653, 76, 1, 12, 2286, '{\"5\":\"B\",\"6\":\"B\",\"8\":\"B\",\"19\":\"B\",\"20\":\"A\",\"45\":\"B\",\"46\":\"B\",\"72\":\"B\",\"75\":\"B\",\"76\":\"B\",\"81\":\"E\",\"84\":\"B\",\"89\":\"B\"}', '27282,27347'),
(654, 76, 4, 9, 1641, '{\"2\":\"B\",\"4\":\"B\",\"16\":\"B\",\"22\":\"C\",\"23\":\"B\",\"24\":\"B\",\"29\":\"B\",\"30\":\"A\",\"62\":\"E\",\"65\":\"B\",\"69\":\"E\",\"70\":\"B\",\"98\":\"B\"}', '27297,27392');

-- --------------------------------------------------------

--
-- Estructura de tabla para la tabla `modalidad`
--

CREATE TABLE `modalidad` (
  `codModalidad` int(11) NOT NULL,
  `nombre` varchar(200) NOT NULL
) ENGINE=InnoDB DEFAULT CHARSET=utf8mb4;

--
-- Volcado de datos para la tabla `modalidad`
--

INSERT INTO `modalidad` (`codModalidad`, `nombre`) VALUES
(1, 'Ordinario'),
(2, 'Cepunt');

-- --------------------------------------------------------

--
-- Estructura de tabla para la tabla `parametros`
--

CREATE TABLE `parametros` (
  `codParametro` int(11) NOT NULL,
  `campo` varchar(100) NOT NULL,
  `valor` varchar(200) NOT NULL
) ENGINE=InnoDB DEFAULT CHARSET=utf8mb4;

--
-- Volcado de datos para la tabla `parametros`
--

INSERT INTO `parametros` (`codParametro`, `campo`, `valor`) VALUES
(1, 'tasaToleranciaSubida', '0.8');

-- --------------------------------------------------------

--
-- Estructura de tabla para la tabla `postulantes_elevados`
--

CREATE TABLE `postulantes_elevados` (
  `codPostulanteElevado` int(11) NOT NULL,
  `porcentajeElevacion` char(18) NOT NULL,
  `puntajeDiferencia` float NOT NULL,
  `codExamenPostulanteAnterior` int(11) NOT NULL,
  `codAnalisis` int(11) NOT NULL,
  `codExamenPostulante` int(11) NOT NULL
) ENGINE=InnoDB DEFAULT CHARSET=utf8mb4;

--
-- Volcado de datos para la tabla `postulantes_elevados`
--

INSERT INTO `postulantes_elevados` (`codPostulanteElevado`, `porcentajeElevacion`, `puntajeDiferencia`, `codExamenPostulanteAnterior`, `codAnalisis`, `codExamenPostulante`) VALUES
(5, '1.9683647961383', 114.175, 27247, 76, 27248),
(6, '1.0007238508867', 58.065, 27246, 76, 27253);

-- --------------------------------------------------------

--
-- Estructura de tabla para la tabla `pregunta`
--

CREATE TABLE `pregunta` (
  `codPregunta` int(11) NOT NULL,
  `nroPregunta` int(11) NOT NULL,
  `enunciado` varchar(200) NOT NULL,
  `codExamen` int(11) NOT NULL,
  `respuestaCorrecta` char(1) NOT NULL
) ENGINE=InnoDB DEFAULT CHARSET=utf8mb4;

--
-- Volcado de datos para la tabla `pregunta`
--

INSERT INTO `pregunta` (`codPregunta`, `nroPregunta`, `enunciado`, `codExamen`, `respuestaCorrecta`) VALUES
(3875, 1, 'ABC', 1, 'A'),
(3876, 2, 'ESTA ES LA PREGUNTA 2', 1, 'B'),
(3877, 3, 'ASD KADSK K AKS A3 3', 1, 'B'),
(3878, 4, 'ASKD KSA KDSA KK SAD4A', 1, 'B'),
(3879, 5, 'AASAS DDSA KSA KDSA KKSA KD AKDSKA KD A3 SAD LASL SALDSA LDSLA LDS ALD SAD', 1, 'B'),
(3880, 6, 'AASAS DDSA KSA KDSA KKSA KD AKDSKA KD A3 SAD LASL SALDSA LDSLA LDS ALD SAD', 1, 'B'),
(3881, 7, 'AASAS DDSA KSA KDSA KKSA KD AKDSKA KD A3 SAD LASL SALDSA LDSLA LDS ALD SAD', 1, 'B'),
(3882, 8, 'AASAS DDSA KSA KDSA KKSA KD AKDSKA KD A3 SAD LASL SALDSA LDSLA LDS ALD SAD', 1, 'B'),
(3883, 9, 'AASAS DDSA KSA KDSA KKSA KD AKDSKA KD A3 SAD LASL SALDSA LDSLA LDS ALD SAD', 1, 'B'),
(3884, 10, 'AASAS DDSA KSA KDSA KKSA KD AKDSKA KD A3 SAD LASL SALDSA LDSLA LDS ALD SAD', 1, 'A'),
(3885, 11, 'AASAS DDSA KSA KDSA KKSA KD AKDSKA KD A3 SAD LASL SALDSA LDSLA LDS ALD SAD', 1, 'B'),
(3886, 12, 'AASAS DDSA KSA KDSA KKSA KD AKDSKA KD A3 SAD LASL SALDSA LDSLA LDS ALD SAD', 1, 'B'),
(3887, 13, 'AASAS DDSA KSA KDSA KKSA KD AKDSKA KD A3 SAD LASL SALDSA LDSLA LDS ALD SAD', 1, 'B'),
(3888, 14, 'AASAS DDSA KSA KDSA KKSA KD AKDSKA KD A3 SAD LASL SALDSA LDSLA LDS ALD SAD', 1, 'B'),
(3889, 15, 'AASAS DDSA KSA KDSA KKSA KD AKDSKA KD A3 SAD LASL SALDSA LDSLA LDS ALD SAD', 1, 'B'),
(3890, 16, 'AASAS DDSA KSA KDSA KKSA KD AKDSKA KD A3 SAD LASL SALDSA LDSLA LDS ALD SAD', 1, 'B'),
(3891, 17, 'AASAS DDSA KSA KDSA KKSA KD AKDSKA KD A3 SAD LASL SALDSA LDSLA 17', 1, 'B'),
(3892, 18, 'AASAS DDSA KSA KDSA KKSA KD AKDSKA KD A3 SAD LASL SALDSA LDSLA LDS ALD SAD', 1, 'B'),
(3893, 19, 'AASAS DDSA KSA KDSA KKSA KD AKDSKA KD A3 SAD LASL SALDSA LDSLA LDS ALD SAD', 1, 'B'),
(3894, 20, 'AASAS DDSA KSA KDSA KKSA KD AKDSKA KD A3 SAD LASL SALDSA LDSLA LDS ALD SAD', 1, 'A'),
(3895, 21, 'AASAS DDSA KSA KDSA KKSA KD AKDSKA KD A3 SAD LASL SALDSA LDSLA LDS ALD SAD', 1, 'B'),
(3896, 22, 'AASAS DDSA KSA KDSA KKSA KD AKDSKA KD A3 SAD LASL SALDSA LDSLA LDS ALD SAD', 1, 'B'),
(3897, 23, 'AASAS DDSA KSA KDSA KKSA KD AKDSKA KD A3 SAD LASL SALDSA LDSLA LDS ALD SAD', 1, 'B'),
(3898, 24, 'AASAS DDSA KSA KDSA KKSA KD AKDSKA KD A3 SAD LASL SALDSA LDSLA LDS ALD SAD', 1, 'B'),
(3899, 25, 'AASAS DDSA KSA KDSA KKSA KD AKDSKA KD A3 SAD LASL SALDSA LDSLA LDS ALD SAD', 1, 'B'),
(3900, 26, 'AASAS DDSA KSA KDSA KKSA KD AKDSKA KD A3 SAD LASL SALDSA LDSLA LDS ALD SAD', 1, 'B'),
(3901, 27, 'AASAS DDSA KSA KDSA KKSA KD AKDSKA KD A3 SAD LASL SALDSA LDSLA LDS ALD SAD', 1, 'B'),
(3902, 28, 'AASAS DDSA KSA KDSA KKSA KD AKDSKA KD A3 SAD LASL SALDSA LDSLA LDS ALD SAD', 1, 'B'),
(3903, 29, 'AASAS DDSA KSA KDSA KKSA KD AKDSKA KD A3 SAD LASL SALDSA LDSLA LDS ALD SAD', 1, 'B'),
(3904, 30, 'AASAS DDSA KSA KDSA KKSA KD AKDSKA KD A3 SAD LASL SALDSA LDSLA LDS ALD SAD', 1, 'B'),
(3905, 31, 'AASAS DDSA KSA KDSA KKSA KD AKDSKA KD A3 SAD LASL SALDSA LDSLA LDS ALD SAD', 1, 'B'),
(3906, 32, 'AASAS DDSA KSA KDSA KKSA KD AKDSKA KD A3 SAD LASL SALDSA LDSLA 32', 1, 'B'),
(3907, 33, 'AASAS DDSA KSA KDSA KKSA KD AKDSKA KD A3 SAD LASL SALDSA LDSLA LDS ALD SAD', 1, 'B'),
(3908, 34, 'AASAS DDSA KSA KDSA KKSA KD AKDSKA KD A3 SAD LASL SALDSA LDSLA LDS ALD SAD', 1, 'B'),
(3909, 35, 'AASAS DDSA KSA KDSA KKSA KD AKDSKA KD A3 SAD LASL SALDSA LDSLA LDS ALD SAD', 1, 'B'),
(3910, 36, 'AASAS DDSA KSA KDSA KKSA KD AKDSKA KD A3 SAD LASL SALDSA LDSLA LDS ALD SAD', 1, 'B'),
(3911, 37, 'AASAS DDSA KSA KDSA KKSA KD AKDSKA KD A3 SAD LASL SALDSA LDSLA LDS ALD SAD', 1, 'B'),
(3912, 38, 'AASAS DDSA KSA KDSA KKSA KD AKDSKA KD A3 SAD LASL SALDSA LDSLA LDS ALD SAD', 1, 'B'),
(3913, 39, 'AASAS DDSA KSA KDSA KKSA KD AKDSKA KD A3 SAD LASL SALDSA LDSLA LDS ALD SAD', 1, 'B'),
(3914, 40, 'AASAS DDSA KSA KDSA KKSA KD AKDSKA KD A3 SAD LASL SALDSA LDSLA LDS ALD SAD', 1, 'B'),
(3915, 41, 'AASAS DDSA KSA KDSA KKSA KD AKDSKA KD A3 SAD LASL SALDSA LDSLA LDS ALD SAD', 1, 'B'),
(3916, 42, 'AASAS DDSA KSA KDSA KKSA KD AKDSKA KD A3 SAD LASL SALDSA LDSLA LDS ALD SAD', 1, 'B'),
(3917, 43, 'AASAS DDSA KSA KDSA KKSA KD AKDSKA KD A3 SAD LASL SALDSA LDSLA LDS ALD SAD', 1, 'B'),
(3918, 44, 'AASAS DDSA KSA KDSA KKSA KD AKDSKA KD A3 SAD LASL SALDSA LDSLA LDS ALD SAD', 1, 'B'),
(3919, 45, 'AASAS DDSA KSA KDSA KKSA KD AKDSKA KD A3 SAD LASL SALDSA LDSLA LDS ALD SAD', 1, 'B'),
(3920, 46, 'AASAS DDSA KSA KDSA KKSA KD AKDSKA KD A3 SAD LASL SALDSA LDSLA LDS ALD SAD', 1, 'B'),
(3921, 47, 'AASAS DDSA KSA KDSA KKSA KD AKDSKA KD A3 SAD LASL SALDSA LDSLA LDS ALD SAD', 1, 'B'),
(3922, 48, 'AASAS DDSA KSA KDSA KKSA KD AKDSKA KD A3 SAD LASL SALDSA LDSLA LDS ALD SAD', 1, 'B'),
(3923, 49, 'AASAS DDSA KSA KDSA KKSA KD AKDSKA KD A3 SAD LASL SALDSA LDSLA LDS ALD SAD', 1, 'B'),
(3924, 50, 'AASAS DDSA KSA KDSA KKSA KD AKDSKA KD A3 SAD LASL SALDSA LDSLA LDS ALD SAD', 1, 'B'),
(3925, 51, 'AASAS DDSA KSA KDSA KKSA KD AKDSKA KD A3 SAD LASL SALDSA LDSLA LDS ALD SAD', 1, 'B'),
(3926, 52, 'AASAS DDSA KSA KDSA KKSA KD AKDSKA KD A3 SAD LASL SALDSA LDSLA LDS ALD SAD', 1, 'B'),
(3927, 53, 'AASAS DDSA KSA KDSA KKSA KD AKDSKA KD A3 SAD LASL SALDSA LDSLA LDS ALD SAD', 1, 'B'),
(3928, 54, 'AASAS DDSA KSA KDSA KKSA KD AKDSKA KD A3 SAD LASL SALDSA LDSLA LDS ALD SAD', 1, 'B'),
(3929, 55, 'AASAS DDSA KSA KDSA KKSA KD AKDSKA KD A3 SAD LASL SALDSA LDSLA LDS ALD SAD', 1, 'B'),
(3930, 56, 'AASAS DDSA KSA KDSA KKSA KD AKDSKA KD A3 SAD LASL SALDSA LDSLA LDS ALD SAD', 1, 'B'),
(3931, 57, 'AASAS DDSA KSA KDSA KKSA KD AKDSKA KD A3 SAD LASL SALDSA LDSLA LDS ALD SAD', 1, 'B'),
(3932, 58, 'AASAS DDSA KSA KDSA KKSA KD AKDSKA KD A3 SAD LASL SALDSA LDSLA 58', 1, 'B'),
(3933, 59, 'AASAS DDSA KSA KDSA KKSA KD AKDSKA KD A3 SAD LASL SALDSA LDSLA LDS ALD SAD', 1, 'B'),
(3934, 60, 'AASAS DDSA KSA KDSA KKSA KD AKDSKA KD A3 SAD LASL SALDSA LDSLA LDS ALD SAD', 1, 'B'),
(3935, 61, 'AASAS DDSA KSA KDSA KKSA KD AKDSKA KD A3 SAD LASL SALDSA LDSLA LDS ALD SAD', 1, 'B'),
(3936, 62, 'AASAS DDSA KSA KDSA KKSA KD AKDSKA KD A3 SAD LASL SALDSA LDSLA LDS ALD SAD', 1, 'B'),
(3937, 63, 'AASAS DDSA KSA KDSA KKSA KD AKDSKA KD A3 SAD LASL SALDSA LDSLA LDS ALD SAD', 1, 'B'),
(3938, 64, 'AASAS DDSA KSA KDSA KKSA KD AKDSKA KD A3 SAD LASL SALDSA LDSLA LDS ALD SAD', 1, 'B'),
(3939, 65, 'AASAS DDSA KSA KDSA KKSA KD AKDSKA KD A3 SAD LASL SALDSA LDSLA LDS ALD SAD', 1, 'B'),
(3940, 66, 'AASAS DDSA KSA KDSA KKSA KD AKDSKA KD A3 SAD LASL SALDSA LDSLA LDS ALD SAD', 1, 'B'),
(3941, 67, 'AASAS DDSA KSA KDSA KKSA KD AKDSKA KD A3 SAD LASL SALDSA LDSLA LDS ALD SAD', 1, 'B'),
(3942, 68, 'AASAS DDSA KSA KDSA KKSA KD AKDSKA KD A3 SAD LASL SALDSA LDSLA LDS ALD SAD', 1, 'B'),
(3943, 69, 'AASAS DDSA KSA KDSA KKSA KD AKDSKA KD A3 SAD LASL SALDSA LDSLA LDS ALD SAD', 1, 'B'),
(3944, 70, 'AASAS DDSA KSA KDSA KKSA KD AKDSKA KD A3 SAD LASL SALDSA LDSLA LDS ALD SAD', 1, 'B'),
(3945, 71, 'AASAS DDSA KSA KDSA KKSA KD AKDSKA KD A3 SAD LASL SALDSA LDSLA LDS ALD SAD', 1, 'B'),
(3946, 72, 'AASAS DDSA KSA KDSA KKSA KD AKDSKA KD A3 SAD LASL SALDSA LDSLA LDS ALD SAD', 1, 'B'),
(3947, 73, 'AASAS DDSA KSA KDSA KKSA KD AKDSKA KD A3 SAD LASL SALDSA LDSLA LDS ALD SAD', 1, 'B'),
(3948, 74, 'AASAS DDSA KSA KDSA KKSA KD AKDSKA KD A3 SAD LASL SALDSA LDSLA LDS ALD SAD', 1, 'B'),
(3949, 75, 'AASAS DDSA KSA KDSA KKSA KD AKDSKA KD A3 SAD LASL SALDSA LDSLA LDS ALD SAD', 1, 'B'),
(3950, 76, 'AASAS DDSA KSA KDSA KKSA KD AKDSKA KD A3 SAD LASL SALDSA LDSLA LDS ALD SAD', 1, 'B'),
(3951, 77, 'AASAS DDSA KSA KDSA KKSA KD AKDSKA KD A3 SAD LASL SALDSA LDSLA LDS ALD SAD', 1, 'B'),
(3952, 78, 'AASAS DDSA KSA KDSA KKSA KD AKDSKA KD A3 SAD LASL SALDSA LDSLA LDS ALD SAD', 1, 'B'),
(3953, 79, 'AASAS DDSA KSA KDSA KKSA KD AKDSKA KD A3 SAD LASL SALDSA LDSLA LDS ALD SAD', 1, 'B'),
(3954, 80, 'AASAS DDSA KSA KDSA KKSA KD AKDSKA KD A3 SAD LASL SALDSA LDSLA LDS ALD SAD', 1, 'B'),
(3955, 81, 'AASAS DDSA KSA KDSA KKSA KD AKDSKA KD A3 SAD LASL SALDSA LDSLA LDS ALD SAD', 1, 'B'),
(3956, 82, 'AASAS DDSA KSA KDSA KKSA KD AKDSKA KD A3 SAD LASL SALDSA LDSLA LDS ALD SAD', 1, 'B'),
(3957, 83, 'AASAS DDSA KSA KDSA KKSA KD AKDSKA KD A3 SAD LASL SALDSA LDSLA LDS ALD SAD', 1, 'B'),
(3958, 84, 'AASAS DDSA KSA KDSA KKSA KD AKDSKA KD A3 SAD LASL SALDSA LDSLA LDS ALD SAD', 1, 'B'),
(3959, 85, 'AASAS DDSA KSA KDSA KKSA KD AKDSKA KD A3 SAD LASL SALDSA LDSLA LDS ALD SAD', 1, 'B'),
(3960, 86, 'AASAS DDSA KSA KDSA KKSA KD AKDSKA KD A3 SAD LASL SALDSA LDSLA LDS ALD SAD', 1, 'B'),
(3961, 87, 'AASAS DDSA KSA KDSA KKSA KD AKDSKA KD A3 SAD LASL SALDSA LDSLA LDS ALD SAD', 1, 'B'),
(3962, 88, 'AASAS DDSA KSA KDSA KKSA KD AKDSKA KD A3 SAD LASL SALDSA LDSLA LDS ALD SAD', 1, 'B'),
(3963, 89, 'AASAS DDSA KSA KDSA KKSA KD AKDSKA KD A3 SAD LASL SALDSA LDSLA LDS ALD SAD', 1, 'B'),
(3964, 90, 'AASAS DDSA KSA KDSA KKSA KD AKDSKA KD A3 SAD LASL SALDSA LDSLA LDS ALD SAD', 1, 'B'),
(3965, 91, 'AASAS DDSA KSA KDSA KKSA KD AKDSKA KD A3 SAD LASL SALDSA LDSLA LDS ALD SAD', 1, 'B'),
(3966, 92, 'AASAS DDSA KSA KDSA KKSA KD AKDSKA KD A3 SAD LASL SALDSA LDSLA LDS ALD SAD', 1, 'B'),
(3967, 93, 'AASAS DDSA KSA KDSA KKSA KD AKDSKA KD A3 SAD LASL SALDSA LDSLA LDS ALD SAD', 1, 'B'),
(3968, 94, 'AASAS DDSA KSA KDSA KKSA KD AKDSKA KD A3 SAD LASL SALDSA LDSLA LDS ALD SAD', 1, 'B'),
(3969, 95, 'AASAS DDSA KSA KDSA KKSA KD AKDSKA KD A3 SAD LASL SALDSA LDSLA LDS ALD SAD', 1, 'B'),
(3970, 96, 'AASAS DDSA KSA KDSA KKSA KD AKDSKA KD A3 SAD LASL SALDSA LDSLA LDS ALD SAD', 1, 'B'),
(3971, 97, 'AASAS DDSA KSA KDSA KKSA KD AKDSKA KD A3 SAD LASL SALDSA LDSLA LDS ALD SAD', 1, 'B'),
(3972, 98, 'AASAS DDSA KSA KDSA KKSA KD AKDSKA KD A3 SAD LASL SALDSA LDSLA LDS ALD SAD', 1, 'B'),
(3973, 99, 'AASAS DDSA KSA KDSA KKSA KD AKDSKA KD A3 SAD LASL SALDSA LDSLA LDS ALD SAD', 1, 'B'),
(3974, 100, 'AASAS DDSA KSA KDSA KKSA KD AKDSKA KD A3 SAD LASL SALDSA LD100', 1, 'D'),
(3975, 1, 'ABC', 2, 'A'),
(3976, 2, 'ESTA ES LA PREGUNTA 2', 2, 'B'),
(3977, 3, 'ASD KADSK K AKS A3 3', 2, 'B'),
(3978, 4, 'ASKD KSA KDSA KK SAD4A', 2, 'B'),
(3979, 5, 'AASAS DDSA KSA KDSA KKSA KD AKDSKA KD A3 SAD LASL SALDSA LDSLA LDS ALD SAD', 2, 'B'),
(3980, 6, 'AASAS DDSA KSA KDSA KKSA KD AKDSKA KD A3 SAD LASL SALDSA LDSLA LDS ALD SAD', 2, 'B'),
(3981, 7, 'AASAS DDSA KSA KDSA KKSA KD AKDSKA KD A3 SAD LASL SALDSA LDSLA LDS ALD SAD', 2, 'B'),
(3982, 8, 'AASAS DDSA KSA KDSA KKSA KD AKDSKA KD A3 SAD LASL SALDSA LDSLA LDS ALD SAD', 2, 'B'),
(3983, 9, 'AASAS DDSA KSA KDSA KKSA KD AKDSKA KD A3 SAD LASL SALDSA LDSLA LDS ALD SAD', 2, 'B'),
(3984, 10, 'AASAS DDSA KSA KDSA KKSA KD AKDSKA KD A3 SAD LASL SALDSA LDSLA LDS ALD SAD', 2, 'A'),
(3985, 11, 'AASAS DDSA KSA KDSA KKSA KD AKDSKA KD A3 SAD LASL SALDSA LDSLA LDS ALD SAD', 2, 'B'),
(3986, 12, 'AASAS DDSA KSA KDSA KKSA KD AKDSKA KD A3 SAD LASL SALDSA LDSLA LDS ALD SAD', 2, 'B'),
(3987, 13, 'AASAS DDSA KSA KDSA KKSA KD AKDSKA KD A3 SAD LASL SALDSA LDSLA LDS ALD SAD', 2, 'B'),
(3988, 14, 'AASAS DDSA KSA KDSA KKSA KD AKDSKA KD A3 SAD LASL SALDSA LDSLA LDS ALD SAD', 2, 'B'),
(3989, 15, 'AASAS DDSA KSA KDSA KKSA KD AKDSKA KD A3 SAD LASL SALDSA LDSLA LDS ALD SAD', 2, 'B'),
(3990, 16, 'AASAS DDSA KSA KDSA KKSA KD AKDSKA KD A3 SAD LASL SALDSA LDSLA LDS ALD SAD', 2, 'B'),
(3991, 17, 'AASAS DDSA KSA KDSA KKSA KD AKDSKA KD A3 SAD LASL SALDSA LDSLA 17', 2, 'B'),
(3992, 18, 'AASAS DDSA KSA KDSA KKSA KD AKDSKA KD A3 SAD LASL SALDSA LDSLA LDS ALD SAD', 2, 'B'),
(3993, 19, 'AASAS DDSA KSA KDSA KKSA KD AKDSKA KD A3 SAD LASL SALDSA LDSLA LDS ALD SAD', 2, 'B'),
(3994, 20, 'AASAS DDSA KSA KDSA KKSA KD AKDSKA KD A3 SAD LASL SALDSA LDSLA LDS ALD SAD', 2, 'A'),
(3995, 21, 'AASAS DDSA KSA KDSA KKSA KD AKDSKA KD A3 SAD LASL SALDSA LDSLA LDS ALD SAD', 2, 'B'),
(3996, 22, 'AASAS DDSA KSA KDSA KKSA KD AKDSKA KD A3 SAD LASL SALDSA LDSLA LDS ALD SAD', 2, 'B'),
(3997, 23, 'AASAS DDSA KSA KDSA KKSA KD AKDSKA KD A3 SAD LASL SALDSA LDSLA LDS ALD SAD', 2, 'B'),
(3998, 24, 'AASAS DDSA KSA KDSA KKSA KD AKDSKA KD A3 SAD LASL SALDSA LDSLA LDS ALD SAD', 2, 'B'),
(3999, 25, 'AASAS DDSA KSA KDSA KKSA KD AKDSKA KD A3 SAD LASL SALDSA LDSLA LDS ALD SAD', 2, 'B'),
(4000, 26, 'AASAS DDSA KSA KDSA KKSA KD AKDSKA KD A3 SAD LASL SALDSA LDSLA LDS ALD SAD', 2, 'B'),
(4001, 27, 'AASAS DDSA KSA KDSA KKSA KD AKDSKA KD A3 SAD LASL SALDSA LDSLA LDS ALD SAD', 2, 'B'),
(4002, 28, 'AASAS DDSA KSA KDSA KKSA KD AKDSKA KD A3 SAD LASL SALDSA LDSLA LDS ALD SAD', 2, 'B'),
(4003, 29, 'AASAS DDSA KSA KDSA KKSA KD AKDSKA KD A3 SAD LASL SALDSA LDSLA LDS ALD SAD', 2, 'B'),
(4004, 30, 'AASAS DDSA KSA KDSA KKSA KD AKDSKA KD A3 SAD LASL SALDSA LDSLA LDS ALD SAD', 2, 'B'),
(4005, 31, 'AASAS DDSA KSA KDSA KKSA KD AKDSKA KD A3 SAD LASL SALDSA LDSLA LDS ALD SAD', 2, 'B'),
(4006, 32, 'AASAS DDSA KSA KDSA KKSA KD AKDSKA KD A3 SAD LASL SALDSA LDSLA 32', 2, 'B'),
(4007, 33, 'AASAS DDSA KSA KDSA KKSA KD AKDSKA KD A3 SAD LASL SALDSA LDSLA LDS ALD SAD', 2, 'B'),
(4008, 34, 'AASAS DDSA KSA KDSA KKSA KD AKDSKA KD A3 SAD LASL SALDSA LDSLA LDS ALD SAD', 2, 'B'),
(4009, 35, 'AASAS DDSA KSA KDSA KKSA KD AKDSKA KD A3 SAD LASL SALDSA LDSLA LDS ALD SAD', 2, 'B'),
(4010, 36, 'AASAS DDSA KSA KDSA KKSA KD AKDSKA KD A3 SAD LASL SALDSA LDSLA LDS ALD SAD', 2, 'B'),
(4011, 37, 'AASAS DDSA KSA KDSA KKSA KD AKDSKA KD A3 SAD LASL SALDSA LDSLA LDS ALD SAD', 2, 'B'),
(4012, 38, 'AASAS DDSA KSA KDSA KKSA KD AKDSKA KD A3 SAD LASL SALDSA LDSLA LDS ALD SAD', 2, 'B'),
(4013, 39, 'AASAS DDSA KSA KDSA KKSA KD AKDSKA KD A3 SAD LASL SALDSA LDSLA LDS ALD SAD', 2, 'B'),
(4014, 40, 'AASAS DDSA KSA KDSA KKSA KD AKDSKA KD A3 SAD LASL SALDSA LDSLA LDS ALD SAD', 2, 'B'),
(4015, 41, 'AASAS DDSA KSA KDSA KKSA KD AKDSKA KD A3 SAD LASL SALDSA LDSLA LDS ALD SAD', 2, 'B'),
(4016, 42, 'AASAS DDSA KSA KDSA KKSA KD AKDSKA KD A3 SAD LASL SALDSA LDSLA LDS ALD SAD', 2, 'B'),
(4017, 43, 'AASAS DDSA KSA KDSA KKSA KD AKDSKA KD A3 SAD LASL SALDSA LDSLA LDS ALD SAD', 2, 'B'),
(4018, 44, 'AASAS DDSA KSA KDSA KKSA KD AKDSKA KD A3 SAD LASL SALDSA LDSLA LDS ALD SAD', 2, 'B'),
(4019, 45, 'AASAS DDSA KSA KDSA KKSA KD AKDSKA KD A3 SAD LASL SALDSA LDSLA LDS ALD SAD', 2, 'B'),
(4020, 46, 'AASAS DDSA KSA KDSA KKSA KD AKDSKA KD A3 SAD LASL SALDSA LDSLA LDS ALD SAD', 2, 'B'),
(4021, 47, 'AASAS DDSA KSA KDSA KKSA KD AKDSKA KD A3 SAD LASL SALDSA LDSLA LDS ALD SAD', 2, 'B'),
(4022, 48, 'AASAS DDSA KSA KDSA KKSA KD AKDSKA KD A3 SAD LASL SALDSA LDSLA LDS ALD SAD', 2, 'B'),
(4023, 49, 'AASAS DDSA KSA KDSA KKSA KD AKDSKA KD A3 SAD LASL SALDSA LDSLA LDS ALD SAD', 2, 'B'),
(4024, 50, 'AASAS DDSA KSA KDSA KKSA KD AKDSKA KD A3 SAD LASL SALDSA LDSLA LDS ALD SAD', 2, 'B'),
(4025, 51, 'AASAS DDSA KSA KDSA KKSA KD AKDSKA KD A3 SAD LASL SALDSA LDSLA LDS ALD SAD', 2, 'B'),
(4026, 52, 'AASAS DDSA KSA KDSA KKSA KD AKDSKA KD A3 SAD LASL SALDSA LDSLA LDS ALD SAD', 2, 'B'),
(4027, 53, 'AASAS DDSA KSA KDSA KKSA KD AKDSKA KD A3 SAD LASL SALDSA LDSLA LDS ALD SAD', 2, 'B'),
(4028, 54, 'AASAS DDSA KSA KDSA KKSA KD AKDSKA KD A3 SAD LASL SALDSA LDSLA LDS ALD SAD', 2, 'B'),
(4029, 55, 'AASAS DDSA KSA KDSA KKSA KD AKDSKA KD A3 SAD LASL SALDSA LDSLA LDS ALD SAD', 2, 'B'),
(4030, 56, 'AASAS DDSA KSA KDSA KKSA KD AKDSKA KD A3 SAD LASL SALDSA LDSLA LDS ALD SAD', 2, 'B'),
(4031, 57, 'AASAS DDSA KSA KDSA KKSA KD AKDSKA KD A3 SAD LASL SALDSA LDSLA LDS ALD SAD', 2, 'B'),
(4032, 58, 'AASAS DDSA KSA KDSA KKSA KD AKDSKA KD A3 SAD LASL SALDSA LDSLA 58', 2, 'B'),
(4033, 59, 'AASAS DDSA KSA KDSA KKSA KD AKDSKA KD A3 SAD LASL SALDSA LDSLA LDS ALD SAD', 2, 'B'),
(4034, 60, 'AASAS DDSA KSA KDSA KKSA KD AKDSKA KD A3 SAD LASL SALDSA LDSLA LDS ALD SAD', 2, 'B'),
(4035, 61, 'AASAS DDSA KSA KDSA KKSA KD AKDSKA KD A3 SAD LASL SALDSA LDSLA LDS ALD SAD', 2, 'B'),
(4036, 62, 'AASAS DDSA KSA KDSA KKSA KD AKDSKA KD A3 SAD LASL SALDSA LDSLA LDS ALD SAD', 2, 'B'),
(4037, 63, 'AASAS DDSA KSA KDSA KKSA KD AKDSKA KD A3 SAD LASL SALDSA LDSLA LDS ALD SAD', 2, 'B'),
(4038, 64, 'AASAS DDSA KSA KDSA KKSA KD AKDSKA KD A3 SAD LASL SALDSA LDSLA LDS ALD SAD', 2, 'B'),
(4039, 65, 'AASAS DDSA KSA KDSA KKSA KD AKDSKA KD A3 SAD LASL SALDSA LDSLA LDS ALD SAD', 2, 'B'),
(4040, 66, 'AASAS DDSA KSA KDSA KKSA KD AKDSKA KD A3 SAD LASL SALDSA LDSLA LDS ALD SAD', 2, 'B'),
(4041, 67, 'AASAS DDSA KSA KDSA KKSA KD AKDSKA KD A3 SAD LASL SALDSA LDSLA LDS ALD SAD', 2, 'B'),
(4042, 68, 'AASAS DDSA KSA KDSA KKSA KD AKDSKA KD A3 SAD LASL SALDSA LDSLA LDS ALD SAD', 2, 'B'),
(4043, 69, 'AASAS DDSA KSA KDSA KKSA KD AKDSKA KD A3 SAD LASL SALDSA LDSLA LDS ALD SAD', 2, 'B'),
(4044, 70, 'AASAS DDSA KSA KDSA KKSA KD AKDSKA KD A3 SAD LASL SALDSA LDSLA LDS ALD SAD', 2, 'B'),
(4045, 71, 'AASAS DDSA KSA KDSA KKSA KD AKDSKA KD A3 SAD LASL SALDSA LDSLA LDS ALD SAD', 2, 'B'),
(4046, 72, 'AASAS DDSA KSA KDSA KKSA KD AKDSKA KD A3 SAD LASL SALDSA LDSLA LDS ALD SAD', 2, 'B'),
(4047, 73, 'AASAS DDSA KSA KDSA KKSA KD AKDSKA KD A3 SAD LASL SALDSA LDSLA LDS ALD SAD', 2, 'B'),
(4048, 74, 'AASAS DDSA KSA KDSA KKSA KD AKDSKA KD A3 SAD LASL SALDSA LDSLA LDS ALD SAD', 2, 'B'),
(4049, 75, 'AASAS DDSA KSA KDSA KKSA KD AKDSKA KD A3 SAD LASL SALDSA LDSLA LDS ALD SAD', 2, 'B'),
(4050, 76, 'AASAS DDSA KSA KDSA KKSA KD AKDSKA KD A3 SAD LASL SALDSA LDSLA LDS ALD SAD', 2, 'B'),
(4051, 77, 'AASAS DDSA KSA KDSA KKSA KD AKDSKA KD A3 SAD LASL SALDSA LDSLA LDS ALD SAD', 2, 'B'),
(4052, 78, 'AASAS DDSA KSA KDSA KKSA KD AKDSKA KD A3 SAD LASL SALDSA LDSLA LDS ALD SAD', 2, 'B'),
(4053, 79, 'AASAS DDSA KSA KDSA KKSA KD AKDSKA KD A3 SAD LASL SALDSA LDSLA LDS ALD SAD', 2, 'B'),
(4054, 80, 'AASAS DDSA KSA KDSA KKSA KD AKDSKA KD A3 SAD LASL SALDSA LDSLA LDS ALD SAD', 2, 'B'),
(4055, 81, 'AASAS DDSA KSA KDSA KKSA KD AKDSKA KD A3 SAD LASL SALDSA LDSLA LDS ALD SAD', 2, 'B'),
(4056, 82, 'AASAS DDSA KSA KDSA KKSA KD AKDSKA KD A3 SAD LASL SALDSA LDSLA LDS ALD SAD', 2, 'B'),
(4057, 83, 'AASAS DDSA KSA KDSA KKSA KD AKDSKA KD A3 SAD LASL SALDSA LDSLA LDS ALD SAD', 2, 'B'),
(4058, 84, 'AASAS DDSA KSA KDSA KKSA KD AKDSKA KD A3 SAD LASL SALDSA LDSLA LDS ALD SAD', 2, 'B'),
(4059, 85, 'AASAS DDSA KSA KDSA KKSA KD AKDSKA KD A3 SAD LASL SALDSA LDSLA LDS ALD SAD', 2, 'B'),
(4060, 86, 'AASAS DDSA KSA KDSA KKSA KD AKDSKA KD A3 SAD LASL SALDSA LDSLA LDS ALD SAD', 2, 'B'),
(4061, 87, 'AASAS DDSA KSA KDSA KKSA KD AKDSKA KD A3 SAD LASL SALDSA LDSLA LDS ALD SAD', 2, 'B'),
(4062, 88, 'AASAS DDSA KSA KDSA KKSA KD AKDSKA KD A3 SAD LASL SALDSA LDSLA LDS ALD SAD', 2, 'B'),
(4063, 89, 'AASAS DDSA KSA KDSA KKSA KD AKDSKA KD A3 SAD LASL SALDSA LDSLA LDS ALD SAD', 2, 'B'),
(4064, 90, 'AASAS DDSA KSA KDSA KKSA KD AKDSKA KD A3 SAD LASL SALDSA LDSLA LDS ALD SAD', 2, 'B'),
(4065, 91, 'AASAS DDSA KSA KDSA KKSA KD AKDSKA KD A3 SAD LASL SALDSA LDSLA LDS ALD SAD', 2, 'B'),
(4066, 92, 'AASAS DDSA KSA KDSA KKSA KD AKDSKA KD A3 SAD LASL SALDSA LDSLA LDS ALD SAD', 2, 'B'),
(4067, 93, 'AASAS DDSA KSA KDSA KKSA KD AKDSKA KD A3 SAD LASL SALDSA LDSLA LDS ALD SAD', 2, 'B'),
(4068, 94, 'AASAS DDSA KSA KDSA KKSA KD AKDSKA KD A3 SAD LASL SALDSA LDSLA LDS ALD SAD', 2, 'B'),
(4069, 95, 'AASAS DDSA KSA KDSA KKSA KD AKDSKA KD A3 SAD LASL SALDSA LDSLA LDS ALD SAD', 2, 'B'),
(4070, 96, 'AASAS DDSA KSA KDSA KKSA KD AKDSKA KD A3 SAD LASL SALDSA LDSLA LDS ALD SAD', 2, 'B'),
(4071, 97, 'AASAS DDSA KSA KDSA KKSA KD AKDSKA KD A3 SAD LASL SALDSA LDSLA LDS ALD SAD', 2, 'B'),
(4072, 98, 'AASAS DDSA KSA KDSA KKSA KD AKDSKA KD A3 SAD LASL SALDSA LDSLA LDS ALD SAD', 2, 'B'),
(4073, 99, 'AASAS DDSA KSA KDSA KKSA KD AKDSKA KD A3 SAD LASL SALDSA LDSLA LDS ALD SAD', 2, 'B'),
(4074, 100, 'AASAS DDSA KSA KDSA KKSA KD AKDSKA KD A3 SAD LASL SALDSA LD100', 2, 'D');

-- --------------------------------------------------------

--
-- Estructura de tabla para la tabla `sede`
--

CREATE TABLE `sede` (
  `codSede` int(11) NOT NULL,
  `nombre` varchar(70) NOT NULL
) ENGINE=InnoDB DEFAULT CHARSET=utf8mb4;

-- --------------------------------------------------------

--
-- Estructura de tabla para la tabla `tasa`
--

CREATE TABLE `tasa` (
  `codTasa` int(11) NOT NULL,
  `valorMinimo` float NOT NULL,
  `valorMaximo` float NOT NULL,
  `valorTasa` float NOT NULL
) ENGINE=InnoDB DEFAULT CHARSET=utf8mb4;

--
-- Volcado de datos para la tabla `tasa`
--

INSERT INTO `tasa` (`codTasa`, `valorMinimo`, `valorMaximo`, `valorTasa`) VALUES
(1, 0, 50, 0.45),
(2, 50, 100, 0.5),
(7, 100, 150, 0.55),
(8, 150, 200, 0.6),
(9, 200, 250, 0.65),
(10, 250, 300, 0.7);

-- --------------------------------------------------------

--
-- Estructura de tabla para la tabla `tipo_actor`
--

CREATE TABLE `tipo_actor` (
  `codTipoActor` int(11) NOT NULL,
  `nombre` varchar(100) NOT NULL
) ENGINE=InnoDB DEFAULT CHARSET=utf8mb4;

--
-- Volcado de datos para la tabla `tipo_actor`
--

INSERT INTO `tipo_actor` (`codTipoActor`, `nombre`) VALUES
(1, 'Postulante'),
(2, 'Consejo Universitario');

-- --------------------------------------------------------

--
-- Estructura de tabla para la tabla `usuario`
--

CREATE TABLE `usuario` (
  `codUsuario` int(11) NOT NULL,
  `usuario` varchar(50) NOT NULL,
  `contraseña` varchar(200) NOT NULL,
  `password` varchar(200) NOT NULL
) ENGINE=InnoDB DEFAULT CHARSET=utf8mb4;

--
-- Volcado de datos para la tabla `usuario`
--

INSERT INTO `usuario` (`codUsuario`, `usuario`, `contraseña`, `password`) VALUES
(26061, 'CONSEJO', '', '$2y$10$92IXUNpkjO0rOQ5byMi.Ye4oKoEa3Ro9llC/.og/at2.uheWG/igi'),
(26515, 'LUCANO 9210', '123', '123'),
(26516, 'REAÑO T2708', '123', '123'),
(26517, 'FERNAND1047', '123', '123'),
(26518, 'MURILLO4601', '123', '123'),
(26519, 'GARCIA 1942', '123', '123'),
(26520, 'CUEVA E7125', '123', '123'),
(26521, 'POEMAPE9499', '123', '123'),
(26522, 'RODAS C3821', '123', '123'),
(26523, 'BORDA R8892', '123', '123'),
(26524, 'PINTO A3690', '123', '123'),
(26525, 'RODRIGU4464', '123', '123'),
(26526, 'BALAREZ1525', '123', '123'),
(26527, 'CHAMAY 9993', '123', '123'),
(26528, 'OLIVERA9918', '123', '123'),
(26529, 'CRUZ HE7134', '123', '123'),
(26530, 'SALAZAR1842', '123', '123'),
(26531, 'ILDEFON4182', '123', '123'),
(26532, 'PACHECO5525', '123', '123'),
(26533, 'ARAUJO 1548', '123', '123'),
(26534, 'SALVADO3405', '123', '123'),
(26535, 'BARAHON3665', '123', '123'),
(26536, 'CARRASC1878', '123', '123'),
(26537, 'BAZAN C3761', '123', '123'),
(26538, 'SILVA C9235', '123', '123'),
(26539, 'RAMOS M4988', '123', '123'),
(26540, 'MENDEZ 1663', '123', '123'),
(26541, 'CRUZADO5039', '123', '123'),
(26542, 'MALCA S9846', '123', '123'),
(26543, 'GONZALE2352', '123', '123'),
(26544, 'FLORES 6004', '123', '123'),
(26545, 'REYES R4904', '123', '123'),
(26546, 'CAMPOS 3527', '123', '123'),
(26547, 'ESCOBAR6721', '123', '123'),
(26548, 'HOYOS C8577', '123', '123'),
(26549, 'LEON YN3757', '123', '123'),
(26550, 'AGUILAR8223', '123', '123'),
(26551, 'GODOY P3334', '123', '123'),
(26552, 'REYES P9978', '123', '123'),
(26553, 'VILCHEZ5320', '123', '123'),
(26554, 'LLENQUE3425', '123', '123'),
(26555, 'AGRAMON7053', '123', '123'),
(26556, 'ARANDA 7635', '123', '123'),
(26557, 'VEGA AL6246', '123', '123'),
(26558, 'JARA FI3173', '123', '123'),
(26559, 'MENDOZA5540', '123', '123'),
(26560, 'HERNAND8490', '123', '123'),
(26561, 'SAGAL C1011', '123', '123'),
(26562, 'ROQUE R4432', '123', '123'),
(26563, 'MENDOZA1575', '123', '123'),
(26564, 'CULQUE 2696', '123', '123'),
(26565, 'BACA SA8662', '123', '123'),
(26566, 'CUEVA H2523', '123', '123'),
(26567, 'HUAMAN 2417', '123', '123'),
(26568, 'FERNAND9299', '123', '123'),
(26569, 'PAREDES8670', '123', '123'),
(26570, 'RODRIGU9327', '123', '123'),
(26571, 'HERNAND7763', '123', '123'),
(26572, 'TIRADO 9306', '123', '123'),
(26573, 'HERNAND2969', '123', '123'),
(26574, 'LOPEZ N3499', '123', '123'),
(26575, 'NUREÑA 1648', '123', '123'),
(26576, 'GRANDEZ4621', '123', '123'),
(26577, 'PEREA A8366', '123', '123'),
(26578, 'MOSTACE4902', '123', '123'),
(26579, 'DIAZ RU9110', '123', '123'),
(26580, 'VASQUEZ8853', '123', '123'),
(26581, 'TORRES 1205', '123', '123'),
(26582, 'LEON AS5031', '123', '123'),
(26583, 'RUIZ DE7188', '123', '123'),
(26584, 'CHAVEZ 3900', '123', '123'),
(26585, 'HUAMAN 5089', '123', '123'),
(26586, 'NUÑEZ L4178', '123', '123'),
(26587, 'CORTIJO4542', '123', '123'),
(26588, 'RUIZ VE9569', '123', '123'),
(26589, 'AREVALO6159', '123', '123'),
(26590, 'GUTIERR8475', '123', '123'),
(26591, 'MOSQUER9750', '123', '123'),
(26592, 'BELTRAN1045', '123', '123'),
(26593, 'CULQUIT6324', '123', '123'),
(26594, 'ANGEL J1925', '123', '123'),
(26595, 'VALDERR3065', '123', '123'),
(26596, 'TUESTA 1665', '123', '123'),
(26597, 'GARGURE5139', '123', '123'),
(26598, 'SEGURA 4462', '123', '123'),
(26599, 'SALAZAR2706', '123', '123'),
(26600, 'DE LA C3704', '123', '123'),
(26601, 'VASQUEZ9978', '123', '123'),
(26602, 'BALLENA9268', '123', '123'),
(26603, 'MARQUEZ8996', '123', '123'),
(26604, 'SUAREZ 7612', '123', '123'),
(26605, 'ESPINOZ9664', '123', '123'),
(26606, 'QUISPE 5326', '123', '123'),
(26607, 'NIETO V9823', '123', '123'),
(26608, 'CHOLAN 3264', '123', '123'),
(26609, 'GONZALE5391', '123', '123'),
(26610, 'MORAN J3025', '123', '123'),
(26611, 'MARKY Z5460', '123', '123'),
(26612, 'DEZA VI3412', '123', '123'),
(26613, 'LUJAN R2765', '123', '123'),
(26614, 'ANGULO 7522', '123', '123'),
(26615, 'ZUÑIGA 7490', '123', '123'),
(26616, 'GAMBOA 2735', '123', '123'),
(26617, 'CANCINO1323', '123', '123'),
(26618, 'RODRIGU1174', '123', '123'),
(26619, 'RIOS JU5106', '123', '123'),
(26620, 'SOLANO 2452', '123', '123'),
(26621, 'ROMERO 3425', '123', '123'),
(26622, 'MOSTACE1037', '123', '123'),
(26623, 'LEYVA G9104', '123', '123'),
(26624, 'CAMPERO1953', '123', '123'),
(26625, 'VASQUEZ2503', '123', '123'),
(26626, 'SANCHEZ3341', '123', '123'),
(26627, 'GASTELO4839', '123', '123'),
(26628, 'PEREZ Y3436', '123', '123'),
(26629, 'RAMÍREZ7822', '123', '123'),
(26630, 'LEON GA7490', '123', '123'),
(26631, 'SAAVEDR4208', '123', '123'),
(26632, 'BRICEÑO8275', '123', '123'),
(26633, 'CASTILL9668', '123', '123'),
(26634, 'TERRONE6490', '123', '123'),
(26635, 'HILARIO2248', '123', '123'),
(26636, 'DE LA C7916', '123', '123'),
(26637, 'TORRES 7955', '123', '123'),
(26638, 'ZAPATA 7203', '123', '123'),
(26639, 'AGUILAR7651', '123', '123'),
(26640, 'QUIÑONE5254', '123', '123'),
(26641, 'CARRION9730', '123', '123'),
(26642, 'FLORENT6981', '123', '123'),
(26643, 'GARCIA 2411', '123', '123'),
(26644, 'DÍAZ MU2277', '123', '123'),
(26645, 'HUERTA 6946', '123', '123'),
(26646, 'CRUZ GU3579', '123', '123'),
(26647, 'RODRIGU9675', '123', '123'),
(26648, 'ALVARAD7483', '123', '123'),
(26649, 'VIDAL V2626', '123', '123'),
(26650, 'CORTEZ 8625', '123', '123'),
(26651, 'DÍAZ CA5573', '123', '123'),
(26652, 'VILLARR9298', '123', '123'),
(26653, 'CARRANZ6492', '123', '123'),
(26654, 'HARO AV8602', '123', '123'),
(26655, 'SEVILLA3577', '123', '123'),
(26656, 'RODRIGU6075', '123', '123'),
(26657, 'CESPEDE1596', '123', '123'),
(26658, 'VASQUEZ8997', '123', '123'),
(26659, 'CRUZ DO8351', '123', '123'),
(26660, 'RODRIGU6355', '123', '123'),
(26661, 'VASQUEZ3658', '123', '123'),
(26662, 'ROSALES7661', '123', '123'),
(26663, 'IMAMURA5615', '123', '123'),
(26664, 'HILARIO6880', '123', '123'),
(26665, 'MEZA RU7024', '123', '123');

--
-- Índices para tablas volcadas
--

--
-- Indices de la tabla `actor`
--
ALTER TABLE `actor`
  ADD PRIMARY KEY (`codActor`);

--
-- Indices de la tabla `analisis_examen`
--
ALTER TABLE `analisis_examen`
  ADD PRIMARY KEY (`codAnalisis`);

--
-- Indices de la tabla `area`
--
ALTER TABLE `area`
  ADD PRIMARY KEY (`codArea`);

--
-- Indices de la tabla `carrera`
--
ALTER TABLE `carrera`
  ADD PRIMARY KEY (`codCarrera`);

--
-- Indices de la tabla `carrera_examen`
--
ALTER TABLE `carrera_examen`
  ADD PRIMARY KEY (`codCarreraExamen`);

--
-- Indices de la tabla `condicion_postulacion`
--
ALTER TABLE `condicion_postulacion`
  ADD PRIMARY KEY (`codCondicion`);

--
-- Indices de la tabla `estado_examen`
--
ALTER TABLE `estado_examen`
  ADD PRIMARY KEY (`codEstado`);

--
-- Indices de la tabla `examen`
--
ALTER TABLE `examen`
  ADD PRIMARY KEY (`codExamen`);

--
-- Indices de la tabla `examen_postulante`
--
ALTER TABLE `examen_postulante`
  ADD PRIMARY KEY (`codExamenPostulante`);

--
-- Indices de la tabla `facultad`
--
ALTER TABLE `facultad`
  ADD PRIMARY KEY (`codFacultad`);

--
-- Indices de la tabla `grupo_iguales`
--
ALTER TABLE `grupo_iguales`
  ADD PRIMARY KEY (`codGrupo`);

--
-- Indices de la tabla `grupo_patron`
--
ALTER TABLE `grupo_patron`
  ADD PRIMARY KEY (`codGrupoPatron`);

--
-- Indices de la tabla `modalidad`
--
ALTER TABLE `modalidad`
  ADD PRIMARY KEY (`codModalidad`);

--
-- Indices de la tabla `parametros`
--
ALTER TABLE `parametros`
  ADD PRIMARY KEY (`codParametro`);

--
-- Indices de la tabla `postulantes_elevados`
--
ALTER TABLE `postulantes_elevados`
  ADD PRIMARY KEY (`codPostulanteElevado`);

--
-- Indices de la tabla `pregunta`
--
ALTER TABLE `pregunta`
  ADD PRIMARY KEY (`codPregunta`);

--
-- Indices de la tabla `sede`
--
ALTER TABLE `sede`
  ADD PRIMARY KEY (`codSede`);

--
-- Indices de la tabla `tasa`
--
ALTER TABLE `tasa`
  ADD PRIMARY KEY (`codTasa`);

--
-- Indices de la tabla `tipo_actor`
--
ALTER TABLE `tipo_actor`
  ADD PRIMARY KEY (`codTipoActor`);

--
-- Indices de la tabla `usuario`
--
ALTER TABLE `usuario`
  ADD PRIMARY KEY (`codUsuario`);

--
-- AUTO_INCREMENT de las tablas volcadas
--

--
-- AUTO_INCREMENT de la tabla `actor`
--
ALTER TABLE `actor`
  MODIFY `codActor` int(11) NOT NULL AUTO_INCREMENT, AUTO_INCREMENT=26650;

--
-- AUTO_INCREMENT de la tabla `analisis_examen`
--
ALTER TABLE `analisis_examen`
  MODIFY `codAnalisis` int(11) NOT NULL AUTO_INCREMENT, AUTO_INCREMENT=77;

--
-- AUTO_INCREMENT de la tabla `area`
--
ALTER TABLE `area`
  MODIFY `codArea` int(11) NOT NULL AUTO_INCREMENT, AUTO_INCREMENT=5;

--
-- AUTO_INCREMENT de la tabla `carrera`
--
ALTER TABLE `carrera`
  MODIFY `codCarrera` int(11) NOT NULL AUTO_INCREMENT, AUTO_INCREMENT=11;

--
-- AUTO_INCREMENT de la tabla `carrera_examen`
--
ALTER TABLE `carrera_examen`
  MODIFY `codCarreraExamen` int(11) NOT NULL AUTO_INCREMENT, AUTO_INCREMENT=3;

--
-- AUTO_INCREMENT de la tabla `condicion_postulacion`
--
ALTER TABLE `condicion_postulacion`
  MODIFY `codCondicion` int(11) NOT NULL AUTO_INCREMENT, AUTO_INCREMENT=5;

--
-- AUTO_INCREMENT de la tabla `estado_examen`
--
ALTER TABLE `estado_examen`
  MODIFY `codEstado` int(11) NOT NULL AUTO_INCREMENT, AUTO_INCREMENT=9;

--
-- AUTO_INCREMENT de la tabla `examen`
--
ALTER TABLE `examen`
  MODIFY `codExamen` int(11) NOT NULL AUTO_INCREMENT, AUTO_INCREMENT=3;

--
-- AUTO_INCREMENT de la tabla `examen_postulante`
--
ALTER TABLE `examen_postulante`
  MODIFY `codExamenPostulante` int(11) NOT NULL AUTO_INCREMENT, AUTO_INCREMENT=27399;

--
-- AUTO_INCREMENT de la tabla `facultad`
--
ALTER TABLE `facultad`
  MODIFY `codFacultad` int(11) NOT NULL AUTO_INCREMENT, AUTO_INCREMENT=12;

--
-- AUTO_INCREMENT de la tabla `grupo_iguales`
--
ALTER TABLE `grupo_iguales`
  MODIFY `codGrupo` int(11) NOT NULL AUTO_INCREMENT, AUTO_INCREMENT=254;

--
-- AUTO_INCREMENT de la tabla `grupo_patron`
--
ALTER TABLE `grupo_patron`
  MODIFY `codGrupoPatron` int(11) NOT NULL AUTO_INCREMENT, AUTO_INCREMENT=655;

--
-- AUTO_INCREMENT de la tabla `modalidad`
--
ALTER TABLE `modalidad`
  MODIFY `codModalidad` int(11) NOT NULL AUTO_INCREMENT, AUTO_INCREMENT=8;

--
-- AUTO_INCREMENT de la tabla `parametros`
--
ALTER TABLE `parametros`
  MODIFY `codParametro` int(11) NOT NULL AUTO_INCREMENT, AUTO_INCREMENT=2;

--
-- AUTO_INCREMENT de la tabla `postulantes_elevados`
--
ALTER TABLE `postulantes_elevados`
  MODIFY `codPostulanteElevado` int(11) NOT NULL AUTO_INCREMENT, AUTO_INCREMENT=7;

--
-- AUTO_INCREMENT de la tabla `pregunta`
--
ALTER TABLE `pregunta`
  MODIFY `codPregunta` int(11) NOT NULL AUTO_INCREMENT, AUTO_INCREMENT=4075;

--
-- AUTO_INCREMENT de la tabla `sede`
--
ALTER TABLE `sede`
  MODIFY `codSede` int(11) NOT NULL AUTO_INCREMENT, AUTO_INCREMENT=4;

--
-- AUTO_INCREMENT de la tabla `tasa`
--
ALTER TABLE `tasa`
  MODIFY `codTasa` int(11) NOT NULL AUTO_INCREMENT, AUTO_INCREMENT=16;

--
-- AUTO_INCREMENT de la tabla `tipo_actor`
--
ALTER TABLE `tipo_actor`
  MODIFY `codTipoActor` int(11) NOT NULL AUTO_INCREMENT, AUTO_INCREMENT=3;

--
-- AUTO_INCREMENT de la tabla `usuario`
--
ALTER TABLE `usuario`
  MODIFY `codUsuario` int(11) NOT NULL AUTO_INCREMENT, AUTO_INCREMENT=26666;
COMMIT;

/*!40101 SET CHARACTER_SET_CLIENT=@OLD_CHARACTER_SET_CLIENT */;
/*!40101 SET CHARACTER_SET_RESULTS=@OLD_CHARACTER_SET_RESULTS */;
/*!40101 SET COLLATION_CONNECTION=@OLD_COLLATION_CONNECTION */;
