-- phpMyAdmin SQL Dump
-- version 5.0.2
-- https://www.phpmyadmin.net/
--
-- Servidor: 127.0.0.1
-- Tiempo de generación: 10-08-2021 a las 18:56:50
-- Versión del servidor: 5.7.32-log
-- Versión de PHP: 7.4.10

SET SQL_MODE = "NO_AUTO_VALUE_ON_ZERO";
START TRANSACTION;
SET time_zone = "+00:00";


/*!40101 SET @OLD_CHARACTER_SET_CLIENT=@@CHARACTER_SET_CLIENT */;
/*!40101 SET @OLD_CHARACTER_SET_RESULTS=@@CHARACTER_SET_RESULTS */;
/*!40101 SET @OLD_COLLATION_CONNECTION=@@COLLATION_CONNECTION */;
/*!40101 SET NAMES utf8mb4 */;

--
-- Base de datos: `sidiraunt`
--

-- --------------------------------------------------------

--
-- Estructura de tabla para la tabla `actor`
--

CREATE TABLE `actor` (
  `codActor` int(11) NOT NULL,
  `apellidosYnombres` varchar(500) NOT NULL,
  `codUsuario` int(11) NOT NULL,
  `codTipoActor` int(11) NOT NULL
) ENGINE=InnoDB DEFAULT CHARSET=utf8mb4;

--
-- Volcado de datos para la tabla `actor`
--

INSERT INTO `actor` (`codActor`, `apellidosYnombres`, `codUsuario`, `codTipoActor`) VALUES
(26045, 'CONSEJO UNIVERSITARIO', 26061, 2),
(29066, 'LUCANO NIEVES DANIEL HANANI JOED', 29082, 1),
(29067, 'REAÑO TORRES JUAN ANSELMO', 29083, 1),
(29068, 'FERNANDEZ GUEVARA JOHN DE JESUS', 29084, 1),
(29069, 'MURILLO LOZANO DIEGO ARON', 29085, 1),
(29070, 'GARCIA CRUZ STEVEN ALEXANDER', 29086, 1),
(29071, 'CUEVA ESCOBEDO JENNIFER ARELI', 29087, 1),
(29072, 'POEMAPE GARCIA JOSEPH ANTONIO', 29088, 1),
(29073, 'RODAS CASTILLO ANTHONELLA NATALY', 29089, 1),
(29074, 'BORDA RIVEROS LISBETH DAYSI', 29090, 1),
(29075, 'PINTO ALVA NICOLE KAORI', 29091, 1),
(29076, 'RODRIGUEZ ARTEAGA PIERO ALEXANDER', 29092, 1),
(29077, 'BALAREZO LUNA YAMELY ESMERALDA', 29093, 1),
(29078, 'CHAMAY ARZABE FRANK JHORDAN', 29094, 1),
(29079, 'OLIVERA ESPINOZA MIRELLA LISSETH', 29095, 1),
(29080, 'CRUZ HENRIQUEZ GEORGINA ANAIS', 29096, 1),
(29081, 'SALAZAR MARIN ISABAUT GIULIANA', 29097, 1),
(29082, 'ILDEFONSO ALVARADO PABLO ALBERTH', 29098, 1),
(29083, 'PACHECO ROJAS PABLO OSWALDO JHAIR', 29099, 1),
(29084, 'ARAUJO CHOMBA MICHAEL JHONATAN', 29100, 1),
(29085, 'SALVADOR FLOREANO DEMMY BRIAN', 29101, 1),
(29086, 'BARAHONA MORILLAS ANDRE PAULET', 29102, 1),
(29087, 'CARRASCO PEREZ JOCABED SURIEL', 29103, 1),
(29088, 'BAZAN CASTILLO ALDO JAK', 29104, 1),
(29089, 'SILVA CARUAJULCA ERLAND OSCAR', 29105, 1),
(29090, 'RAMOS MALAVER MARIANA ELIZABETH', 29106, 1),
(29091, 'MENDEZ TORRES DANIELA MARÍA ILLARY', 29107, 1),
(29092, 'CRUZADO RISCO ROSA MERCEDES', 29108, 1),
(29093, 'MALCA SILVA LEANDRO ARTURO', 29109, 1),
(29094, 'GONZALES CARRASCO JESUS MIGUEL IDELSO', 29110, 1),
(29095, 'FLORES AGUIRRE RENZO ANDERSON', 29111, 1),
(29096, 'REYES RUBIO LILIANA HAYDEE', 29112, 1),
(29097, 'CAMPOS RODRIGUEZ PAOLA ANETTE', 29113, 1),
(29098, 'ESCOBAR GONZALES DIEGO ARNIE', 29114, 1),
(29099, 'HOYOS CRUZ EMERSON MIGUEL', 29115, 1),
(29100, 'LEON YNOQUIO JORGE LUIS', 29116, 1),
(29101, 'AGUILAR MOSTACERO ISABEL CRISTINA', 29117, 1),
(29102, 'GODOY PAREDES KEVIN ANDRES', 29118, 1),
(29103, 'REYES POLO KAROLYNE BRITHNEY CHANTAL', 29119, 1),
(29104, 'VILCHEZ BALDERA LUCERO DEL MILAGRO', 29120, 1),
(29105, 'LLENQUE LLENQUE JORGE DAVID', 29121, 1),
(29106, 'AGRAMONTE SANCHEZ XIOMARA YHOSCIMAR', 29122, 1),
(29107, 'ARANDA RAMOS ARIANA JAEL', 29123, 1),
(29108, 'VEGA ALVAREZ ALEJANDRA ELIZABETH', 29124, 1),
(29109, 'JARA FIGUEROA XIOMARA ANTONELLA', 29125, 1),
(29110, 'MENDOZA PEREZ CLAUDIA ISABEL', 29126, 1),
(29111, 'HERNANDEZ VALENCIA KAROL ALESSANDRA', 29127, 1),
(29112, 'SAGAL CASTILLO GLORIA MARIA', 29128, 1),
(29113, 'ROQUE RODRIGUEZ SEGUNDO ELIAS', 29129, 1),
(29114, 'MENDOZA SANDOVAL SANTOS FRANCISCA', 29130, 1),
(29115, 'CULQUE ANTICONA MARIA FERNANDA', 29131, 1),
(29116, 'BACA SANCHEZ OSCAR MILTON', 29132, 1),
(29117, 'CUEVA HERRERA LUCCAS ENRIQUE', 29133, 1),
(29118, 'HUAMAN CORONADO VICTOR ANDRES', 29134, 1),
(29119, 'FERNANDEZ TORRES ALEXIS MANUEL', 29135, 1),
(29120, 'PAREDES SANCHEZ LEONIDAS ESTTIBEN', 29136, 1),
(29121, 'RODRIGUEZ ZAVALETA DANIXA JASMIN', 29137, 1),
(29122, 'HERNANDEZ LLANOS JOSE JULIO GABRIEL', 29138, 1),
(29123, 'TIRADO ALBITRES MIGUEL ENRIQUE', 29139, 1),
(29124, 'HERNANDEZ HUAMAN WILLY ALDAIR', 29140, 1),
(29125, 'LOPEZ NAVEZ ALBA CAMILE', 29141, 1),
(29126, 'NUREÑA CASTILLO KAROL YAMELI', 29142, 1),
(29127, 'GRANDEZ VELASQUEZ GUIANELLA MAKENSY', 29143, 1),
(29128, 'PEREA ALVA AUREA LYZ', 29144, 1),
(29129, 'MOSTACERO JIMENEZ KARLA JACKELINE', 29145, 1),
(29130, 'DIAZ RUBIRA ANDREA FERNANDA', 29146, 1),
(29131, 'VASQUEZ AGUIRRE CARLOS ALEXANDER', 29147, 1),
(29132, 'TORRES ALDAVE NAHOMI OSMARI BELHEN', 29148, 1),
(29133, 'LEON ASCATE EDUARDO YAIR SEBASTIAN', 29149, 1),
(29134, 'RUIZ DE LA CRUZ STACY ALISSON', 29150, 1),
(29135, 'CHAVEZ VILLARREAL GERALDINE LISSET', 29151, 1),
(29136, 'HUAMAN MERCADO VIOLETA DEL RUBI', 29152, 1),
(29137, 'NUÑEZ LLAJARUNA BRIGITTE ANGELINE', 29153, 1),
(29138, 'CORTIJO RUIZ ANGELO SEGUNDO', 29154, 1),
(29139, 'RUIZ VERA ERIKA ELIZABETH', 29155, 1),
(29140, 'AREVALO LLAPAPASCA CRISTHIAN DANIEL', 29156, 1),
(29141, 'GUTIERREZ PAREDES FATIMA LIZBETH', 29157, 1),
(29142, 'MOSQUERA PERALTA ROSITA DEL MILAGRO', 29158, 1),
(29143, 'BELTRAN RODRIGUEZ JUANY STEPHANY', 29159, 1),
(29144, 'CULQUITANTE ANTICONA DENIS SMITH', 29160, 1),
(29145, 'ANGEL JARA MARIA TERESA', 29161, 1),
(29146, 'VALDERRAMA ESPINOLA RUTH CAMILA', 29162, 1),
(29147, 'TUESTA REYNA KARYN MARIA', 29163, 1),
(29148, 'GARGUREVICH NUÑEZ THEO IBAR', 29164, 1),
(29149, 'SEGURA SILVESTRE ELVIRA DAYANNE', 29165, 1),
(29150, 'SALAZAR REYES GLORIA ESTHER', 29166, 1),
(29151, 'DE LA CRUZ BARRUETO MARIESTHER DE LOS AN', 29167, 1),
(29152, 'VASQUEZ CABRERA FLOR DE MARIA', 29168, 1),
(29153, 'BALLENA GONZALES JACKELINE BEL', 29169, 1),
(29154, 'MARQUEZ DAMIAN NAYELY MARIEL', 29170, 1),
(29155, 'SUAREZ MURILLO DAIRA MARYFE', 29171, 1),
(29156, 'ESPINOZA VITAL LUZ MARIA DE FATIMA', 29172, 1),
(29157, 'QUISPE GOMEZ KATHERINE ESTER', 29173, 1),
(29158, 'NIETO VEGA KATE ALICIA', 29174, 1),
(29159, 'CHOLAN HUATAY LESLY MARIBEL', 29175, 1),
(29160, 'GONZALES MAVILA ALEXIS PAVEL', 29176, 1),
(29161, 'MORAN JULCA JACKELIN YANIRA', 29177, 1),
(29162, 'MARKY ZEGARRA EVELY JANELLY', 29178, 1),
(29163, 'DEZA VILELA JOSUE JONATAN', 29179, 1),
(29164, 'LUJAN ROJAS ALEXIA CRISTINA', 29180, 1),
(29165, 'ANGULO ESPINO NIKOLLE STEPHANY', 29181, 1),
(29166, 'ZUÑIGA CIEZA MARCIA JAHAIRA', 29182, 1),
(29167, 'GAMBOA ALFARO ROMINA MILI', 29183, 1),
(29168, 'CANCINO PRETEL YADHIRA CANCINO', 29184, 1),
(29169, 'RODRIGUEZ CISNEROS JHOSELYN PAMELA', 29185, 1),
(29170, 'RIOS JULCA JENNYFER ARIANA', 29186, 1),
(29171, 'SOLANO RODRÌGUEZ KARLA MARÌA VICTORIA', 29187, 1),
(29172, 'ROMERO ROJAS LESLIE ISABELINA', 29188, 1),
(29173, 'MOSTACERO BLAS CARLOS JONATHAN', 29189, 1),
(29174, 'LEYVA GONZALES LORENA LIZETH', 29190, 1),
(29175, 'CAMPERO MURGA SANDRA SUSANA', 29191, 1),
(29176, 'VASQUEZ MATUTE VALERIA ISABEL', 29192, 1),
(29177, 'SANCHEZ OLIVA NOHELY ALEXANDRA', 29193, 1),
(29178, 'GASTELO MERINO NAYELLI DARIANA', 29194, 1),
(29179, 'PEREZ YRIGOIN ALEXANDRA NICOLE', 29195, 1),
(29180, 'RAMÍREZ SAAVEDRA ANDREA MABEL', 29196, 1),
(29181, 'LEON GALVEZ KAREN JOHANA', 29197, 1),
(29182, 'SAAVEDRA ZAMORA CARLA PATRICIA', 29198, 1),
(29183, 'BRICEÑO GONZALES KATHERINE NICOL', 29199, 1),
(29184, 'CASTILLO SANCHEZ JHOYSY SULEYKA', 29200, 1),
(29185, 'TERRONES BALTODANO MERCEDES ANILU', 29201, 1),
(29186, 'HILARIO ROJAS AMPARITO ELIZABETH', 29202, 1),
(29187, 'DE LA CRUZ TERRONES QUITERIA YESSADORA', 29203, 1),
(29188, 'TORRES VARAS PAULA FABIANA', 29204, 1),
(29189, 'ZAPATA GUEVARA LESLI KATERINE', 29205, 1),
(29190, 'AGUILAR RIVEROS DINA LIZBETH', 29206, 1),
(29191, 'QUIÑONES RIOS MARIA FERNANDA', 29207, 1),
(29192, 'CARRION VEGA ARLETH NOELIA', 29208, 1),
(29193, 'FLORENTINO MENDOZA MARIA ROSA DE LOS ANG', 29209, 1),
(29194, 'GARCIA HUACCHILLO FLAVIA RUBI', 29210, 1),
(29195, 'DÍAZ MUÑOZ NAYELI BRIGHIT', 29211, 1),
(29196, 'HUERTA ARTEAGA JESSICA NICOLLE', 29212, 1),
(29197, 'CRUZ GUTIERREZ ANTONELLA SARAI', 29213, 1),
(29198, 'RODRIGUEZ VERGARAY MAYLEN VIVIANA', 29214, 1),
(29199, 'ALVARADO AMAYA JESUS MARINA', 29215, 1),
(29200, 'VIDAL VARAS SANTOS MELITA', 29216, 1),
(29201, 'CORTEZ VERA MARIA EMILIA DEL MILAGRO', 29217, 1),
(29202, 'DÍAZ CARRANZA ITATI EVA NAHIARA', 29218, 1),
(29203, 'VILLARREAL MALDONADO DIEGO JULINHO', 29219, 1),
(29204, 'CARRANZA CARRANZA FIORELLA ALEXANDRA', 29220, 1),
(29205, 'HARO AVALOS ESTHEFANY MELISSA', 29221, 1),
(29206, 'SEVILLANO BERNABE KAREN ROSA', 29222, 1),
(29207, 'RODRIGUEZ DIAZ ARIANA JULIET', 29223, 1),
(29208, 'CESPEDES PEREZ XIOMARA IBETH', 29224, 1),
(29209, 'VASQUEZ MARQUINA VICTOR HUSSID', 29225, 1),
(29210, 'CRUZ DOMINGUEZ ANA ELIZABETH', 29226, 1),
(29211, 'RODRIGUEZ ALFARO YADHIRA DAYELI', 29227, 1),
(29212, 'VASQUEZ VASQUEZ JOANA NICOL', 29228, 1),
(29213, 'ROSALES SANCHEZ TALITA MISHELL', 29229, 1),
(29214, 'IMAMURA URIOL AIRI SILVANA', 29230, 1),
(29215, 'HILARIO SULLON ESTELA BRISETH', 29231, 1),
(29216, 'MEZA RUIZ EVELYN MARGARITA', 29232, 1);

-- --------------------------------------------------------

--
-- Estructura de tabla para la tabla `analisis_examen`
--

CREATE TABLE `analisis_examen` (
  `codAnalisis` int(11) NOT NULL,
  `tasaIrregularidad` float DEFAULT NULL,
  `codExamen` int(11) NOT NULL,
  `tasaGI` float DEFAULT NULL,
  `tasaGP` float DEFAULT NULL,
  `tasaPE` float DEFAULT NULL
) ENGINE=InnoDB DEFAULT CHARSET=utf8mb4;

--
-- Volcado de datos para la tabla `analisis_examen`
--

INSERT INTO `analisis_examen` (`codAnalisis`, `tasaIrregularidad`, `codExamen`, `tasaGI`, `tasaGP`, `tasaPE`) VALUES
(88, 0.162472, 1, 0.1766, 0.370861, 0);

-- --------------------------------------------------------

--
-- Estructura de tabla para la tabla `area`
--

CREATE TABLE `area` (
  `codArea` int(11) NOT NULL,
  `descripcion` varchar(200) NOT NULL,
  `area` varchar(2) NOT NULL
) ENGINE=InnoDB DEFAULT CHARSET=utf8mb4;

--
-- Volcado de datos para la tabla `area`
--

INSERT INTO `area` (`codArea`, `descripcion`, `area`) VALUES
(1, 'CIENCIAS DE LA VIDA Y DE LA SALUD', 'A'),
(2, 'CIENCIAS BÁSICAS Y TECNOLÓGICAS', 'B'),
(3, 'CIENCIAS DE LA PERSONA', 'C'),
(4, 'CIENCIAS ECONÓMICAS', 'D');

-- --------------------------------------------------------

--
-- Estructura de tabla para la tabla `carrera`
--

CREATE TABLE `carrera` (
  `codCarrera` int(11) NOT NULL,
  `nombre` varchar(200) NOT NULL,
  `codAreaActual` char(1) NOT NULL,
  `codFacultad` int(11) NOT NULL,
  `abreviacionMayus` varchar(50) NOT NULL
) ENGINE=InnoDB DEFAULT CHARSET=utf8mb4;

--
-- Volcado de datos para la tabla `carrera`
--

INSERT INTO `carrera` (`codCarrera`, `nombre`, `codAreaActual`, `codFacultad`, `abreviacionMayus`) VALUES
(1, 'Ingenieria de Sistemas', '2', 7, 'IS'),
(2, 'Ciencias Biológicas', '1', 1, 'CCAS.BIOLOGICAS'),
(3, 'Enfermería', '1', 1, 'ENFERMERIA'),
(4, 'Farmacia y Bioquímica', '1', 1, 'FARMACIA y BBQQ.'),
(7, 'Medicina', '1', 1, 'MEDICINA'),
(8, 'Microbiología y Parasitologia', '1', 1, 'MICROBIOL.y PARAS.'),
(9, 'Estomatología', '1', 1, 'ESTOMATOLOGIA'),
(10, 'Biología pesquera', '1', 1, 'BIOLOGIA PESQUERA');

-- --------------------------------------------------------

--
-- Estructura de tabla para la tabla `carrera_examen`
--

CREATE TABLE `carrera_examen` (
  `codCarreraExamen` int(11) NOT NULL,
  `cantidadVacantes` int(11) NOT NULL,
  `codExamen` int(11) NOT NULL,
  `codCarrera` int(11) NOT NULL,
  `puntajeMinimoPostulante` float NOT NULL,
  `puntajeMaximoPostulante` float NOT NULL,
  `puntajeMinimoPermitido` float NOT NULL
) ENGINE=InnoDB DEFAULT CHARSET=utf8mb4;

--
-- Volcado de datos para la tabla `carrera_examen`
--

INSERT INTO `carrera_examen` (`codCarreraExamen`, `cantidadVacantes`, `codExamen`, `codCarrera`, `puntajeMinimoPostulante`, `puntajeMaximoPostulante`, `puntajeMinimoPermitido`) VALUES
(13, 31, 1, 2, 73.326, 172.18, 72.933),
(14, 22, 1, 3, 108.961, 205.791, 72.904);

-- --------------------------------------------------------

--
-- Estructura de tabla para la tabla `condicion_postulacion`
--

CREATE TABLE `condicion_postulacion` (
  `codCondicion` int(11) NOT NULL,
  `nombre` varchar(50) NOT NULL
) ENGINE=InnoDB DEFAULT CHARSET=utf8mb4;

--
-- Volcado de datos para la tabla `condicion_postulacion`
--

INSERT INTO `condicion_postulacion` (`codCondicion`, `nombre`) VALUES
(1, 'INGRESA'),
(2, 'ING. 2-OPC'),
(3, 'NO INGRESA'),
(4, 'AUSENTE');

-- --------------------------------------------------------

--
-- Estructura de tabla para la tabla `estado_examen`
--

CREATE TABLE `estado_examen` (
  `codEstado` int(11) NOT NULL,
  `descripcion` varchar(50) NOT NULL
) ENGINE=InnoDB DEFAULT CHARSET=utf8mb4;

--
-- Volcado de datos para la tabla `estado_examen`
--

INSERT INTO `estado_examen` (`codEstado`, `descripcion`) VALUES
(1, 'Creado'),
(3, 'Procesando'),
(4, 'Aprobado'),
(5, 'Cancelado'),
(6, 'Analizado'),
(7, 'Datos Insertados'),
(8, 'Archivos Cargados');

-- --------------------------------------------------------

--
-- Estructura de tabla para la tabla `examen`
--

CREATE TABLE `examen` (
  `codExamen` int(11) NOT NULL,
  `año` int(11) NOT NULL,
  `fechaRendicion` date NOT NULL,
  `nroVacantes` int(11) DEFAULT NULL,
  `nroPostulantes` int(11) DEFAULT NULL,
  `asistentes` int(11) DEFAULT NULL,
  `ausentes` int(11) DEFAULT NULL,
  `codModalidad` int(11) NOT NULL,
  `codSede` int(11) NOT NULL,
  `codEstado` int(11) NOT NULL,
  `valoracionPositivaCON` float NOT NULL,
  `valoracionPositivaAPT` float NOT NULL,
  `valoracionNegativaCON` float NOT NULL,
  `valoracionNegativaAPT` float NOT NULL,
  `periodo` varchar(20) DEFAULT NULL,
  `codArea` int(11) NOT NULL
) ENGINE=InnoDB DEFAULT CHARSET=utf8mb4;

--
-- Volcado de datos para la tabla `examen`
--

INSERT INTO `examen` (`codExamen`, `año`, `fechaRendicion`, `nroVacantes`, `nroPostulantes`, `asistentes`, `ausentes`, `codModalidad`, `codSede`, `codEstado`, `valoracionPositivaCON`, `valoracionPositivaAPT`, `valoracionNegativaCON`, `valoracionNegativaAPT`, `periodo`, `codArea`) VALUES
(1, 2021, '2021-01-28', 53, 151, 151, 0, 1, 1, 6, 4.079, 4.07, -1.021, -1.019, '2021-I', 2),
(2, 2021, '2021-07-28', 53, 151, 151, 0, 1, 1, 8, 215, 152, 21, 21, '2021-II', 2);

-- --------------------------------------------------------

--
-- Estructura de tabla para la tabla `examen_postulante`
--

CREATE TABLE `examen_postulante` (
  `codExamenPostulante` int(11) NOT NULL,
  `orden` int(11) NOT NULL,
  `nroCarnet` varchar(10) NOT NULL,
  `codActor` int(11) NOT NULL,
  `puntajeAPT` float NOT NULL,
  `puntajeCON` float NOT NULL,
  `puntajeTotal` float NOT NULL,
  `puntajeMinimoPermitido` float NOT NULL,
  `codCarrera` int(11) NOT NULL,
  `codCondicion` int(11) NOT NULL,
  `respuestasJSON` varchar(1000) NOT NULL,
  `codExamen` int(11) NOT NULL,
  `nroCorrectas` int(11) NOT NULL,
  `nroIncorrectas` int(11) NOT NULL
) ENGINE=InnoDB DEFAULT CHARSET=utf8mb4;

--
-- Volcado de datos para la tabla `examen_postulante`
--

INSERT INTO `examen_postulante` (`codExamenPostulante`, `orden`, `nroCarnet`, `codActor`, `puntajeAPT`, `puntajeCON`, `puntajeTotal`, `puntajeMinimoPermitido`, `codCarrera`, `codCondicion`, `respuestasJSON`, `codExamen`, `nroCorrectas`, `nroIncorrectas`) VALUES
(30721, 1, '013814', 29066, 67.152, 105.028, 172.18, 72.933, 2, 1, ' ABBBBBBXAXXXBXXBXBBABBXBDBBXXXXBXXXBBBXBXBBXXXBBXEBXXXXXEXBXXBXBXBBBXXXCXXBXXBXXXBXXBBBXXEXBBXXBCXBD', 1, 44, 7),
(30722, 2, '009161', 29067, 49.847, 93.792, 143.639, 72.933, 2, 1, ' CADBXXDBXXBBBBXBABXCBBBBXXBXBEXBXBBBBCDBXXXAXCXBBXBDXXBCBXXBXBBXBCXBBBBAECXBBBXBBBXXADCXBXEEEBABECXB', 1, 42, 27),
(30723, 3, '017841', 29068, 55.955, 73.407, 129.362, 72.933, 2, 1, ' XXBBXEBBBCXBBDXBBBBABEXEXBXXXBXXXXBBDXXBBAXBAAXBBBBBXXBXEXXBDXXXBEXXBBXXXXXBBXXXXXDEBEDEXBXBBXXXXXXX', 1, 36, 17),
(30724, 4, '030871', 29069, 83.432, 43.838, 127.27, 72.933, 2, 1, ' AXBBBBBBBABABXXBBBBBBBXXBBBXBXCCBEXXXDXCXXXXXXXXXXXXXXXXXDXXXBXBXBXXBEBXXXXXXXBXXEBXXBBXBXXBBXXXXXDX', 1, 34, 11),
(30725, 5, '027263', 29070, 65.114, 53.017, 118.131, 72.933, 2, 1, ' CBBXBBBBBAXXEXBXBABXBXBBBBAXBXXXXBXBXEBXXXXXXXXXXXXXXDXEEXXXBXXBBBXBBBBAXBXXXXXBDCBXXXXXXEXXXXBXXXXX', 1, 32, 12),
(30726, 6, '024097', 29071, 63.076, 53.012, 116.088, 72.933, 2, 1, ' BBXABXBBBABDBXBXBEBAEXBABBBXBXBEXAXXBXCXBEXXXXXXXXBXXBXBXBBXBXXBXXXXXXXXAAAXBXBXAEXEXBXXEXXBBCXXBXXX', 1, 33, 18),
(30727, 7, '047438', 29072, 45.783, 69.333, 115.116, 72.933, 2, 1, ' AXXBBXBXBDBXBXXXXBXABXBBXEXXAXXXAXXXBXXBXBBXXXBBBDCAEBXXXEXBEBXBXXBXXXXXXBXXXXXBXXXXXXXBBEXXXBXBBXXX', 1, 31, 11),
(30728, 8, '023827', 29073, 45.783, 69.333, 115.116, 72.933, 2, 1, ' AXXBBXBXBDBXBXXXXBXABXBBXEXXAXXXAXXXBXXBXBBXXXBBBDCAEBXXXEXBEBXBXXBXXXXXXBXXXXXBXXXXXXXBBEXXXBXBBXXX', 1, 31, 11),
(30729, 9, '052793', 29074, 47.809, 66.28, 114.089, 72.933, 2, 1, ' XBBBXXAXBECBEBBBBXBDAEBBXCXBDBCXBXXXXBBXXXBBXXXBXXXXBXBXXXBXBXXBXXXXXBBBXBXCXXBXXXXXXXXXXXXXXXBCXXXX', 1, 31, 12),
(30730, 10, '030509', 29075, 45.777, 68.307, 114.084, 72.933, 2, 1, ' XBCXBDXXBDXBAXBEXBBBXBXBBBDBXBBDXXXXBXXXXXXXXXXXXBXBEXBBXBXDBXXXBBCDXXCXXXXBDBXAXXBBBABAXBXAXDXXBBAD', 1, 33, 20),
(30731, 11, '048263', 29076, 59, 53.012, 112.012, 72.933, 2, 1, ' ABBXXBBABDCBBEBCBXBAEBABBBACEBBAXBXXXEDBXXXXXBXXXXXCXXXXBBXBABXABBXXXXCCBXXXXXBXXBXXCBBBXXXDXXXXXDXA', 1, 33, 22),
(30732, 12, '047925', 29077, 66.127, 41.806, 107.933, 72.933, 2, 1, ' AAXBCDXABDBBXBBBXBBABBBBBCXBABBXBXXBXXBXXXXXXXXXXXXXBXXXBCXXXXBXXXXXXXXXXXXDXXXXXAXXBXXXXXXBXBXXXBXX', 1, 29, 10),
(30733, 13, '029839', 29078, 56.974, 47.927, 104.901, 72.933, 2, 1, ' XXBXXBBBBABXBBABXBXAXXBDAXXBCBXXXXBXXBXXXXXXBXBXBXXXXBBXXXXXXXXXBXXBXXXXXXXCBXXXBXXXXBXXXXXXXXXXXXXX', 1, 27, 5),
(30734, 14, '018245', 29079, 35.587, 66.23, 101.817, 72.933, 2, 1, ' ABBBEBACBBADCCBDECADBEBBCCBBBEEEBDCBBBDBABBBABEECEDDBBDBBAAAAAABAEBDAABDBADBBABAABAEBBEEBDCBBAEEEBAC', 1, 40, 60),
(30735, 15, '019283', 29080, 54.936, 46.881, 101.817, 72.933, 2, 1, ' ABXXXXDEBXBBXBBABXBXBBXECABBBBXDBXCXBDXBXXXBAXDXXEBXXXECXABXBBEEBXXXBBXXXXAXBABCEECDBXBXXXBXEXCXACXD', 1, 32, 28),
(30736, 16, '038761', 29081, 49.847, 50.965, 100.812, 72.933, 2, 1, ' BBBBBXBAXAXBXBXEBXDXXEBBEBBEBXBXBBXBXACBXXXEDBABXBXBBXXDXXBAXXXDXXXXXXDXBXXXBXBABXCEEBXXXECXBACCXXXX', 1, 31, 25),
(30737, 17, '039006', 29082, 53.923, 45.885, 99.808, 72.933, 2, 1, ' XXBXBBXBBABBDBXDBBDAXBBXXXXXXXXBXXXXXXXXXXBXBXCXCXXXXXXXXXXXXXXXBXXXBBBXXXXXXXDXXBXXXXXXBBXXXXXXBXBX', 1, 26, 6),
(30738, 18, '004849', 29083, 48.828, 50.975, 99.803, 72.933, 2, 1, ' DXBEXBCEBAAXABBBXABCBBXBBXXBXBEXBXXBXXXBXXXXXXXXXXXABXXXXBXXXBBXXXXEBBBXXXXXEXCXXCEDCXBBBXXAXXXBBXXX', 1, 29, 18),
(30739, 19, '001432', 29084, 64.095, 31.611, 95.706, 72.933, 2, 1, ' ADBBXBBBBAEBDXXXXBBADBXABBXBXBXXXXXXXXAXXXXXXXXXXBBXXXXXXXXXXXXXXXXBXXXBXXXXXXXBBXXXXXXXXXXXXXXBBXXX', 1, 25, 6),
(30740, 20, '032447', 29085, 30.516, 64.233, 94.749, 72.933, 2, 1, ' XBEXADBXBXBXBBABXBXEXAXXXXXXXBBXBXBXBEXXEBAXXXXXXXBXXXXABXXBXXXBADXAXBXXXXBXBBXBXXBXBAXXDXXBXXBXXXXX', 1, 27, 15),
(30741, 21, '015074', 29086, 60.025, 34.654, 94.679, 72.933, 2, 1, ' ABBXXBBDCEBXBEBBXXBABABXXBXBXBXXXXAAXBEBCBXXXAAXXBAXBXXXXXEXXDXXXBXXXBBBXXXXXXXCXXAXXBXXXBDXBCXXDXXX', 1, 28, 19),
(30742, 22, '022813', 29087, 46.796, 35.68, 82.476, 72.933, 2, 1, ' XXBBXDXXDDXBXXCBDABABBBBXXBBBXXXXCXXBXXAXXXXAXXXXXXXXXXAXXXXXBXXXBBXXXXDXDXBBBCXXXXXBBDXXXXXXXCBXXBX', 1, 24, 15),
(30743, 23, '027426', 29088, 40.688, 39.759, 80.447, 72.933, 2, 1, ' AXBXAXXDBAXBCXBXXEAAXBXBABDCBBXXBXXXXXBXEXXXXXBXEXBXXXXXXXXXBXEBXXXXXXXXXAXXDXXCCEBBXEXBXXXXXXXXBXBD', 1, 24, 17),
(30744, 24, '002779', 29089, 29.491, 49.939, 79.43, 72.933, 2, 1, ' BBXXXBCBEABEAEBXABXXXDBXECBXBDXABXAXBBBCABXBDXXXXCXCXAXXEXAXXXADAXBXXDCCBBXXAXCEXXXCCXBXBBCBBBBEXBXD', 1, 28, 34),
(30745, 25, '030774', 29090, 46.802, 31.606, 78.408, 72.933, 2, 1, ' AXBCBXXBBABXEXXXXXXAXXXBXBBBXXCXXXXBBXXXXBXXXBXXXXXXXXXDXBEXXXXBXXXXXXXXXXXXXXXXXXXXBXXBCXXXXBXXXXCX', 1, 21, 7),
(30746, 26, '050514', 29091, 42.72, 35.675, 78.395, 72.933, 2, 1, ' XDABBBBBCXCABBBXBCEBBBXXXXAEBBEXXBXXXDXXXXXXXXXXBBXXBXXXBXDXEBXXXDAXBAXXBXXXEXXCXXBXXXADXXAXXBXBXXAD', 1, 25, 23),
(30747, 27, '036889', 29092, 49.847, 26.511, 76.358, 72.933, 2, 1, ' ABBDBXDAXABXBBXXXXDXBBCBXBBCBEXBXXXXBXXXXXXXXXXXXXXXXXXXXXXXXXXXXXXBXBCBXBXXXXXXXDXXXXXXBXXXXXXXXXXX', 1, 21, 9),
(30748, 28, '041484', 29093, 44.752, 31.601, 76.353, 72.933, 2, 1, ' XBBBBXXBDXABBBAABAECEBBBABAEBDXXXXXCXXXXXXXBXXXXXBBXXXXXXBXAAXEXBXXXXXXXBCDXXXXXXAXXXXXXXXCXDBXBXBBX', 1, 24, 21),
(30749, 29, '039014', 29094, 47.815, 27.527, 75.342, 72.933, 2, 1, ' XBXBXXXBBAXBBBBXAAXXBAXEBXEBBXBXXXXXXDDXXXXXXXXXXXXXXXXBDXXXXXXXXBAXXXXXXBCXXXXXXXXXBXXXXXXXBXXXBBXX', 1, 21, 10),
(30750, 30, '027922', 29095, 36.618, 37.712, 74.33, 72.933, 2, 1, ' XBBDBXXBBCXXAXBAAXBABXEAABXXXBXDBAXXXXXXBXXXXXBXXXDXXXXXXDCBBXXXBXXBBXBXDXXEADXXEXDXXXXABDXDBABXXXXD', 1, 24, 23),
(30751, 31, '030183', 29096, 33.567, 39.759, 73.326, 72.933, 2, 1, ' XXXXBCXBBXBCBCXEBBXEEXBXBXXBEXXXXXXXXDXBXXXAXXXXXCCXXBBXBXBBXXBBXXXXEXAEXXXXXXXBXXBXBXXBXXXXEXCXXXXX', 1, 22, 16),
(30752, 32, '001925', 29097, 37.637, 31.596, 69.233, 72.933, 2, 2, ' ACBBXBXXXXEBXXXBBBDXBBABXCXCDXXXXEXXXXBXXBXXXEDEXABBBXXXXXXXXXCXXXXEXBAXXBXDXXXXXBXXAXXXXBXDXDBXAXBX', 1, 22, 20),
(30753, 33, '038145', 29098, 37.637, 31.596, 69.233, 72.933, 2, 3, ' ACBBXBXXXXEBXXXBBBDXBBABXCXCDXXXXEXXXXBXXBXXXEDEXABBBXXXXXXXXXCXXXXEXBAXXBXDXXXXXBXXAXXXXBXDXDBXAXBX', 1, 22, 20),
(30754, 34, '002232', 29099, 34.586, 32.627, 67.213, 72.933, 2, 3, ' AABDBXBBXXEXXXXXBBXBDXBXBXBXXCXXXXXXXXXDXXXXXXBXXXXBXXBBXAXBXXXXXXXXCXXXXXXXXXXBXXXXBAXXXXXXBBXXXXXX', 1, 19, 10),
(30755, 35, '049315', 29100, 30.522, 35.685, 66.207, 72.933, 2, 3, ' XXXXBBXBXXXDXXBXAXBABXXBXXXXXXAXXXXXBXXXEXXXBBXXXXXXXXCXXBXXXXXXXXXXXXBBXXBBXXXXEXXBXXXXBXXXXXXXXEXX', 1, 18, 7),
(30756, 36, '039941', 29101, 33.573, 31.606, 65.179, 72.933, 2, 2, ' EBXXBXBXXXBBCXXBXAXAXXBXXXXBXXXXBXXXXXBXBXXXXXXBXXXCXXXXXEXXXEXXXXXXXBXXXXXBXXXXXXXDXXXXDBXBXXXXXBXX', 1, 18, 8),
(30757, 37, '027094', 29102, 29.497, 35.68, 65.177, 72.933, 2, 3, ' AXAXXDXBXXXEXCXXXEBABBXABEBXBXDBXXXXBBXXAXXXXXXXBXXXXBXXDXBXXXXBXXXBXXXXCXCCCXAXBXXXEBBXXXXXXXXXXXXX', 1, 20, 16),
(30758, 38, '029244', 29103, 24.396, 40.745, 65.141, 72.933, 2, 3, ' DCBXDBBDCECBXDAADCBAEBEBDBDBXXAXECBEXXDBABADBDXCDBACDXBCCBCADXBEXDXEBXECAXDXDBCCCBDXDXAXXBACBBBBBBBA', 1, 29, 52),
(30759, 39, '028248', 29104, 40.688, 24.449, 65.137, 72.933, 2, 3, ' EDBXBBXXDXXBDXCEBBCXXBXAXBBBBBCXDAXXXXXBXDXXCAXXXXXXEDXDXXEXBBXEXEDEDXXEBBEXBBXXBBBXXXBXXXCXXXXXDXDX', 1, 23, 28),
(30760, 40, '010508', 29105, 31.529, 32.607, 64.136, 72.933, 2, 2, ' DXXBCBBXXAXDCABBAXBCXXXXCXBEBBEXXBXBDBXXXXAXXXXXXXCBXDXXBBBCCAEXEDBXXABAEBEXXXXXBXXXACXXBXXXCXEXXXBE', 1, 23, 29),
(30761, 41, '028553', 29106, 21.345, 37.672, 59.017, 72.933, 2, 3, ' BAXDACXCAADBEBXBXAXABBCEBBAAXACBBCDBDAABCABECDBCBDDEDCCEEBDBBDDDAEDDEXABCBXAEDDACAABABBBBCCDCBEBBCED', 1, 30, 62),
(30762, 42, '018262', 29107, 44.758, 14.224, 58.982, 72.933, 2, 2, ' BXXDBAXBBCBXBBDBBABDXBXBCXXBBXEXEBAADDDDXECBXABAEDBBABADDCCCXAXEXXABBXBEABDECDAXXCXDAXCDXBCCCBDEBXDD', 1, 27, 50),
(30763, 43, '040853', 29108, 41.713, 13.228, 54.941, 72.933, 2, 2, ' ABBAXBXBBXXXCXXXXBXAXXBXEBXXXBXXXXBAXXAXBXCCXDAXXCXBXBAXXDBXXAXAXBBEXCXXEDXXXCBXCEXEXXXXXXDBXDXDXXCX', 1, 20, 26),
(30764, 44, '026726', 29109, 23.395, 30.58, 53.975, 72.933, 2, 3, ' AXXXXXXEXAXEXBXDXXAXBBXAXXXBBXDXXXXXXDXXBXXXDXXCXBXXXXXBXBXXXXXXBXXBABDXXXXXCXXXEXXBXXXXXXBXDXBEXXXX', 1, 17, 15),
(30765, 45, '041499', 29110, 29.497, 24.444, 53.941, 72.933, 2, 3, ' ABXDXXXBXBXBBXXCBXDCCXXBXXXABBCXBXXBDDXXCXXXDXXEXXXAXCDXXXXDBCBXXCXEDCXBBABXCXXAXBXXXXCXBCXDBXBBCXAA', 1, 21, 31),
(30766, 46, '029394', 29111, 32.542, 21.396, 53.938, 72.933, 2, 3, ' ECXDXEBBDAXXAXXEBBDABCCBBBCXBCXXXBCXBXXEXEEXXXEXXXXXXEAXXCXXXBXXXXEBXCXXXXXXEXXCXDBXXDXXAXXBXBBXXBXX', 1, 20, 27),
(30767, 47, '047357', 29112, 34.58, 19.349, 53.929, 72.933, 2, 3, ' ABXXXXBXAXEBBEDCAXXDBACCBBBXBBXXBCDAXXXBBXEXXXEDXXXXADAXACXXBXBXXXAXXXXXXXCDBXXXXDBXXAXXXBEBCXEXEXBC', 1, 21, 31),
(30768, 48, '050329', 29113, 26.446, 23.433, 49.879, 72.933, 2, 3, ' XXEXXBBXBBXEXBXXXBXXBXBXXDAXDBXXBBCBDXXCXEBEXXXXXCXXBEXXAXAXXXDXXXBXXAXBXXEBXXXXXEXBXXDXECCXXBXXXXXX', 1, 18, 23),
(30769, 49, '028851', 29114, 33.567, 16.306, 49.873, 72.933, 2, 3, ' AXXXXDBXXAXXXADDBBXEBBBXBAEBXXXXXBXXXAXXXXXAXXXXXXXXXBXBBXABXXXXXXXXCXXCXXXXDXXDXXXXXXXXXXXXBXXXXEXX', 1, 16, 15),
(30770, 50, '045288', 29115, 30.516, 18.348, 48.864, 72.933, 2, 3, ' XBXBBXAXXBXXXXXBXBXXXCBBEEXBBAXXXXXXXXXXXXXXXXXXXAXXXXXXXXXXXEXXBXXCEBXXEEXXXXXXXXXXBXBXXXXXXXBXXBXX', 1, 15, 12),
(30771, 51, '031385', 29116, 29.497, 18.348, 47.845, 72.933, 2, 3, ' XXXBBXCXCCDXBXBXDBXXXBXXBDCBBXXXXXBXXXXXXXXXXXXXBDCXXXXXXXXXBXXXXBAXXXXXXEXXXDXXXXAXXXXXXXXXBXBXXXXX', 1, 15, 13),
(30772, 52, '010992', 29117, 18.3, 28.543, 46.843, 72.933, 2, 3, ' EXXXXBAXXABXABDDBAXEDBXXBXXEEXXXXXDXXXXBXDXXXXXXEXXBXXXXXXXXXXXABXXXXXXXXBCXXAXXBXXBXXBBXXXCXDXXBXXX', 1, 16, 18),
(30773, 53, '034541', 29118, 26.446, 20.38, 46.826, 72.933, 2, 3, ' XXXBXXBXXXBBAXDEXBXXXBXXXDBCBAXXXBXXDXXXEXXCXXXXXDDBXXXEXBXXBXXXXXXCXBXXAXXXAXEXXXXBXXXXXXBXXXXDBCXX', 1, 16, 18),
(30774, 54, '012922', 29119, 26.446, 19.364, 45.81, 72.933, 2, 3, ' ACCXXXXXAXBXBBXBXAXXXXXXCBBXDBAXBXXXXXXBXXXXXXBEXXXXXEXXXXXXXXAXXBXDXXXXXXBEXXBXXXCXXXDBXXXEXXXXXXXX', 1, 15, 15),
(30775, 55, '032284', 29120, 34.58, 10.175, 44.755, 72.933, 2, 2, ' CBDABXBBXEBDECBBXBBXEBXXABXXAXCDXXDXXXXXXXXDACXXXBXXXXCXBACEBXCXEXACXXXXXXBXBABXXAXCXDXXXXXXXXBXXXXX', 1, 18, 28),
(30776, 56, '020364', 29121, 21.363, 22.422, 43.785, 72.933, 2, 3, ' XXEXXXXBXEBXDXBBBXXXXXXXXXXBXXXXBXXCBBXXXXXEBXBXXXXXXEXXAXEXXAXXXXXXXBXBXXDXXXXXBXXXXXXXXXXAAXXXXXXA', 1, 14, 13),
(30777, 57, '012197', 29122, 26.44, 17.317, 43.757, 72.933, 2, 3, ' AXBCXEABAXACXADBXXXABDXXBBBXEXXXXXXXEDXAXXAXXDEXBBXEXXXABBXDXXXXXXXXCBXXXXXAXXXBAEXXEXAXXXXXXXXXBXXD', 1, 17, 25),
(30778, 58, '040961', 29123, 26.452, 15.285, 41.737, 72.933, 2, 3, ' AXXXXBDXDXXXXXXXBXXABXBBXXXXXXXXXAXEBXXXXDDXXXXXXXXXDXXXXXAXXXXEXBXXXXXXXXXXXXBXXXXDBXXXXXXBXBEXXXXX', 1, 13, 11),
(30779, 59, '043066', 29124, 25.427, 16.296, 41.723, 72.933, 2, 3, ' AXXBBXXDXXDXBEXXXXBXBABBXXXDECXEBXXXXBXAXXXDXXEXXXBBDXXXAXXDDXDXXDXXXXXCXXXEXXCEXXBXXXXXXEXBXXBBEXXX', 1, 16, 23),
(30780, 60, '029599', 29125, 33.567, 8.148, 41.715, 72.933, 2, 2, ' XXEBBBXXEXBECXDXBBXXXCBBBDXXXBBXXXXXXXXXXXXXXXCXXXXXXDXXBXXXXXXXXXXXXXAAEXXBXXXXXXXXXXXXBAAXXXXXXXXC', 1, 14, 15),
(30781, 61, '014175', 29126, 13.211, 24.464, 37.675, 72.933, 2, 3, ' ECBXDADXBABBXXXBXXADEDDXXXDXXXBXXXXDCXDXXXXXXXXXXXXXXBBBXXXAXXAXXBXXXXXAXXXXCXXBBXXXXXXXXXXBXXXEXXXX', 1, 14, 19),
(30782, 62, '007556', 29127, 33.567, -0.01, 33.557, 72.933, 2, 3, ' XXBXXXEBXXDEBXBBBEXDBBBXXXBXDEXXEXXXXXDXXXXXXXEXXDXXXBXXXXXXXXDXXXXXXXXXXBXXXXXXXAXXXXXXDXCXXXXXXXXX', 1, 12, 15),
(30783, 63, '042883', 29128, 11.185, 21.401, 32.586, 72.933, 2, 3, ' XXEXXXXXBXXXDXXDCXBXXXXXBBXEXXXXXXXXXADXXXXXXABBXXCBXXBXBXAXXXXEXXXXEXXXXXXXBBXAXXXXXXXXXBCXCXXXCXXX', 1, 12, 16),
(30784, 64, '037578', 29129, 30.516, 2.012, 32.528, 72.933, 2, 3, ' ABBXACBCXXBXXBBXBXAXXECXXXXBXXXXBAXXXAXCXAXBXCXXAXXXEEECBEBBDXCXXXXXXXDXXCXXXDXEXBEXDXXXXXXEXXXEXCXX', 1, 15, 28),
(30785, 65, '009389', 29130, 28.478, -0.02, 28.458, 72.933, 2, 3, ' XBXXBXXAXXBXAXXBXXBDEBXCBDBEEBCXXBBXXXXXXXEXXXXEXXXXXBXXXXXXDXXXXXXDCXDACDXXCXXXAXXXXXXCXXXEXXXXDXBC', 1, 13, 24),
(30786, 66, '015812', 29131, 11.173, 14.264, 25.437, 72.933, 2, 3, ' ECCBCBEEXXBDDBXXXXDAEXDEXXDBXXBBCXCXXXXXXXXBAXXXXXXCXXCXXXDXDXXXXXXXXXXXXXXXXCXXDXXXBXCBXXBXXXXXXXXX', 1, 12, 23),
(30787, 67, '028527', 29132, 10.142, 10.13, 20.272, 72.933, 2, 3, ' AEBABADBADBCAAECECDADAABACEBACCBCDCEBEADCDEEEDBBCCBADABEBDEBABCEBCDADABEEDEDDEBCBBECDAADDDBCCACBECCB', 1, 24, 76),
(30788, 68, '042069', 29133, 6.084, 11.186, 17.27, 72.933, 2, 3, ' XAXDBXXXCCBDXXEXXBBBDDEDCBCCXXXBAXXEXXCXXXDXXXXXXABXEAEXBBDXAXXEEBDXXEXAEXXXXBXDXXBBXAXCCAXCDXXDEBXX', 1, 14, 39),
(30789, 1, '053096', 29134, 81.394, 124.397, 205.791, 72.904, 3, 1, ' ADBBBBABXABBBXXBBBBEXBBDXBBBBBXBBBBXBCBXXBBBBXECBXBCCAXBXBXXXXBEBBBBBBXBXXXBXXXBDBBXBEBBXXXXBBBXBXCX', 1, 54, 14),
(30790, 2, '045847', 29135, 88.515, 115.208, 203.723, 72.904, 3, 1, ' EBBBBBBCBACCBBBBBBBABXBBBBBDXBCXADBBBEDXBBCBBCCBXBXBXXEAXXBXDBBXBCBXXBBDBBBXXEBBBBBABDDDBBXXEXBBBBXD', 1, 56, 24),
(30791, 3, '049686', 29136, 54.936, 117.255, 172.191, 72.904, 3, 1, ' ABXXBBXBBABBXXBBBXXXBDADAEXBCBXDBXBBBBBXXXXBBBEXXBXBBBEBBXBXCEBBXBXBXBXXBEXXABBXEABBBBXBXABXDXAXAXBD', 1, 47, 19),
(30792, 4, '016445', 29137, 85.464, 76.46, 161.924, 72.904, 3, 1, ' XBBBBBAXBABBCBBBXBBABXBCBDBBBBBXEDCAXBBXXXXDXBXXXXEBCXXABBXXDBXCEXXDBBXBBXBBBXBBXXBEEXXDEBBXCXXBBXXD', 1, 45, 21),
(30793, 5, '021679', 29138, 75.286, 79.533, 154.819, 72.904, 3, 1, ' ACBBBXBBBXXBBBBBACEEBBBCXBBBBBXXXXEBXBXBEXXXBBXXXXXXXXAXXBXXXBXEBEBXBXBXBBXBBXXXBXXXXXBXXXBDBBXBXXXX', 1, 41, 12),
(30794, 6, '040466', 29139, 81.394, 63.212, 144.606, 72.904, 3, 1, ' ABBXBBBBAXBBXBBBCBXABBBBBXABCBXXEDBXXXXEXXCXXBXXBXDBXXXBBBXBXXBXXBXBXBXXXXXXXDXXBBXCXXXXCXBXXDBEBXXD', 1, 39, 14),
(30795, 7, '029698', 29140, 54.936, 85.639, 140.575, 72.904, 3, 1, ' XBBCEBBXDAXXDBXXBBBABBBXBXCCXBBXXXBXXXBXXEBBEEXXBXXABBXXCBXEXBXBBBBXEXBXEDEXCBBXDXBXXBBXBDBADABXXBBX', 1, 40, 22),
(30796, 8, '023223', 29141, 76.305, 64.228, 140.533, 72.904, 3, 1, ' AXBBBBBBBACXCDXBCBBXXBBBBCBBBBEXBXXXDXXXBABBBBEXBXDBXXXBXXDXBBXBBXAXBXCCBXXXBDBXXDDXXEXXXXXXXBXXXXXD', 1, 39, 18),
(30797, 9, '049459', 29142, 62.063, 76.48, 138.543, 72.904, 3, 1, ' ABBBXAXDBAEBXBXBXXBXBBBBXXXXBBXXXXDXXXXXBXXBXXXXXBBXXXXXBXXBXXBXXBXXXXXBXBBXBBBXXBXXXBXXXXXXBXXXBXXD', 1, 35, 4),
(30798, 10, '042091', 29143, 65.114, 70.354, 135.468, 72.904, 3, 1, ' ABEXBBBXBXBBXXEXXBBABBBBDXBDXBABBXAXXBXBXXABBBXXXDXXXXXXBEBXBDXXXXXXXXXXBBXBXXXBXXXXXBXBBXXXXXBXXDXD', 1, 36, 11),
(30799, 11, '011831', 29144, 63.076, 66.28, 129.356, 72.904, 3, 1, ' BBBBBBEXXXEBBBDXBBXXXDBBBBDBBBXCXXBBXBXXBXXXXXBXBBXXXXXXXXXXXXXXXXBXXXXBXXXBBBXXBXBXXXABXEBBXXXXXXXX', 1, 34, 9),
(30800, 12, '013836', 29145, 50.866, 77.491, 128.357, 72.904, 3, 1, ' EBXBXBXBXAXXBBBXAXBACXBBBDCXBAXBBXXXXXXXXXXXBAXXAXBBBXXBXEXBXCXBXXBXXDBCXBBXXBXAXXXXBXBBBXXABXXXXBBX', 1, 35, 14),
(30801, 13, '031503', 29146, 60.031, 65.259, 125.29, 72.904, 3, 1, ' AXDXBBBBBXXBXXXBBXXABXXBXXBBXBXXXXBXEXBXBXXBBXXXXXXXXXBXBXBXXBXXXXXXXXXBBBXXXBXXXXBBXXXXXXXBCXXXXCBE', 1, 32, 5),
(30802, 14, '049437', 29147, 48.834, 74.428, 123.262, 72.904, 3, 1, ' ABXXXBBBBXBXBXDXBXXAEAXBXDBBXXXXBXXBXBBXXXBBXBXCXBXDBXBXBDXBXXECBBXXCXXDBBBXXXXXXCXXXXDXDXXABXXBXXBD', 1, 34, 15),
(30803, 15, '033438', 29148, 40.688, 81.56, 122.248, 72.904, 3, 1, ' AXBXBBXEBEBBXBXXAACBXXBEBXEXBBABXXXXCDXXBXXBCCBEBBDXXXBBXXXBXXXXEBAXBCBDBCBBBXCAXBBXXBXBDXXXBCXBBXXD', 1, 36, 24),
(30804, 16, '020066', 29149, 65.114, 55.049, 120.163, 72.904, 3, 1, ' AXCCEBXXBABXBBBAXXXABBXBBBBXBBBXAXXCXXXXXBXXCXBBXCEXXADXXEBBBXXXBBXBBXXXXBXCXXXCXXBCXXAEXBXXXBXBXDBX', 1, 34, 18),
(30805, 17, '011781', 29150, 63.076, 54.023, 117.099, 72.904, 3, 1, ' AEBBEXXBBAXBBDAEBXBABBEBBXBXBXBXBXCBXXBXXDXAXAXDXBAXXBBXBXCBAXDBXXXCXXDAXAXBXXCEXXXBDXBXBBXXDBXBXCBC', 1, 35, 25),
(30806, 18, '005501', 29151, 60.025, 56.075, 116.1, 72.904, 3, 1, ' AXBDDXBXBABXXXBBBBXABBBEBAXXEBBXBEXBXXBBXBBDXBXBCXXXEBXEXXXXXXXCXBXXXEXXXXXXXXXCDXXXXXXXBBBXXXXBBXXX', 1, 32, 14),
(30807, 19, '045131', 29152, 79.362, 34.669, 114.031, 72.904, 3, 1, ' ABBXBBBXBXBBCXBABXXABBBXBBXBBBXXXXXXXXXXXXXXBXXBXXXXXXXXXBAXBXXXXXXXXXXXXBXXBXXXXXXXXBXXXBXBDXXXXXXX', 1, 29, 4),
(30808, 20, '025252', 29153, 38.65, 74.423, 113.073, 72.904, 3, 1, ' XDXBXBDDEAABBEEBBEBXBXXBCXBBDXDXXAXBEXAAXXEXXBXXBBXXACBXBBXBBABBBXXXDXXBXXBXAXXBCBXBXXCBAXXBXXDBBBXX', 1, 34, 25),
(30809, 21, '049113', 29154, 47.815, 63.207, 111.022, 72.904, 3, 1, ' AXXBBBXDAAXBBBBBXDXABXDXXXCXXBXBXBXDBCBXXBXXBAXEXBBAXCBXBEXXXXXXXBXEXXBXXXBBAXXDBXXBXXBXXAXXXAXDXBBE', 1, 32, 19),
(30810, 22, '015723', 29155, 61.044, 47.917, 108.961, 72.904, 3, 1, ' ABBXCBCBBABXXBXXBXXAXXBBBXACBBBAXXXXBXCXDXBBXBBXXXXXXDXXXXXXXBXXXBXXXXXBXXXXXXXBXXEXXXXXDXBXXBCEBABX', 1, 30, 13),
(30811, 23, '010013', 29156, 72.241, 36.706, 108.947, 72.904, 3, 3, ' AXXXBBXBXAXXXBABXBBAXBBBBBBBXBXXXXXXBXBXXXXXXXXXXXXXXXXXXXXXXXXXXXXXXDXXBABXXXXAXXXBXXXBBXXXBBXBAXXX', 1, 28, 5),
(30812, 24, '029817', 29157, 70.203, 37.727, 107.93, 72.904, 3, 3, ' ABBXEXXXBABBBBXBXCBAXBXBXABBBBXXXXBXXBXBXXXXXXBXBBXXAXXXXBXXXXXBBXXXXCXXXXXXXXXXXXXXXXXXXXXBXXXEXXXX', 1, 28, 6),
(30813, 25, '019571', 29158, 75.292, 29.559, 104.851, 72.904, 3, 3, ' XBXXBBXBXAXBBBBBBEBABBBXXCBBXBXBXBEBXBXBXXXXXXXXXXXXXXXXXXXXAXBXEXXXXEXXXXXXXXXXBEXEEXXDBXXXDBXCXCXD', 1, 29, 13),
(30814, 26, '046258', 29159, 63.076, 39.759, 102.835, 72.904, 3, 3, ' EBBXBBBEBABAXEBBXBBXBXBEXBXBBDXBXXDXXXXXXXXBXAXXBBXBXDEBXBXXXXEXXBXEXXBXXXCXXBXXXXXXEXXXXDXXXBXBXXXX', 1, 29, 15),
(30815, 27, '050234', 29160, 45.771, 56.075, 101.846, 72.904, 3, 3, ' BABBAXBXBXBBBBDDBCXADBDEBDCBBXDXXBXXEXBXBXXXABBBXXEXXXXXXXCXXXXXCBXXXXXXXXXXBXXXXEXBBBXXBXXBBXBXXEBC', 1, 30, 20),
(30816, 28, '026087', 29161, 53.911, 46.871, 100.782, 72.904, 3, 3, ' EBBEBXACBCABEBEBBBDABBXXABBBEBDXXBBDDXDXXXBXCXBXBCECBXEBCDCXXXXBABCBEBBABACEBEXAXXEBXBXBXXCDAAECBBAA', 1, 35, 41),
(30817, 29, '038841', 29162, 78.343, 22.432, 100.775, 72.904, 3, 3, ' XBBXXBBBBAEBABBBBBEXBXBBBBXBBXCXXXXXXXXXXXXXXXXXXXXXXXXBBXXXXXXCBXXXXXXXXXBXXXXXXXXXXXXXXXXXBXXXBXXX', 1, 26, 5),
(30818, 30, '043922', 29163, 68.165, 31.601, 99.766, 72.904, 3, 3, ' ABAXABBABXCBBBBBXXEXXBBBBBBXBBXCXXXXXBXXXXXEXBAAXBBXXXEXXXXXXBXXXXXDXXBXAXXXXXXXEXXBXXXXBXXBXXXEXXBX', 1, 28, 14),
(30819, 31, '021754', 29164, 47.815, 50.98, 98.795, 72.904, 3, 3, ' DBBBXXXXXAXXBBEBDCBXXBXBBBXBXCXXBBXCXXXXXXBXXXXXXXXEXXBXBBEXXAXXBBXXBXXXXXXXCXXXXXXXXBXXBXXXDXBBBXXX', 1, 27, 11),
(30820, 32, '040713', 29165, 38.65, 60.124, 98.774, 72.904, 3, 3, ' EBXCBBBBXDBEXXCCEDBAXBXXCBDBXBCBXDXBEECEXADXBBAACBADCBADXDXEBBDBCBXXBBXBDXBBBEXEEEABBCABBAEXXXBBDABA', 1, 35, 43),
(30821, 33, '025614', 29166, 34.574, 63.197, 97.771, 72.904, 3, 3, ' BABABAABEABCBBBXECXDEEXBBEBBXAXXXXBDCABCXXCBBBAXDXAEEXXBXAXXXCBEBXXABBBBDBEBBCXXXDCXXBBEXXBBAXBXXABX', 1, 33, 36),
(30822, 34, '001849', 29167, 45.783, 50.965, 96.748, 72.904, 3, 3, ' ABXDXXDXBXXXXXBBXBXAXXCBBBBXXBCXXBXXXBAXBBDXEXXCCBDXXBDXXCAXXXBXXEXBXXXBXXXBDXDEBXXXEBXDXBBBXCBXAXBX', 1, 29, 21),
(30823, 35, '047643', 29168, 42.726, 53.012, 95.738, 72.904, 3, 3, ' XBBXBEBBXXEBXBBXBXXADEBXXXABEXXXXXBXXXXEXXXBXAXEBBBXXCXXXXXECXBXBXBXXBXCXBXXXXXXBBXXXBBBDXABXXCXXXDE', 1, 28, 18),
(30824, 36, '043811', 29169, 53.923, 40.78, 94.703, 72.904, 3, 3, ' XBBXXXXXCXBBBXEBXBBAXCXBBBXBXBXBXXXXXXXBXXXXXBXXBBBXXXXXXXXXXBXXXXXXBBDDXEXBXXXXXXXDXBXXXEXXXXCXCXAD', 1, 26, 11),
(30825, 37, '043708', 29170, 60.025, 34.659, 94.684, 72.904, 3, 3, ' AXBXBEXXBABXCBBXBCBABXBBEBXXBDXXCXXXBDBXXXXXXXXXXAXXXXXXXXEXXXBBXBXXBXXEBEXXXXBXBBXDXCXEXBXXXXXXXXDX', 1, 27, 15),
(30826, 38, '015505', 29171, 63.076, 31.596, 94.672, 72.904, 3, 3, ' XBCCCBXXBABXBBBXABBXBXBBCBABBBAXXDXXXXXXXXXXXBBDXCXXBDXAAXXXXEXXXXXBBXXAXXXXXBXACXXXXXBXXXXBDXXBBXBA', 1, 28, 19),
(30827, 39, '014447', 29172, 40.682, 51.966, 92.648, 72.904, 3, 3, ' AEEEXXBBABEBXBBBCBBBAXAXBBCCBBXBBEXXBAXABXCEBXCCACBACDCACABXDABCXXDDCCACXBEBBXBBEXXXDEBCBEEBXBBXBBCD', 1, 34, 45),
(30828, 40, '046992', 29173, 50.866, 39.759, 90.625, 72.904, 3, 3, ' AXBBCXBXBADXBXXBXBXABAXBXBDBDEXXXBXBXXXXXBXXXXBXBXXXDXXXEXAXBXXXXXXXBBCAXXXXDXBXXEBXXXXCXBXXBDXXXXXX', 1, 26, 15),
(30829, 41, '010258', 29174, 61.044, 29.564, 90.608, 72.904, 3, 3, ' ACBBXBBXDABXXEBBBXCXXBXXXBBBBBXXXXXBXXXXEXXXCXXXXXXXXXXXXXXBXXXXBXXBXXXBBXXBBXXDCAXXBXXXAXXXXXXEXXXX', 1, 25, 11),
(30830, 42, '035089', 29175, 38.656, 50.965, 89.621, 72.904, 3, 3, ' XXBXXECBXEDXBAXXXBBAXABXXXBBBBDDXBBCXXXDXXBBADEDXXXXEEXAXXXXABBBAXXBXBBXXCBAXXXXBXXXCDXXXBBXBBEXXXBX', 1, 28, 24),
(30831, 43, '039334', 29176, 35.605, 53.022, 88.627, 72.904, 3, 3, ' DXEXDXXBXBXCBXXBBBBAXXBBXXXBXXCXXBBBXXXXXXXBXXBXXXXBXXXXBXXBXXXXXBABXXXBXXXBXXXXXXXXXXAAXXXXBXXBXXXX', 1, 24, 9),
(30832, 44, '044531', 29177, 54.942, 32.627, 87.569, 72.904, 3, 2, ' AAXXXXBBBABBXXXBXXBABXBXXBBEXXXXXXXBXBXBXABXXXXXXXXXXXXDXXXXAXXXXXBXXXXBXXCBXXXXBXXXBXXXXXXXXXXXXXXX', 1, 23, 6),
(30833, 45, '022377', 29178, 50.866, 36.696, 87.562, 72.904, 3, 3, ' ABXXXBBBDAEBBEXAXXXAXBBBBBXAEXXXXXXXBCXBXXXXDBDXXCBXXXXBXXXXXEXBXXEXXBXXXCEEEXXBXBXXXXXXXBXXXXAXBCXD', 1, 26, 18),
(30834, 46, '013496', 29179, 51.885, 34.649, 86.534, 72.904, 3, 3, ' ABCBXEXBXAXBBAXXBAXXEBBXBBXXBBXXBXEXBXCXBBXABXCBXXXXXCXXBBCXXXBXBXCDXXXDXDXBXCCAXXXEBXCXXXEXXXEBDXXX', 1, 27, 23),
(30835, 47, '024959', 29180, 61.044, 25.485, 86.529, 72.904, 3, 3, ' ABBBXBBBAXXBXEXBBBEABBEXXBXXXBBXXBXXBXXXXXXXXAXBXAXXACXXXBXXXXBXXXXXEXXDXXXXXXXXXXXCXXXXXXBXXXXXBXXX', 1, 24, 11),
(30836, 48, '005603', 29181, 35.587, 50.93, 86.517, 72.904, 3, 3, ' DBDCECBBBCCBEBEBCBEAACEDEBBBBCCBEBBBAADEDBCEEDABECEABBABDBBAEBBDAEBBBDBCAAAEDBDEDBBEDDBDCBEECBEDBCDE', 1, 37, 63),
(30837, 49, '003814', 29182, 54.936, 30.57, 85.506, 72.904, 3, 3, ' XXBDBBBBBXXXXDBBBXACBBAXXDBBBBADCXXAABXXXBBBBACXXEXBEXXXXXXBBXXXXXCXDXXBXXXXAXDCXXXXXAEEBXXXXXXXBCXD', 1, 27, 24),
(30838, 50, '025625', 29183, 50.866, 32.622, 83.488, 72.904, 3, 3, ' AABXBXXBBXXXXBABBEBABBBXDXDBXAXBXXXXXXBXXBBXXXXBXXXXXXABXXXXXBXXAEXXAXXXXDXXXXXEXXXXXXBXBXXXDBEXXXXX', 1, 24, 14),
(30839, 51, '040709', 29184, 46.796, 35.69, 82.486, 72.904, 3, 3, ' ABBBBBXXBXEXXXXDXXBACAABXDBBBXXXBXXXXXBXXXXXBXXXXXXXXBXXCXXXXXXXXXXXXXBXBXXXBBBXXXXXXXXXXXXXXXXXXXXX', 1, 22, 7),
(30840, 52, '034194', 29185, 50.866, 31.596, 82.462, 72.904, 3, 3, ' ABXAXXAXDAXXBBBDBBCXDBBBXBXXBBXXEXXXXXXXXXBBXXBEAXAXXXBBXCCXXBXBXBXXXBDXXEXXXBXDDXXCXCXXXDXBXXXXXXXX', 1, 25, 19),
(30841, 53, '047466', 29186, 35.593, 45.85, 81.443, 72.904, 3, 3, ' BDBCBBBBXCCBXBEXBBAAADXADEXABBDDBXDEADBBDCACDBXEBEXCXCCXBEXBDXAXXXXXXEBXCCADBXXBCBBXDBDEXBBBBBXEDBEX', 1, 31, 44),
(30842, 54, '036537', 29187, 47.815, 31.596, 79.411, 72.904, 3, 3, ' EEBCXXXBXABBBBXXBXBAXXBXAXAXBBBXXXXBBXXXXXXXBBXXXEXADXXCXXAXXCXXBEXXBXXXEBXXXAXDXBXXXXDXXXBXXDXXCXBX', 1, 24, 18),
(30843, 55, '000207', 29188, 40.688, 36.686, 77.374, 72.904, 3, 3, ' DXXBBXBBBAXABEAXBCCDXBXBBBXXCXDXXCXXBAEXBDXXXXABXDBBXXBBBXXXAXAXBXXXXXEBBXCCDXXXBEXAXXXXEDBCXXEXXXCD', 1, 26, 28),
(30844, 56, '050548', 29189, 47.809, 29.529, 77.338, 72.904, 3, 3, ' XXBBABBBBABXBCBBBBXCDEBDDCXXEXEBEBABXBEADXDXCXACBCXCCXEXXXCDXDEDBEXXDBABXAXBAAXXBEDEEBEBXDCBBBACXBDX', 1, 30, 44),
(30845, 57, '044694', 29190, 38.656, 35.685, 74.341, 72.904, 3, 3, ' EBXXXBXXAABBXXCDXBDXXBBBBDBXXXXXXXBXXXXXBXDXXXXXBBXBXXXDXCXXXXXXXBXXXXXXXAXBXBXXXXXXXXBXBXXXXXXDXXXX', 1, 21, 11),
(30846, 58, '037791', 29191, 46.796, 27.522, 74.318, 72.904, 3, 3, ' ABAXBABBXAADBXCXXBBXBBXXAXBXXBXCBXXBXBCXBBXXXXXXXXXXXXXAXXXXXXXXEXXXABXXBAEXXXXBXXBXXXXXXXXXXXXEXXXB', 1, 22, 15),
(30847, 59, '053856', 29192, 61.038, 12.217, 73.255, 72.904, 3, 3, ' AXXEXCBBADBXBBBBBDBABBBXBEBCBCXXXCXXXXXXXEXXXXXXDCXXAXBXXXBDXEXDXXXCBEXXBBXXXBBDXDXXXXCXXAXXXDXXXXXA', 1, 24, 24),
(30848, 60, '047563', 29193, 52.904, 19.374, 72.278, 72.904, 3, 2, ' XXBBBXXBBAXBBBXXBDCBXXBBBCBXXXXXXBXXXXAXBXXXBXXXXXXXXXXXXXXXXXXXXBXXXXXXXXXXXXXXXXXXXXXXXBXXXXXXXXXX', 1, 19, 5),
(30849, 61, '025222', 29194, 29.497, 41.791, 71.288, 72.904, 3, 3, ' BXBAXCBXBXXXXBDXXXEXBXBBBXEBCXBXAXEXXXXXXXBBXBXXXBDXXXDBDXAXCBXXXXDCAXBXBXXXBXXXXAXDBXABXCAXXBXXXXBX', 1, 23, 22),
(30850, 62, '022404', 29195, 46.796, 23.448, 70.244, 72.904, 3, 3, ' XXXBBXXXBDXCBBXBBBBAACBXDBEXXBXXXXXXXXAXXBXXXAXBXXXXXXXXXXXXBXXXXCXXAXXBXCXXXBXXBXXXXXXXXXXBXXXXXXXX', 1, 20, 11),
(30851, 63, '003569', 29196, 33.567, 35.68, 69.247, 72.904, 3, 3, ' ADBXBBXXDAXBABEAEXXXXXXBXXBAXBXXXXXXXDBXAXBXXBXBXXXDXXXXXBXXCXXXXXXXBXBCBXXDXXXCXBXBEXXXAXBXXXXXXXXX', 1, 21, 16),
(30852, 64, '027316', 29197, 46.796, 22.432, 69.228, 72.904, 3, 3, ' EBXXXDBXAAXBBXXBBBBAXCBABXXBDXXXBXXXXXXXBXXBXXXXXXBXXXXXXXEXXXXXXXXXXXXXBXBXXCXXXXXXXXXXXXXXXXXXXXXX', 1, 19, 8),
(30853, 65, '035255', 29198, 38.656, 30.565, 69.221, 72.904, 3, 3, ' ABXXXXBCXADEEBXEXXXABBBXCBXXBXXADXEXXXBAXXBXEXXAXBXDXXXXBXBXBXDCXXBXDAXECABBXXDCDXDXXXXDBBXEXAXBXXBE', 1, 24, 28),
(30854, 66, '039638', 29199, 28.478, 38.743, 67.221, 72.904, 3, 3, ' EBBBXCCAXABEXXXAABXAXAXBXXXBXXBXXXXXXXXXEXXXBXXXXXXXBBXXXXXXBXXXAXAXXXXXCEXXXXXXBXXBXXXXXXXXXBXBBBCX', 1, 20, 14),
(30855, 67, '043413', 29200, 34.586, 31.591, 66.177, 72.904, 3, 3, ' XBXXAXBXXCBCBCXBBBXXBBXXCXXXBDBXXXXBBACXBXXBDXXXCXXXXXXAEXDXXCCXXBXXXXBDXXBDXEBAXXXBXXXXADBEEXXXXXBX', 1, 22, 23),
(30856, 68, '030388', 29201, 51.885, 14.239, 66.124, 72.904, 3, 3, ' XXXBDBBBBAABBXXBXBEABABXXAXXBXBXEXAXXBECXXDAXEACCECBXXXXXBCAXXBXXXXEXAXEBXAXDBXXDAABXEXXBEDDEXBXDBDB', 1, 25, 35),
(30857, 69, '040479', 29202, 40.676, 25.43, 66.106, 72.904, 3, 3, ' ABEDBBBEBDACECBECBBDBEABECBBEBBCCEADBBEBEEECEDBEBABBEEAADAEBBCBAAECCCADCEBDDBBDAEBCBDCEBBDDDDAEEAEBA', 1, 33, 67),
(30858, 70, '017421', 29203, 39.669, 25.48, 65.149, 72.904, 3, 3, ' AXEXBBAXBXEXDAEXBABXBBEXCBXBBBXXXXXABXXXXXXXBXCXXXXXXBBXAXBXDXXXXXXXAXXBXCXXCXXBXXEXXEXXXXXXXXDDBXXD', 1, 21, 20),
(30859, 71, '051774', 29204, 26.446, 36.696, 63.142, 72.904, 3, 3, ' AXBXXXXCXEBXXXXEBXBXXAXXDABBBXXBXXXEXBXECXXBXXXXXXAXDXXXXBEXXXXXXXXAXXXXXEBBBXDXDBXXXXXDXXXXCBBXXBBX', 1, 20, 18),
(30860, 72, '013721', 29205, 34.58, 28.538, 63.118, 72.904, 3, 3, ' ABXBDEEXXXBBXXAABBEEABDXBXXBBEXXXXXXEBCXXXEXXXXAXXXXXAXXXBXBXAXXCXXBXBXXAXXABXXXBXXXBXXXDXXXXXXAXBAD', 1, 21, 22),
(30861, 73, '041686', 29206, 40.694, 21.391, 62.085, 72.904, 3, 3, ' XXBXXXBXBABAXBCXCXXABXBBXXBAXXXXXXXXXDXXAXXXXBXCCXXXAXECCXXBXBXCBXCABXXXXXACXBXXXEBXDBXCXEXXXDXBEBXX', 1, 21, 23),
(30862, 74, '018946', 29207, 35.587, 26.456, 62.043, 72.904, 3, 3, ' BAEBBCECADBEBBCCCBDADABBBBBCBCAEXEBDBAEBDDBABBBBXACAEABCBAAEADECADBBABDAACDAEDBACBXXEABAECXDDXABBCAC', 1, 31, 63),
(30863, 75, '006474', 29208, 40.694, 19.359, 60.053, 72.904, 3, 3, ' XBBEABXXXXCXBXXXBBAAXBBXXXBXXBXXXXXXXXXXAXXXXXXDXCXBXXCBXEDXAXXCXBXXXXXEBXXXXXXEXXBXDCBXXXBBXXXEXXXX', 1, 19, 17),
(30864, 76, '046012', 29209, 39.669, 20.38, 60.049, 72.904, 3, 3, ' ABXXXABXXAEBXBXBBBAACABBXDEDDXCBBBXXEXXAXXXXXDXDXXXDXXXXXXXABXXXXXAXXXXXXXXXBXEXXXBXXXXCXBXBEXXXXCXX', 1, 20, 21),
(30865, 77, '051051', 29210, 25.409, 34.619, 60.028, 72.904, 3, 3, ' DBBBECEBDCDCCADBCEBDBCBBCDBCBAAECXAEXAECADBXCACBCBXBABBEABXXXECEBBABEBEBXXDABBEBCCDEABDACDBAAAEDCBBE', 1, 30, 61),
(30866, 78, '020784', 29211, 27.447, 31.566, 59.013, 72.904, 3, 3, ' ACBBBCDBCAXEBEBAEDACDBBEXDBEDEDDCDXEBBCEXEBXDXDBXCDBAXAEBXABBCXDEDCDBCBCBBXDBDDXDCDXXBAXCXXBEEBBXEAB', 1, 28, 54),
(30867, 79, '011266', 29212, 45.771, 13.208, 58.979, 72.904, 3, 3, ' BBBECBBXDBBBBEXBBBCDXBXBCDABXBEXABACXAXDXBDDDBEXBCXADEBABXDXBXEDACCXAXDDXCBDXEABBBCBECABDCEAEXXXDAXX', 1, 27, 50),
(30868, 80, '053294', 29213, 19.325, 38.743, 58.068, 72.904, 3, 3, ' XBABXXXXDXDXXBXBBXEBXBXXXXXXXXBXBBBXXBXXXXXXEXBXXCAXBXAXXXXXXXXXXXXXXXXXBDXXXBXXBXCXXXXXXXXXXXXXXXXD', 1, 17, 11),
(30869, 81, '017382', 29214, 30.51, 27.527, 58.037, 72.904, 3, 3, ' ADBABXBXXCBECBCXBXXBBBBXAXXXADXXXXXXXXXXXXXBBXXBXDXXXXXXXAXBXXXXXXXXXXXXAXAXXXXXEXXXXBBXXXXXBXBXXXXX', 1, 18, 15),
(30870, 82, '042355', 29215, 37.643, 20.38, 58.023, 72.904, 3, 3, ' XBBBXXXXBXBXEXBAXEBXBXXXXBXBXXEXXBAXEBXXXDXAXXXBXXBXXXBXAEXXXEXXXXCBXXXXCXXDXXXBXXXXXXCXXXXBXXXXXXXX', 1, 18, 15),
(30871, 83, '028311', 29216, 40.688, 17.317, 58.005, 72.904, 3, 3, ' DBDBBAXDXAXBXXXBXBBXBADBXCBBCXXAXBXBXDXAXXXXBDXEXXXXAXXXXXXXAXBXXXCXXXXXAXXXAXEBXBXXDXXXXXXCXBCXXBEX', 1, 20, 23);

-- --------------------------------------------------------

--
-- Estructura de tabla para la tabla `facultad`
--

CREATE TABLE `facultad` (
  `codFacultad` int(11) NOT NULL,
  `nombre` varchar(100) NOT NULL
) ENGINE=InnoDB DEFAULT CHARSET=utf8mb4;

--
-- Volcado de datos para la tabla `facultad`
--

INSERT INTO `facultad` (`codFacultad`, `nombre`) VALUES
(1, 'Facultad de Ciencias Biológicas'),
(2, 'Facultad de Farmacia y Bioquímica'),
(3, 'Facultad de Medicina'),
(4, 'Facultad de Estomatología'),
(5, 'Facultad de Enfermería'),
(6, 'Facultad de Ciencias Físicas y Matemáticas'),
(7, 'Facultad de Ingeniería'),
(8, 'Facultad de Ingeniería Química'),
(9, 'Facultad de Ciencias Sociales'),
(10, 'Facultad de Derecho y Ciencias Politicas'),
(11, 'Facultad de Ciencias Económicas');

-- --------------------------------------------------------

--
-- Estructura de tabla para la tabla `grupo_iguales`
--

CREATE TABLE `grupo_iguales` (
  `codGrupo` int(11) NOT NULL,
  `codAnalisis` int(11) NOT NULL,
  `puntajeAP` float NOT NULL,
  `puntajeCON` float NOT NULL,
  `puntajeTotal` float NOT NULL,
  `correctas` int(11) NOT NULL,
  `incorrectas` int(11) NOT NULL,
  `respuestasJSON` varchar(1000) NOT NULL,
  `vectorExamenPostulante` varchar(2000) NOT NULL
) ENGINE=InnoDB DEFAULT CHARSET=utf8mb4;

--
-- Volcado de datos para la tabla `grupo_iguales`
--

INSERT INTO `grupo_iguales` (`codGrupo`, `codAnalisis`, `puntajeAP`, `puntajeCON`, `puntajeTotal`, `correctas`, `incorrectas`, `respuestasJSON`, `vectorExamenPostulante`) VALUES
(276, 88, 37.637, 31.596, 69.233, 22, 20, ' ACBBXBXXXXEBXXXBBBDXBBABXCXCDXXXXEXXXXBXXBXXXEDEXABBBXXXXXXXXXCXXXXEXBAXXBXDXXXXXBXXAXXXXBXDXDBXAXBX', '30752,30753'),
(277, 88, 45.783, 69.333, 115.116, 31, 11, ' AXXBBXBXBDBXBXXXXBXABXBBXEXXAXXXAXXXBXXBXBBXXXBBBDCAEBXXXEXBEBXBXXBXXXXXXBXXXXXBXXXXXXXBBEXXXBXBBXXX', '30727,30728');

-- --------------------------------------------------------

--
-- Estructura de tabla para la tabla `grupo_patron`
--

CREATE TABLE `grupo_patron` (
  `codGrupoPatron` int(11) NOT NULL,
  `codAnalisis` int(11) NOT NULL,
  `nroIncorrectas` int(11) NOT NULL,
  `nroCorrectas` int(11) NOT NULL,
  `puntajeAdquirido` float NOT NULL,
  `respuestasCoincidentesJSON` varchar(1000) NOT NULL,
  `vectorExamenPostulante` varchar(2000) NOT NULL
) ENGINE=InnoDB DEFAULT CHARSET=utf8mb4;

--
-- Volcado de datos para la tabla `grupo_patron`
--

INSERT INTO `grupo_patron` (`codGrupoPatron`, `codAnalisis`, `nroIncorrectas`, `nroCorrectas`, `puntajeAdquirido`, `respuestasCoincidentesJSON`, `vectorExamenPostulante`) VALUES
(732, 88, 11, 31, 115.116, '{\"1\":\"A\",\"4\":\"B\",\"5\":\"B\",\"7\":\"B\",\"9\":\"B\",\"10\":\"D\",\"11\":\"B\",\"13\":\"B\",\"18\":\"B\",\"20\":\"A\",\"21\":\"B\",\"23\":\"B\",\"24\":\"B\",\"26\":\"E\",\"29\":\"A\",\"33\":\"A\",\"37\":\"B\",\"40\":\"B\",\"42\":\"B\",\"43\":\"B\",\"47\":\"B\",\"48\":\"B\",\"49\":\"B\",\"50\":\"D\",\"51\":\"C\",\"52\":\"A\",\"53\":\"E\",\"54\":\"B\",\"58\":\"E\",\"60\":\"B\",\"61\":\"E\",\"62\":\"B\",\"64\":\"B\",\"67\":\"B\",\"74\":\"B\",\"80\":\"B\",\"88\":\"B\",\"89\":\"B\",\"90\":\"E\",\"94\":\"B\",\"96\":\"B\",\"97\":\"B\"}', '30727,30728'),
(733, 88, 1, 18, 72.311, '{\"3\":\"B\",\"5\":\"B\",\"6\":\"B\",\"9\":\"B\",\"10\":\"A\",\"14\":\"B\",\"17\":\"B\",\"18\":\"B\",\"20\":\"A\",\"23\":\"B\",\"45\":\"B\",\"47\":\"C\",\"65\":\"B\",\"70\":\"B\",\"71\":\"B\",\"82\":\"B\",\"89\":\"B\",\"90\":\"B\",\"97\":\"B\"}', '30737,30790'),
(734, 88, 0, 16, 65.165, '{\"3\":\"B\",\"4\":\"B\",\"6\":\"B\",\"9\":\"B\",\"10\":\"A\",\"12\":\"B\",\"18\":\"B\",\"19\":\"B\",\"20\":\"A\",\"25\":\"B\",\"28\":\"B\",\"30\":\"B\",\"72\":\"B\",\"80\":\"B\",\"96\":\"B\",\"97\":\"B\"}', '30739,30792'),
(735, 88, 1, 15, 60.083, '{\"1\":\"A\",\"3\":\"B\",\"5\":\"B\",\"8\":\"B\",\"10\":\"A\",\"11\":\"B\",\"26\":\"B\",\"27\":\"B\",\"28\":\"B\",\"37\":\"B\",\"42\":\"B\",\"58\":\"B\",\"85\":\"B\",\"88\":\"B\",\"94\":\"B\",\"99\":\"C\"}', '30745,30789'),
(736, 88, 20, 22, 69.233, '{\"1\":\"A\",\"2\":\"C\",\"3\":\"B\",\"4\":\"B\",\"6\":\"B\",\"11\":\"E\",\"12\":\"B\",\"16\":\"B\",\"17\":\"B\",\"18\":\"B\",\"19\":\"D\",\"21\":\"B\",\"22\":\"B\",\"23\":\"A\",\"24\":\"B\",\"26\":\"C\",\"28\":\"C\",\"29\":\"D\",\"34\":\"E\",\"39\":\"B\",\"42\":\"B\",\"46\":\"E\",\"47\":\"D\",\"48\":\"E\",\"50\":\"A\",\"51\":\"B\",\"52\":\"B\",\"53\":\"B\",\"63\":\"C\",\"68\":\"E\",\"70\":\"B\",\"71\":\"A\",\"74\":\"B\",\"76\":\"D\",\"82\":\"B\",\"85\":\"A\",\"90\":\"B\",\"92\":\"D\",\"94\":\"D\",\"95\":\"B\",\"97\":\"A\",\"99\":\"B\"}', '30752,30753'),
(737, 88, 1, 12, 47.882, '{\"5\":\"B\",\"6\":\"B\",\"8\":\"B\",\"19\":\"B\",\"20\":\"A\",\"45\":\"B\",\"46\":\"B\",\"72\":\"B\",\"75\":\"B\",\"76\":\"B\",\"81\":\"E\",\"84\":\"B\",\"89\":\"B\"}', '30755,30820'),
(738, 88, 4, 9, 32.575, '{\"2\":\"B\",\"4\":\"B\",\"16\":\"B\",\"22\":\"C\",\"23\":\"B\",\"24\":\"B\",\"29\":\"B\",\"30\":\"A\",\"62\":\"E\",\"65\":\"B\",\"69\":\"E\",\"70\":\"B\",\"98\":\"B\"}', '30770,30865');

-- --------------------------------------------------------

--
-- Estructura de tabla para la tabla `modalidad`
--

CREATE TABLE `modalidad` (
  `codModalidad` int(11) NOT NULL,
  `nombre` varchar(200) NOT NULL
) ENGINE=InnoDB DEFAULT CHARSET=utf8mb4;

--
-- Volcado de datos para la tabla `modalidad`
--

INSERT INTO `modalidad` (`codModalidad`, `nombre`) VALUES
(1, 'Ordinario'),
(2, 'Cepunt');

-- --------------------------------------------------------

--
-- Estructura de tabla para la tabla `parametros`
--

CREATE TABLE `parametros` (
  `codParametro` int(11) NOT NULL,
  `campo` varchar(100) NOT NULL,
  `valor` varchar(200) NOT NULL
) ENGINE=InnoDB DEFAULT CHARSET=utf8mb4;

--
-- Volcado de datos para la tabla `parametros`
--

INSERT INTO `parametros` (`codParametro`, `campo`, `valor`) VALUES
(1, 'tasaToleranciaSubida', '0.8'),
(2, 'porcentajeUnificadorGI', '0.15'),
(3, 'porcentajeUnificadorGP', '0.25'),
(4, 'porcentajeUnificadPE', '0.2'),
(5, 'pesoTasaGI', '0.5'),
(6, 'pesoTasaGP', '0.2'),
(7, 'pesoTasaPE', '0.3');

-- --------------------------------------------------------

--
-- Estructura de tabla para la tabla `postulantes_elevados`
--

CREATE TABLE `postulantes_elevados` (
  `codPostulanteElevado` int(11) NOT NULL,
  `porcentajeElevacion` char(18) NOT NULL,
  `puntajeDiferencia` float NOT NULL,
  `codExamenPostulanteAnterior` int(11) NOT NULL,
  `codAnalisis` int(11) NOT NULL,
  `codExamenPostulante` int(11) NOT NULL
) ENGINE=InnoDB DEFAULT CHARSET=utf8mb4;

-- --------------------------------------------------------

--
-- Estructura de tabla para la tabla `pregunta`
--

CREATE TABLE `pregunta` (
  `codPregunta` int(11) NOT NULL,
  `nroPregunta` int(11) NOT NULL,
  `enunciado` varchar(200) NOT NULL,
  `codExamen` int(11) NOT NULL,
  `respuestaCorrecta` char(1) NOT NULL
) ENGINE=InnoDB DEFAULT CHARSET=utf8mb4;

--
-- Volcado de datos para la tabla `pregunta`
--

INSERT INTO `pregunta` (`codPregunta`, `nroPregunta`, `enunciado`, `codExamen`, `respuestaCorrecta`) VALUES
(6575, 1, 'ABC', 1, 'A'),
(6576, 2, 'ESTA ES LA PREGUNTA 2', 1, 'B'),
(6577, 3, 'ASD KADSK K AKS A3 3', 1, 'B'),
(6578, 4, 'ASKD KSA KDSA KK SAD4A', 1, 'B'),
(6579, 5, 'AASAS DDSA KSA KDSA KKSA KD AKDSKA KD A3 SAD LASL SALDSA LDSLA ', 1, 'B'),
(6580, 6, 'AASAS DDSA KSA KDSA KKSA KD AKDSKA KD A3 SAD LASL SALDSA LDSLA LDS ALD SAD', 1, 'B'),
(6581, 7, 'AASAS DDSA KSA KDSA KKSA KD AKDSKA KD A3 SAD LASL SALDSA LDSLA LDS ALD SAD', 1, 'B'),
(6582, 8, 'AASAS DDSA KSA KDSA KKSA KD AKDSKA KD A3 SAD LASL SALDSA LDSLA LDS ALD SAD', 1, 'B'),
(6583, 9, 'AASAS DDSA KSA KDSA KKSA KD AKDSKA KD A3 SAD LASL SALDSA LDSLA LDS ALD SAD', 1, 'B'),
(6584, 10, 'AASAS DDSA KSA KDSA KKSA KD AKDSKA KD A3 SAD LASL SALDSA LDSLA LDS ALD SAD', 1, 'A'),
(6585, 11, 'AASAS DDSA KSA KDSA KKSA KD AKDSKA KD A3 SAD LASL SALDSA LDSLA LDS ALD SAD', 1, 'B'),
(6586, 12, 'AASAS DDSA KSA KDSA KKSA KD AKDSKA KD A3 SAD LASL SALDSA LDSLA LDS ALD SAD', 1, 'B'),
(6587, 13, 'AASAS DDSA KSA KDSA KKSA KD AKDSKA KD A3 SAD LASL SALDSA LDSLA LDS ALD SAD', 1, 'B'),
(6588, 14, 'AASAS DDSA KSA KDSA KKSA KD AKDSKA KD A3 SAD LASL SALDSA LDSLA LDS ALD SAD', 1, 'B'),
(6589, 15, 'AASAS DDSA KSA KDSA KKSA KD AKDSKA KD A3 SAD LASL SALDSA LDSLA LDS ALD SAD', 1, 'B'),
(6590, 16, 'AASAS DDSA KSA KDSA KKSA KD AKDSKA KD A3 SAD LASL SALDSA LDSLA LDS ALD SAD', 1, 'B'),
(6591, 17, 'AASAS DDSA KSA KDSA KKSA KD AKDSKA KD A3 SAD LASL SALDSA LDSLA 17', 1, 'B'),
(6592, 18, 'AASAS DDSA KSA KDSA KKSA KD AKDSKA KD A3 SAD LASL SALDSA LDSLA LDS ALD SAD', 1, 'B'),
(6593, 19, 'AASAS DDSA KSA KDSA KKSA KD AKDSKA KD A3 SAD LASL SALDSA LDSLA LDS ALD SAD', 1, 'B'),
(6594, 20, 'AASAS DDSA KSA KDSA KKSA KD AKDSKA KD A3 SAD LASL SALDSA LDSLA LDS ALD SAD', 1, 'A'),
(6595, 21, 'AASAS DDSA KSA KDSA KKSA KD AKDSKA KD A3 SAD LASL SALDSA LDSLA LDS ALD SAD', 1, 'B'),
(6596, 22, 'AASAS DDSA KSA KDSA KKSA KD AKDSKA KD A3 SAD LASL SALDSA LDSLA LDS ALD SAD', 1, 'B'),
(6597, 23, 'AASAS DDSA KSA KDSA KKSA KD AKDSKA KD A3 SAD LASL SALDSA LDSLA LDS ALD SAD', 1, 'B'),
(6598, 24, 'AASAS DDSA KSA KDSA KKSA KD AKDSKA KD A3 SAD LASL SALDSA LDSLA LDS ALD SAD', 1, 'B'),
(6599, 25, 'AASAS DDSA KSA KDSA KKSA KD AKDSKA KD A3 SAD LASL SALDSA LDSLA LDS ALD SAD', 1, 'B'),
(6600, 26, 'AASAS DDSA KSA KDSA KKSA KD AKDSKA KD A3 SAD LASL SALDSA LDSLA LDS ALD SAD', 1, 'B'),
(6601, 27, 'AASAS DDSA KSA KDSA KKSA KD AKDSKA KD A3 SAD LASL SALDSA LDSLA LDS ALD SAD', 1, 'B'),
(6602, 28, 'AASAS DDSA KSA KDSA KKSA KD AKDSKA KD A3 SAD LASL SALDSA LDSLA LDS ALD SAD', 1, 'B'),
(6603, 29, 'AASAS DDSA KSA KDSA KKSA KD AKDSKA KD A3 SAD LASL SALDSA LDSLA LDS ALD SAD', 1, 'B'),
(6604, 30, 'AASAS DDSA KSA KDSA KKSA KD AKDSKA KD A3 SAD LASL SALDSA LDSLA LDS ALD SAD', 1, 'B'),
(6605, 31, 'AASAS DDSA KSA KDSA KKSA KD AKDSKA KD A3 SAD LASL SALDSA LDSLA LDS ALD SAD', 1, 'B'),
(6606, 32, 'AASAS DDSA KSA KDSA KKSA KD AKDSKA KD A3 SAD LASL SALDSA LDSLA 32', 1, 'B'),
(6607, 33, 'AASAS DDSA KSA KDSA KKSA KD AKDSKA KD A3 SAD LASL SALDSA LDSLA LDS ALD SAD', 1, 'B'),
(6608, 34, 'AASAS DDSA KSA KDSA KKSA KD AKDSKA KD A3 SAD LASL SALDSA LDSLA LDS ALD SAD', 1, 'B'),
(6609, 35, 'AASAS DDSA KSA KDSA KKSA KD AKDSKA KD A3 SAD LASL SALDSA LDSLA LDS ALD SAD', 1, 'B'),
(6610, 36, 'AASAS DDSA KSA KDSA KKSA KD AKDSKA KD A3 SAD LASL SALDSA LDSLA LDS ALD SAD', 1, 'B'),
(6611, 37, 'AASAS DDSA KSA KDSA KKSA KD AKDSKA KD A3 SAD LASL SALDSA LDSLA LDS ALD SAD', 1, 'B'),
(6612, 38, 'AASAS DDSA KSA KDSA KKSA KD AKDSKA KD A3 SAD LASL SALDSA LDSLA LDS ALD SAD', 1, 'B'),
(6613, 39, 'AASAS DDSA KSA KDSA KKSA KD AKDSKA KD A3 SAD LASL SALDSA LDSLA LDS ALD SAD', 1, 'B'),
(6614, 40, 'AASAS DDSA KSA KDSA KKSA KD AKDSKA KD A3 SAD LASL SALDSA LDSLA LDS ALD SAD', 1, 'B'),
(6615, 41, 'AASAS DDSA KSA KDSA KKSA KD AKDSKA KD A3 SAD LASL SALDSA LDSLA LDS ALD SAD', 1, 'B'),
(6616, 42, 'AASAS DDSA KSA KDSA KKSA KD AKDSKA KD A3 SAD LASL SALDSA LDSLA LDS ALD SAD', 1, 'B'),
(6617, 43, 'AASAS DDSA KSA KDSA KKSA KD AKDSKA KD A3 SAD LASL SALDSA LDSLA LDS ALD SAD', 1, 'B'),
(6618, 44, 'AASAS DDSA KSA KDSA KKSA KD AKDSKA KD A3 SAD LASL SALDSA LDSLA LDS ALD SAD', 1, 'B'),
(6619, 45, 'AASAS DDSA KSA KDSA KKSA KD AKDSKA KD A3 SAD LASL SALDSA LDSLA LDS ALD SAD', 1, 'B'),
(6620, 46, 'AASAS DDSA KSA KDSA KKSA KD AKDSKA KD A3 SAD LASL SALDSA LDSLA LDS ALD SAD', 1, 'B'),
(6621, 47, 'AASAS DDSA KSA KDSA KKSA KD AKDSKA KD A3 SAD LASL SALDSA LDSLA LDS ALD SAD', 1, 'B'),
(6622, 48, 'AASAS DDSA KSA KDSA KKSA KD AKDSKA KD A3 SAD LASL SALDSA LDSLA LDS ALD SAD', 1, 'B'),
(6623, 49, 'AASAS DDSA KSA KDSA KKSA KD AKDSKA KD A3 SAD LASL SALDSA LDSLA LDS ALD SAD', 1, 'B'),
(6624, 50, 'AASAS DDSA KSA KDSA KKSA KD AKDSKA KD A3 SAD LASL SALDSA LDSLA LDS ALD SAD', 1, 'B'),
(6625, 51, 'AASAS DDSA KSA KDSA KKSA KD AKDSKA KD A3 SAD LASL SALDSA LDSLA LDS ALD SAD', 1, 'B'),
(6626, 52, 'AASAS DDSA KSA KDSA KKSA KD AKDSKA KD A3 SAD LASL SALDSA LDSLA LDS ALD SAD', 1, 'B'),
(6627, 53, 'AASAS DDSA KSA KDSA KKSA KD AKDSKA KD A3 SAD LASL SALDSA LDSLA LDS ALD SAD', 1, 'B'),
(6628, 54, 'AASAS DDSA KSA KDSA KKSA KD AKDSKA KD A3 SAD LASL SALDSA LDSLA LDS ALD SAD', 1, 'B'),
(6629, 55, 'AASAS DDSA KSA KDSA KKSA KD AKDSKA KD A3 SAD LASL SALDSA LDSLA LDS ALD SAD', 1, 'B'),
(6630, 56, 'AASAS DDSA KSA KDSA KKSA KD AKDSKA KD A3 SAD LASL SALDSA LDSLA LDS ALD SAD', 1, 'B'),
(6631, 57, 'AASAS DDSA KSA KDSA KKSA KD AKDSKA KD A3 SAD LASL SALDSA LDSLA LDS ALD SAD', 1, 'B'),
(6632, 58, 'AASAS DDSA KSA KDSA KKSA KD AKDSKA KD A3 SAD LASL SALDSA LDSLA 58', 1, 'B'),
(6633, 59, 'AASAS DDSA KSA KDSA KKSA KD AKDSKA KD A3 SAD LASL SALDSA LDSLA LDS ALD SAD', 1, 'B'),
(6634, 60, 'AASAS DDSA KSA KDSA KKSA KD AKDSKA KD A3 SAD LASL SALDSA LDSLA LDS ALD SAD', 1, 'B'),
(6635, 61, 'AASAS DDSA KSA KDSA KKSA KD AKDSKA KD A3 SAD LASL SALDSA LDSLA LDS ALD SAD', 1, 'B'),
(6636, 62, 'AASAS DDSA KSA KDSA KKSA KD AKDSKA KD A3 SAD LASL SALDSA LDSLA LDS ALD SAD', 1, 'B'),
(6637, 63, 'AASAS DDSA KSA KDSA KKSA KD AKDSKA KD A3 SAD LASL SALDSA LDSLA LDS ALD SAD', 1, 'B'),
(6638, 64, 'AASAS DDSA KSA KDSA KKSA KD AKDSKA KD A3 SAD LASL SALDSA LDSLA LDS ALD SAD', 1, 'B'),
(6639, 65, 'AASAS DDSA KSA KDSA KKSA KD AKDSKA KD A3 SAD LASL SALDSA LDSLA LDS ALD SAD', 1, 'B'),
(6640, 66, 'AASAS DDSA KSA KDSA KKSA KD AKDSKA KD A3 SAD LASL SALDSA LDSLA LDS ALD SAD', 1, 'B'),
(6641, 67, 'AASAS DDSA KSA KDSA KKSA KD AKDSKA KD A3 SAD LASL SALDSA LDSLA LDS ALD SAD', 1, 'B'),
(6642, 68, 'AASAS DDSA KSA KDSA KKSA KD AKDSKA KD A3 SAD LASL SALDSA LDSLA LDS ALD SAD', 1, 'B'),
(6643, 69, 'AASAS DDSA KSA KDSA KKSA KD AKDSKA KD A3 SAD LASL SALDSA LDSLA LDS ALD SAD', 1, 'B'),
(6644, 70, 'AASAS DDSA KSA KDSA KKSA KD AKDSKA KD A3 SAD LASL SALDSA LDSLA LDS ALD SAD', 1, 'B'),
(6645, 71, 'AASAS DDSA KSA KDSA KKSA KD AKDSKA KD A3 SAD LASL SALDSA LDSLA LDS ALD SAD', 1, 'B'),
(6646, 72, 'AASAS DDSA KSA KDSA KKSA KD AKDSKA KD A3 SAD LASL SALDSA LDSLA LDS ALD SAD', 1, 'B'),
(6647, 73, 'AASAS DDSA KSA KDSA KKSA KD AKDSKA KD A3 SAD LASL SALDSA LDSLA LDS ALD SAD', 1, 'B'),
(6648, 74, 'AASAS DDSA KSA KDSA KKSA KD AKDSKA KD A3 SAD LASL SALDSA LDSLA LDS ALD SAD', 1, 'B'),
(6649, 75, 'AASAS DDSA KSA KDSA KKSA KD AKDSKA KD A3 SAD LASL SALDSA LDSLA LDS ALD SAD', 1, 'B'),
(6650, 76, 'AASAS DDSA KSA KDSA KKSA KD AKDSKA KD A3 SAD LASL SALDSA LDSLA LDS ALD SAD', 1, 'B'),
(6651, 77, 'AASAS DDSA KSA KDSA KKSA KD AKDSKA KD A3 SAD LASL SALDSA LDSLA LDS ALD SAD', 1, 'B'),
(6652, 78, 'AASAS DDSA KSA KDSA KKSA KD AKDSKA KD A3 SAD LASL SALDSA LDSLA LDS ALD SAD', 1, 'B'),
(6653, 79, 'AASAS DDSA KSA KDSA KKSA KD AKDSKA KD A3 SAD LASL SALDSA LDSLA LDS ALD SAD', 1, 'B'),
(6654, 80, 'AASAS DDSA KSA KDSA KKSA KD AKDSKA KD A3 SAD LASL SALDSA LDSLA LDS ALD SAD', 1, 'B'),
(6655, 81, 'AASAS DDSA KSA KDSA KKSA KD AKDSKA KD A3 SAD LASL SALDSA LDSLA LDS ALD SAD', 1, 'B'),
(6656, 82, 'AASAS DDSA KSA KDSA KKSA KD AKDSKA KD A3 SAD LASL SALDSA LDSLA LDS ALD SAD', 1, 'B'),
(6657, 83, 'AASAS DDSA KSA KDSA KKSA KD AKDSKA KD A3 SAD LASL SALDSA LDSLA LDS ALD SAD', 1, 'B'),
(6658, 84, 'AASAS DDSA KSA KDSA KKSA KD AKDSKA KD A3 SAD LASL SALDSA LDSLA LDS ALD SAD', 1, 'B'),
(6659, 85, 'AASAS DDSA KSA KDSA KKSA KD AKDSKA KD A3 SAD LASL SALDSA LDSLA LDS ALD SAD', 1, 'B'),
(6660, 86, 'AASAS DDSA KSA KDSA KKSA KD AKDSKA KD A3 SAD LASL SALDSA LDSLA LDS ALD SAD', 1, 'B'),
(6661, 87, 'AASAS DDSA KSA KDSA KKSA KD AKDSKA KD A3 SAD LASL SALDSA LDSLA LDS ALD SAD', 1, 'B'),
(6662, 88, 'AASAS DDSA KSA KDSA KKSA KD AKDSKA KD A3 SAD LASL SALDSA LDSLA LDS ALD SAD', 1, 'B'),
(6663, 89, 'AASAS DDSA KSA KDSA KKSA KD AKDSKA KD A3 SAD LASL SALDSA LDSLA LDS ALD SAD', 1, 'B'),
(6664, 90, 'AASAS DDSA KSA KDSA KKSA KD AKDSKA KD A3 SAD LASL SALDSA LDSLA LDS ALD SAD', 1, 'B'),
(6665, 91, 'AASAS DDSA KSA KDSA KKSA KD AKDSKA KD A3 SAD LASL SALDSA LDSLA LDS ALD SAD', 1, 'B'),
(6666, 92, 'AASAS DDSA KSA KDSA KKSA KD AKDSKA KD A3 SAD LASL SALDSA LDSLA LDS ALD SAD', 1, 'B'),
(6667, 93, 'AASAS DDSA KSA KDSA KKSA KD AKDSKA KD A3 SAD LASL SALDSA LDSLA LDS ALD SAD', 1, 'B'),
(6668, 94, 'AASAS DDSA KSA KDSA KKSA KD AKDSKA KD A3 SAD LASL SALDSA LDSLA LDS ALD SAD', 1, 'B'),
(6669, 95, 'AASAS DDSA KSA KDSA KKSA KD AKDSKA KD A3 SAD LASL SALDSA LDSLA LDS ALD SAD', 1, 'B'),
(6670, 96, 'AASAS DDSA KSA KDSA KKSA KD AKDSKA KD A3 SAD LASL SALDSA LDSLA LDS ALD SAD', 1, 'B'),
(6671, 97, 'AASAS DDSA KSA KDSA KKSA KD AKDSKA KD A3 SAD LASL SALDSA LDSLA LDS ALD SAD', 1, 'B'),
(6672, 98, 'AASAS DDSA KSA KDSA KKSA KD AKDSKA KD A3 SAD LASL SALDSA LDSLA LDS ALD SAD', 1, 'B'),
(6673, 99, 'AASAS DDSA KSA KDSA KKSA KD AKDSKA KD A3 SAD LASL SALDSA LDSLA LDS ALD SAD', 1, 'B'),
(6674, 100, 'AASAS DDSA KSA KDSA KKSA KD AKDSKA KD A3 SAD LASL SALDSA LD100', 1, 'D');

-- --------------------------------------------------------

--
-- Estructura de tabla para la tabla `sede`
--

CREATE TABLE `sede` (
  `codSede` int(11) NOT NULL,
  `nombre` varchar(70) NOT NULL
) ENGINE=InnoDB DEFAULT CHARSET=utf8mb4;

--
-- Volcado de datos para la tabla `sede`
--

INSERT INTO `sede` (`codSede`, `nombre`) VALUES
(4, 'Trujillo'),
(5, 'Huamachuco');

-- --------------------------------------------------------

--
-- Estructura de tabla para la tabla `tasa`
--

CREATE TABLE `tasa` (
  `codTasa` int(11) NOT NULL,
  `valorMinimo` float NOT NULL,
  `valorMaximo` float NOT NULL,
  `valorTasa` float NOT NULL
) ENGINE=InnoDB DEFAULT CHARSET=utf8mb4;

--
-- Volcado de datos para la tabla `tasa`
--

INSERT INTO `tasa` (`codTasa`, `valorMinimo`, `valorMaximo`, `valorTasa`) VALUES
(1, 0, 50, 0.45),
(2, 50, 100, 0.5),
(7, 100, 150, 0.55),
(8, 150, 200, 0.6),
(9, 200, 250, 0.65),
(10, 250, 300, 0.7);

-- --------------------------------------------------------

--
-- Estructura de tabla para la tabla `tipo_actor`
--

CREATE TABLE `tipo_actor` (
  `codTipoActor` int(11) NOT NULL,
  `nombre` varchar(100) NOT NULL
) ENGINE=InnoDB DEFAULT CHARSET=utf8mb4;

--
-- Volcado de datos para la tabla `tipo_actor`
--

INSERT INTO `tipo_actor` (`codTipoActor`, `nombre`) VALUES
(1, 'Postulante'),
(2, 'Consejo Universitario');

-- --------------------------------------------------------

--
-- Estructura de tabla para la tabla `usuario`
--

CREATE TABLE `usuario` (
  `codUsuario` int(11) NOT NULL,
  `usuario` varchar(50) NOT NULL,
  `contraseña` varchar(200) NOT NULL,
  `password` varchar(200) NOT NULL
) ENGINE=InnoDB DEFAULT CHARSET=utf8mb4;

--
-- Volcado de datos para la tabla `usuario`
--

INSERT INTO `usuario` (`codUsuario`, `usuario`, `contraseña`, `password`) VALUES
(26061, 'CONSEJO', '', '$2y$10$92IXUNpkjO0rOQ5byMi.Ye4oKoEa3Ro9llC/.og/at2.uheWG/igi'),
(29082, 'LUCANO 3623', '123', '123'),
(29083, 'REAÑO T4038', '123', '123'),
(29084, 'FERNAND3740', '123', '123'),
(29085, 'MURILLO8247', '123', '123'),
(29086, 'GARCIA 1430', '123', '123'),
(29087, 'CUEVA E5908', '123', '123'),
(29088, 'POEMAPE4568', '123', '123'),
(29089, 'RODAS C4586', '123', '123'),
(29090, 'BORDA R1777', '123', '123'),
(29091, 'PINTO A2974', '123', '123'),
(29092, 'RODRIGU3842', '123', '123'),
(29093, 'BALAREZ1299', '123', '123'),
(29094, 'CHAMAY 9836', '123', '123'),
(29095, 'OLIVERA5122', '123', '123'),
(29096, 'CRUZ HE3393', '123', '123'),
(29097, 'SALAZAR2681', '123', '123'),
(29098, 'ILDEFON1979', '123', '123'),
(29099, 'PACHECO9823', '123', '123'),
(29100, 'ARAUJO 5163', '123', '123'),
(29101, 'SALVADO4440', '123', '123'),
(29102, 'BARAHON7269', '123', '123'),
(29103, 'CARRASC1937', '123', '123'),
(29104, 'BAZAN C5038', '123', '123'),
(29105, 'SILVA C6608', '123', '123'),
(29106, 'RAMOS M1424', '123', '123'),
(29107, 'MENDEZ 4644', '123', '123'),
(29108, 'CRUZADO1419', '123', '123'),
(29109, 'MALCA S7502', '123', '123'),
(29110, 'GONZALE8007', '123', '123'),
(29111, 'FLORES 3910', '123', '123'),
(29112, 'REYES R5889', '123', '123'),
(29113, 'CAMPOS 5131', '123', '123'),
(29114, 'ESCOBAR8577', '123', '123'),
(29115, 'HOYOS C5674', '123', '123'),
(29116, 'LEON YN9578', '123', '123'),
(29117, 'AGUILAR1105', '123', '123'),
(29118, 'GODOY P1952', '123', '123'),
(29119, 'REYES P8244', '123', '123'),
(29120, 'VILCHEZ7696', '123', '123'),
(29121, 'LLENQUE6777', '123', '123'),
(29122, 'AGRAMON5673', '123', '123'),
(29123, 'ARANDA 3102', '123', '123'),
(29124, 'VEGA AL9390', '123', '123'),
(29125, 'JARA FI6837', '123', '123'),
(29126, 'MENDOZA9387', '123', '123'),
(29127, 'HERNAND1313', '123', '123'),
(29128, 'SAGAL C9095', '123', '123'),
(29129, 'ROQUE R3228', '123', '123'),
(29130, 'MENDOZA6734', '123', '123'),
(29131, 'CULQUE 8785', '123', '123'),
(29132, 'BACA SA7426', '123', '123'),
(29133, 'CUEVA H5045', '123', '123'),
(29134, 'HUAMAN 9357', '123', '123'),
(29135, 'FERNAND6195', '123', '123'),
(29136, 'PAREDES1286', '123', '123'),
(29137, 'RODRIGU7407', '123', '123'),
(29138, 'HERNAND4402', '123', '123'),
(29139, 'TIRADO 5353', '123', '123'),
(29140, 'HERNAND7318', '123', '123'),
(29141, 'LOPEZ N9820', '123', '123'),
(29142, 'NUREÑA 3696', '123', '123'),
(29143, 'GRANDEZ9690', '123', '123'),
(29144, 'PEREA A1471', '123', '123'),
(29145, 'MOSTACE2778', '123', '123'),
(29146, 'DIAZ RU6572', '123', '123'),
(29147, 'VASQUEZ3738', '123', '123'),
(29148, 'TORRES 8296', '123', '123'),
(29149, 'LEON AS4885', '123', '123'),
(29150, 'RUIZ DE6888', '123', '123'),
(29151, 'CHAVEZ 3907', '123', '123'),
(29152, 'HUAMAN 4092', '123', '123'),
(29153, 'NUÑEZ L3079', '123', '123'),
(29154, 'CORTIJO9657', '123', '123'),
(29155, 'RUIZ VE9621', '123', '123'),
(29156, 'AREVALO8167', '123', '123'),
(29157, 'GUTIERR2394', '123', '123'),
(29158, 'MOSQUER8061', '123', '123'),
(29159, 'BELTRAN8399', '123', '123'),
(29160, 'CULQUIT2124', '123', '123'),
(29161, 'ANGEL J2823', '123', '123'),
(29162, 'VALDERR9082', '123', '123'),
(29163, 'TUESTA 4972', '123', '123'),
(29164, 'GARGURE3504', '123', '123'),
(29165, 'SEGURA 3711', '123', '123'),
(29166, 'SALAZAR8155', '123', '123'),
(29167, 'DE LA C6359', '123', '123'),
(29168, 'VASQUEZ3845', '123', '123'),
(29169, 'BALLENA3796', '123', '123'),
(29170, 'MARQUEZ7949', '123', '123'),
(29171, 'SUAREZ 4196', '123', '123'),
(29172, 'ESPINOZ8355', '123', '123'),
(29173, 'QUISPE 4295', '123', '123'),
(29174, 'NIETO V6702', '123', '123'),
(29175, 'CHOLAN 6025', '123', '123'),
(29176, 'GONZALE4486', '123', '123'),
(29177, 'MORAN J5238', '123', '123'),
(29178, 'MARKY Z4792', '123', '123'),
(29179, 'DEZA VI8261', '123', '123'),
(29180, 'LUJAN R9316', '123', '123'),
(29181, 'ANGULO 1515', '123', '123'),
(29182, 'ZUÑIGA 2260', '123', '123'),
(29183, 'GAMBOA 9769', '123', '123'),
(29184, 'CANCINO9138', '123', '123'),
(29185, 'RODRIGU6001', '123', '123'),
(29186, 'RIOS JU1844', '123', '123'),
(29187, 'SOLANO 1279', '123', '123'),
(29188, 'ROMERO 8719', '123', '123'),
(29189, 'MOSTACE9723', '123', '123'),
(29190, 'LEYVA G6106', '123', '123'),
(29191, 'CAMPERO3163', '123', '123'),
(29192, 'VASQUEZ8286', '123', '123'),
(29193, 'SANCHEZ6431', '123', '123'),
(29194, 'GASTELO6641', '123', '123'),
(29195, 'PEREZ Y1060', '123', '123'),
(29196, 'RAMÍREZ9618', '123', '123'),
(29197, 'LEON GA8556', '123', '123'),
(29198, 'SAAVEDR8430', '123', '123'),
(29199, 'BRICEÑO3552', '123', '123'),
(29200, 'CASTILL3463', '123', '123'),
(29201, 'TERRONE1369', '123', '123'),
(29202, 'HILARIO2372', '123', '123'),
(29203, 'DE LA C1941', '123', '123'),
(29204, 'TORRES 9751', '123', '123'),
(29205, 'ZAPATA 6166', '123', '123'),
(29206, 'AGUILAR4488', '123', '123'),
(29207, 'QUIÑONE8321', '123', '123'),
(29208, 'CARRION1648', '123', '123'),
(29209, 'FLORENT5975', '123', '123'),
(29210, 'GARCIA 4982', '123', '123'),
(29211, 'DÍAZ MU4603', '123', '123'),
(29212, 'HUERTA 4313', '123', '123'),
(29213, 'CRUZ GU4920', '123', '123'),
(29214, 'RODRIGU7711', '123', '123'),
(29215, 'ALVARAD3372', '123', '123'),
(29216, 'VIDAL V6402', '123', '123'),
(29217, 'CORTEZ 4064', '123', '123'),
(29218, 'DÍAZ CA5800', '123', '123'),
(29219, 'VILLARR1287', '123', '123'),
(29220, 'CARRANZ6053', '123', '123'),
(29221, 'HARO AV5392', '123', '123'),
(29222, 'SEVILLA8190', '123', '123'),
(29223, 'RODRIGU8031', '123', '123'),
(29224, 'CESPEDE2676', '123', '123'),
(29225, 'VASQUEZ5816', '123', '123'),
(29226, 'CRUZ DO7565', '123', '123'),
(29227, 'RODRIGU8235', '123', '123'),
(29228, 'VASQUEZ5648', '123', '123'),
(29229, 'ROSALES1370', '123', '123'),
(29230, 'IMAMURA8314', '123', '123'),
(29231, 'HILARIO1186', '123', '123'),
(29232, 'MEZA RU6275', '123', '123');

--
-- Índices para tablas volcadas
--

--
-- Indices de la tabla `actor`
--
ALTER TABLE `actor`
  ADD PRIMARY KEY (`codActor`);

--
-- Indices de la tabla `analisis_examen`
--
ALTER TABLE `analisis_examen`
  ADD PRIMARY KEY (`codAnalisis`);

--
-- Indices de la tabla `area`
--
ALTER TABLE `area`
  ADD PRIMARY KEY (`codArea`);

--
-- Indices de la tabla `carrera`
--
ALTER TABLE `carrera`
  ADD PRIMARY KEY (`codCarrera`);

--
-- Indices de la tabla `carrera_examen`
--
ALTER TABLE `carrera_examen`
  ADD PRIMARY KEY (`codCarreraExamen`);

--
-- Indices de la tabla `condicion_postulacion`
--
ALTER TABLE `condicion_postulacion`
  ADD PRIMARY KEY (`codCondicion`);

--
-- Indices de la tabla `estado_examen`
--
ALTER TABLE `estado_examen`
  ADD PRIMARY KEY (`codEstado`);

--
-- Indices de la tabla `examen`
--
ALTER TABLE `examen`
  ADD PRIMARY KEY (`codExamen`);

--
-- Indices de la tabla `examen_postulante`
--
ALTER TABLE `examen_postulante`
  ADD PRIMARY KEY (`codExamenPostulante`);

--
-- Indices de la tabla `facultad`
--
ALTER TABLE `facultad`
  ADD PRIMARY KEY (`codFacultad`);

--
-- Indices de la tabla `grupo_iguales`
--
ALTER TABLE `grupo_iguales`
  ADD PRIMARY KEY (`codGrupo`);

--
-- Indices de la tabla `grupo_patron`
--
ALTER TABLE `grupo_patron`
  ADD PRIMARY KEY (`codGrupoPatron`);

--
-- Indices de la tabla `modalidad`
--
ALTER TABLE `modalidad`
  ADD PRIMARY KEY (`codModalidad`);

--
-- Indices de la tabla `parametros`
--
ALTER TABLE `parametros`
  ADD PRIMARY KEY (`codParametro`);

--
-- Indices de la tabla `postulantes_elevados`
--
ALTER TABLE `postulantes_elevados`
  ADD PRIMARY KEY (`codPostulanteElevado`);

--
-- Indices de la tabla `pregunta`
--
ALTER TABLE `pregunta`
  ADD PRIMARY KEY (`codPregunta`);

--
-- Indices de la tabla `sede`
--
ALTER TABLE `sede`
  ADD PRIMARY KEY (`codSede`);

--
-- Indices de la tabla `tasa`
--
ALTER TABLE `tasa`
  ADD PRIMARY KEY (`codTasa`);

--
-- Indices de la tabla `tipo_actor`
--
ALTER TABLE `tipo_actor`
  ADD PRIMARY KEY (`codTipoActor`);

--
-- Indices de la tabla `usuario`
--
ALTER TABLE `usuario`
  ADD PRIMARY KEY (`codUsuario`);

--
-- AUTO_INCREMENT de las tablas volcadas
--

--
-- AUTO_INCREMENT de la tabla `actor`
--
ALTER TABLE `actor`
  MODIFY `codActor` int(11) NOT NULL AUTO_INCREMENT, AUTO_INCREMENT=29217;

--
-- AUTO_INCREMENT de la tabla `analisis_examen`
--
ALTER TABLE `analisis_examen`
  MODIFY `codAnalisis` int(11) NOT NULL AUTO_INCREMENT, AUTO_INCREMENT=89;

--
-- AUTO_INCREMENT de la tabla `area`
--
ALTER TABLE `area`
  MODIFY `codArea` int(11) NOT NULL AUTO_INCREMENT, AUTO_INCREMENT=5;

--
-- AUTO_INCREMENT de la tabla `carrera`
--
ALTER TABLE `carrera`
  MODIFY `codCarrera` int(11) NOT NULL AUTO_INCREMENT, AUTO_INCREMENT=11;

--
-- AUTO_INCREMENT de la tabla `carrera_examen`
--
ALTER TABLE `carrera_examen`
  MODIFY `codCarreraExamen` int(11) NOT NULL AUTO_INCREMENT, AUTO_INCREMENT=15;

--
-- AUTO_INCREMENT de la tabla `condicion_postulacion`
--
ALTER TABLE `condicion_postulacion`
  MODIFY `codCondicion` int(11) NOT NULL AUTO_INCREMENT, AUTO_INCREMENT=5;

--
-- AUTO_INCREMENT de la tabla `estado_examen`
--
ALTER TABLE `estado_examen`
  MODIFY `codEstado` int(11) NOT NULL AUTO_INCREMENT, AUTO_INCREMENT=9;

--
-- AUTO_INCREMENT de la tabla `examen`
--
ALTER TABLE `examen`
  MODIFY `codExamen` int(11) NOT NULL AUTO_INCREMENT, AUTO_INCREMENT=6;

--
-- AUTO_INCREMENT de la tabla `examen_postulante`
--
ALTER TABLE `examen_postulante`
  MODIFY `codExamenPostulante` int(11) NOT NULL AUTO_INCREMENT, AUTO_INCREMENT=30872;

--
-- AUTO_INCREMENT de la tabla `facultad`
--
ALTER TABLE `facultad`
  MODIFY `codFacultad` int(11) NOT NULL AUTO_INCREMENT, AUTO_INCREMENT=12;

--
-- AUTO_INCREMENT de la tabla `grupo_iguales`
--
ALTER TABLE `grupo_iguales`
  MODIFY `codGrupo` int(11) NOT NULL AUTO_INCREMENT, AUTO_INCREMENT=278;

--
-- AUTO_INCREMENT de la tabla `grupo_patron`
--
ALTER TABLE `grupo_patron`
  MODIFY `codGrupoPatron` int(11) NOT NULL AUTO_INCREMENT, AUTO_INCREMENT=739;

--
-- AUTO_INCREMENT de la tabla `modalidad`
--
ALTER TABLE `modalidad`
  MODIFY `codModalidad` int(11) NOT NULL AUTO_INCREMENT, AUTO_INCREMENT=8;

--
-- AUTO_INCREMENT de la tabla `parametros`
--
ALTER TABLE `parametros`
  MODIFY `codParametro` int(11) NOT NULL AUTO_INCREMENT, AUTO_INCREMENT=8;

--
-- AUTO_INCREMENT de la tabla `postulantes_elevados`
--
ALTER TABLE `postulantes_elevados`
  MODIFY `codPostulanteElevado` int(11) NOT NULL AUTO_INCREMENT, AUTO_INCREMENT=13;

--
-- AUTO_INCREMENT de la tabla `pregunta`
--
ALTER TABLE `pregunta`
  MODIFY `codPregunta` int(11) NOT NULL AUTO_INCREMENT, AUTO_INCREMENT=6675;

--
-- AUTO_INCREMENT de la tabla `sede`
--
ALTER TABLE `sede`
  MODIFY `codSede` int(11) NOT NULL AUTO_INCREMENT, AUTO_INCREMENT=6;

--
-- AUTO_INCREMENT de la tabla `tasa`
--
ALTER TABLE `tasa`
  MODIFY `codTasa` int(11) NOT NULL AUTO_INCREMENT, AUTO_INCREMENT=16;

--
-- AUTO_INCREMENT de la tabla `tipo_actor`
--
ALTER TABLE `tipo_actor`
  MODIFY `codTipoActor` int(11) NOT NULL AUTO_INCREMENT, AUTO_INCREMENT=3;

--
-- AUTO_INCREMENT de la tabla `usuario`
--
ALTER TABLE `usuario`
  MODIFY `codUsuario` int(11) NOT NULL AUTO_INCREMENT, AUTO_INCREMENT=29233;
COMMIT;

/*!40101 SET CHARACTER_SET_CLIENT=@OLD_CHARACTER_SET_CLIENT */;
/*!40101 SET CHARACTER_SET_RESULTS=@OLD_CHARACTER_SET_RESULTS */;
/*!40101 SET COLLATION_CONNECTION=@OLD_COLLATION_CONNECTION */;
