-- phpMyAdmin SQL Dump
-- version 5.0.2
-- https://www.phpmyadmin.net/
--
-- Servidor: 127.0.0.1
-- Tiempo de generación: 10-08-2021 a las 07:54:00
-- Versión del servidor: 5.7.32-log
-- Versión de PHP: 7.4.10

SET SQL_MODE = "NO_AUTO_VALUE_ON_ZERO";
START TRANSACTION;
SET time_zone = "+00:00";


/*!40101 SET @OLD_CHARACTER_SET_CLIENT=@@CHARACTER_SET_CLIENT */;
/*!40101 SET @OLD_CHARACTER_SET_RESULTS=@@CHARACTER_SET_RESULTS */;
/*!40101 SET @OLD_COLLATION_CONNECTION=@@COLLATION_CONNECTION */;
/*!40101 SET NAMES utf8mb4 */;

--
-- Base de datos: `sidiraunt`
--

-- --------------------------------------------------------

--
-- Estructura de tabla para la tabla `actor`
--

CREATE TABLE `actor` (
  `codActor` int(11) NOT NULL,
  `apellidosYnombres` varchar(500) NOT NULL,
  `codUsuario` int(11) NOT NULL,
  `codTipoActor` int(11) NOT NULL
) ENGINE=InnoDB DEFAULT CHARSET=utf8mb4;

--
-- Volcado de datos para la tabla `actor`
--

INSERT INTO `actor` (`codActor`, `apellidosYnombres`, `codUsuario`, `codTipoActor`) VALUES
(26045, 'CONSEJO UNIVERSITARIO', 26061, 2),
(28764, 'LUCANO NIEVES DANIEL HANANI JOED', 28780, 1),
(28765, 'REAÑO TORRES JUAN ANSELMO', 28781, 1),
(28766, 'FERNANDEZ GUEVARA JOHN DE JESUS', 28782, 1),
(28767, 'MURILLO LOZANO DIEGO ARON', 28783, 1),
(28768, 'GARCIA CRUZ STEVEN ALEXANDER', 28784, 1),
(28769, 'CUEVA ESCOBEDO JENNIFER ARELI', 28785, 1),
(28770, 'POEMAPE GARCIA JOSEPH ANTONIO', 28786, 1),
(28771, 'RODAS CASTILLO ANTHONELLA NATALY', 28787, 1),
(28772, 'BORDA RIVEROS LISBETH DAYSI', 28788, 1),
(28773, 'PINTO ALVA NICOLE KAORI', 28789, 1),
(28774, 'RODRIGUEZ ARTEAGA PIERO ALEXANDER', 28790, 1),
(28775, 'BALAREZO LUNA YAMELY ESMERALDA', 28791, 1),
(28776, 'CHAMAY ARZABE FRANK JHORDAN', 28792, 1),
(28777, 'OLIVERA ESPINOZA MIRELLA LISSETH', 28793, 1),
(28778, 'CRUZ HENRIQUEZ GEORGINA ANAIS', 28794, 1),
(28779, 'SALAZAR MARIN ISABAUT GIULIANA', 28795, 1),
(28780, 'ILDEFONSO ALVARADO PABLO ALBERTH', 28796, 1),
(28781, 'PACHECO ROJAS PABLO OSWALDO JHAIR', 28797, 1),
(28782, 'ARAUJO CHOMBA MICHAEL JHONATAN', 28798, 1),
(28783, 'SALVADOR FLOREANO DEMMY BRIAN', 28799, 1),
(28784, 'BARAHONA MORILLAS ANDRE PAULET', 28800, 1),
(28785, 'CARRASCO PEREZ JOCABED SURIEL', 28801, 1),
(28786, 'BAZAN CASTILLO ALDO JAK', 28802, 1),
(28787, 'SILVA CARUAJULCA ERLAND OSCAR', 28803, 1),
(28788, 'RAMOS MALAVER MARIANA ELIZABETH', 28804, 1),
(28789, 'MENDEZ TORRES DANIELA MARÍA ILLARY', 28805, 1),
(28790, 'CRUZADO RISCO ROSA MERCEDES', 28806, 1),
(28791, 'MALCA SILVA LEANDRO ARTURO', 28807, 1),
(28792, 'GONZALES CARRASCO JESUS MIGUEL IDELSO', 28808, 1),
(28793, 'FLORES AGUIRRE RENZO ANDERSON', 28809, 1),
(28794, 'REYES RUBIO LILIANA HAYDEE', 28810, 1),
(28795, 'CAMPOS RODRIGUEZ PAOLA ANETTE', 28811, 1),
(28796, 'ESCOBAR GONZALES DIEGO ARNIE', 28812, 1),
(28797, 'HOYOS CRUZ EMERSON MIGUEL', 28813, 1),
(28798, 'LEON YNOQUIO JORGE LUIS', 28814, 1),
(28799, 'AGUILAR MOSTACERO ISABEL CRISTINA', 28815, 1),
(28800, 'GODOY PAREDES KEVIN ANDRES', 28816, 1),
(28801, 'REYES POLO KAROLYNE BRITHNEY CHANTAL', 28817, 1),
(28802, 'VILCHEZ BALDERA LUCERO DEL MILAGRO', 28818, 1),
(28803, 'LLENQUE LLENQUE JORGE DAVID', 28819, 1),
(28804, 'AGRAMONTE SANCHEZ XIOMARA YHOSCIMAR', 28820, 1),
(28805, 'ARANDA RAMOS ARIANA JAEL', 28821, 1),
(28806, 'VEGA ALVAREZ ALEJANDRA ELIZABETH', 28822, 1),
(28807, 'JARA FIGUEROA XIOMARA ANTONELLA', 28823, 1),
(28808, 'MENDOZA PEREZ CLAUDIA ISABEL', 28824, 1),
(28809, 'HERNANDEZ VALENCIA KAROL ALESSANDRA', 28825, 1),
(28810, 'SAGAL CASTILLO GLORIA MARIA', 28826, 1),
(28811, 'ROQUE RODRIGUEZ SEGUNDO ELIAS', 28827, 1),
(28812, 'MENDOZA SANDOVAL SANTOS FRANCISCA', 28828, 1),
(28813, 'CULQUE ANTICONA MARIA FERNANDA', 28829, 1),
(28814, 'BACA SANCHEZ OSCAR MILTON', 28830, 1),
(28815, 'CUEVA HERRERA LUCCAS ENRIQUE', 28831, 1),
(28816, 'HUAMAN CORONADO VICTOR ANDRES', 28832, 1),
(28817, 'FERNANDEZ TORRES ALEXIS MANUEL', 28833, 1),
(28818, 'PAREDES SANCHEZ LEONIDAS ESTTIBEN', 28834, 1),
(28819, 'RODRIGUEZ ZAVALETA DANIXA JASMIN', 28835, 1),
(28820, 'HERNANDEZ LLANOS JOSE JULIO GABRIEL', 28836, 1),
(28821, 'TIRADO ALBITRES MIGUEL ENRIQUE', 28837, 1),
(28822, 'HERNANDEZ HUAMAN WILLY ALDAIR', 28838, 1),
(28823, 'LOPEZ NAVEZ ALBA CAMILE', 28839, 1),
(28824, 'NUREÑA CASTILLO KAROL YAMELI', 28840, 1),
(28825, 'GRANDEZ VELASQUEZ GUIANELLA MAKENSY', 28841, 1),
(28826, 'PEREA ALVA AUREA LYZ', 28842, 1),
(28827, 'MOSTACERO JIMENEZ KARLA JACKELINE', 28843, 1),
(28828, 'DIAZ RUBIRA ANDREA FERNANDA', 28844, 1),
(28829, 'VASQUEZ AGUIRRE CARLOS ALEXANDER', 28845, 1),
(28830, 'TORRES ALDAVE NAHOMI OSMARI BELHEN', 28846, 1),
(28831, 'LEON ASCATE EDUARDO YAIR SEBASTIAN', 28847, 1),
(28832, 'RUIZ DE LA CRUZ STACY ALISSON', 28848, 1),
(28833, 'CHAVEZ VILLARREAL GERALDINE LISSET', 28849, 1),
(28834, 'HUAMAN MERCADO VIOLETA DEL RUBI', 28850, 1),
(28835, 'NUÑEZ LLAJARUNA BRIGITTE ANGELINE', 28851, 1),
(28836, 'CORTIJO RUIZ ANGELO SEGUNDO', 28852, 1),
(28837, 'RUIZ VERA ERIKA ELIZABETH', 28853, 1),
(28838, 'AREVALO LLAPAPASCA CRISTHIAN DANIEL', 28854, 1),
(28839, 'GUTIERREZ PAREDES FATIMA LIZBETH', 28855, 1),
(28840, 'MOSQUERA PERALTA ROSITA DEL MILAGRO', 28856, 1),
(28841, 'BELTRAN RODRIGUEZ JUANY STEPHANY', 28857, 1),
(28842, 'CULQUITANTE ANTICONA DENIS SMITH', 28858, 1),
(28843, 'ANGEL JARA MARIA TERESA', 28859, 1),
(28844, 'VALDERRAMA ESPINOLA RUTH CAMILA', 28860, 1),
(28845, 'TUESTA REYNA KARYN MARIA', 28861, 1),
(28846, 'GARGUREVICH NUÑEZ THEO IBAR', 28862, 1),
(28847, 'SEGURA SILVESTRE ELVIRA DAYANNE', 28863, 1),
(28848, 'SALAZAR REYES GLORIA ESTHER', 28864, 1),
(28849, 'DE LA CRUZ BARRUETO MARIESTHER DE LOS AN', 28865, 1),
(28850, 'VASQUEZ CABRERA FLOR DE MARIA', 28866, 1),
(28851, 'BALLENA GONZALES JACKELINE BEL', 28867, 1),
(28852, 'MARQUEZ DAMIAN NAYELY MARIEL', 28868, 1),
(28853, 'SUAREZ MURILLO DAIRA MARYFE', 28869, 1),
(28854, 'ESPINOZA VITAL LUZ MARIA DE FATIMA', 28870, 1),
(28855, 'QUISPE GOMEZ KATHERINE ESTER', 28871, 1),
(28856, 'NIETO VEGA KATE ALICIA', 28872, 1),
(28857, 'CHOLAN HUATAY LESLY MARIBEL', 28873, 1),
(28858, 'GONZALES MAVILA ALEXIS PAVEL', 28874, 1),
(28859, 'MORAN JULCA JACKELIN YANIRA', 28875, 1),
(28860, 'MARKY ZEGARRA EVELY JANELLY', 28876, 1),
(28861, 'DEZA VILELA JOSUE JONATAN', 28877, 1),
(28862, 'LUJAN ROJAS ALEXIA CRISTINA', 28878, 1),
(28863, 'ANGULO ESPINO NIKOLLE STEPHANY', 28879, 1),
(28864, 'ZUÑIGA CIEZA MARCIA JAHAIRA', 28880, 1),
(28865, 'GAMBOA ALFARO ROMINA MILI', 28881, 1),
(28866, 'CANCINO PRETEL YADHIRA CANCINO', 28882, 1),
(28867, 'RODRIGUEZ CISNEROS JHOSELYN PAMELA', 28883, 1),
(28868, 'RIOS JULCA JENNYFER ARIANA', 28884, 1),
(28869, 'SOLANO RODRÌGUEZ KARLA MARÌA VICTORIA', 28885, 1),
(28870, 'ROMERO ROJAS LESLIE ISABELINA', 28886, 1),
(28871, 'MOSTACERO BLAS CARLOS JONATHAN', 28887, 1),
(28872, 'LEYVA GONZALES LORENA LIZETH', 28888, 1),
(28873, 'CAMPERO MURGA SANDRA SUSANA', 28889, 1),
(28874, 'VASQUEZ MATUTE VALERIA ISABEL', 28890, 1),
(28875, 'SANCHEZ OLIVA NOHELY ALEXANDRA', 28891, 1),
(28876, 'GASTELO MERINO NAYELLI DARIANA', 28892, 1),
(28877, 'PEREZ YRIGOIN ALEXANDRA NICOLE', 28893, 1),
(28878, 'RAMÍREZ SAAVEDRA ANDREA MABEL', 28894, 1),
(28879, 'LEON GALVEZ KAREN JOHANA', 28895, 1),
(28880, 'SAAVEDRA ZAMORA CARLA PATRICIA', 28896, 1),
(28881, 'BRICEÑO GONZALES KATHERINE NICOL', 28897, 1),
(28882, 'CASTILLO SANCHEZ JHOYSY SULEYKA', 28898, 1),
(28883, 'TERRONES BALTODANO MERCEDES ANILU', 28899, 1),
(28884, 'HILARIO ROJAS AMPARITO ELIZABETH', 28900, 1),
(28885, 'DE LA CRUZ TERRONES QUITERIA YESSADORA', 28901, 1),
(28886, 'TORRES VARAS PAULA FABIANA', 28902, 1),
(28887, 'ZAPATA GUEVARA LESLI KATERINE', 28903, 1),
(28888, 'AGUILAR RIVEROS DINA LIZBETH', 28904, 1),
(28889, 'QUIÑONES RIOS MARIA FERNANDA', 28905, 1),
(28890, 'CARRION VEGA ARLETH NOELIA', 28906, 1),
(28891, 'FLORENTINO MENDOZA MARIA ROSA DE LOS ANG', 28907, 1),
(28892, 'GARCIA HUACCHILLO FLAVIA RUBI', 28908, 1),
(28893, 'DÍAZ MUÑOZ NAYELI BRIGHIT', 28909, 1),
(28894, 'HUERTA ARTEAGA JESSICA NICOLLE', 28910, 1),
(28895, 'CRUZ GUTIERREZ ANTONELLA SARAI', 28911, 1),
(28896, 'RODRIGUEZ VERGARAY MAYLEN VIVIANA', 28912, 1),
(28897, 'ALVARADO AMAYA JESUS MARINA', 28913, 1),
(28898, 'VIDAL VARAS SANTOS MELITA', 28914, 1),
(28899, 'CORTEZ VERA MARIA EMILIA DEL MILAGRO', 28915, 1),
(28900, 'DÍAZ CARRANZA ITATI EVA NAHIARA', 28916, 1),
(28901, 'VILLARREAL MALDONADO DIEGO JULINHO', 28917, 1),
(28902, 'CARRANZA CARRANZA FIORELLA ALEXANDRA', 28918, 1),
(28903, 'HARO AVALOS ESTHEFANY MELISSA', 28919, 1),
(28904, 'SEVILLANO BERNABE KAREN ROSA', 28920, 1),
(28905, 'RODRIGUEZ DIAZ ARIANA JULIET', 28921, 1),
(28906, 'CESPEDES PEREZ XIOMARA IBETH', 28922, 1),
(28907, 'VASQUEZ MARQUINA VICTOR HUSSID', 28923, 1),
(28908, 'CRUZ DOMINGUEZ ANA ELIZABETH', 28924, 1),
(28909, 'RODRIGUEZ ALFARO YADHIRA DAYELI', 28925, 1),
(28910, 'VASQUEZ VASQUEZ JOANA NICOL', 28926, 1),
(28911, 'ROSALES SANCHEZ TALITA MISHELL', 28927, 1),
(28912, 'IMAMURA URIOL AIRI SILVANA', 28928, 1),
(28913, 'HILARIO SULLON ESTELA BRISETH', 28929, 1),
(28914, 'MEZA RUIZ EVELYN MARGARITA', 28930, 1);

-- --------------------------------------------------------

--
-- Estructura de tabla para la tabla `analisis_examen`
--

CREATE TABLE `analisis_examen` (
  `codAnalisis` int(11) NOT NULL,
  `tasaIrregularidad` float DEFAULT NULL,
  `codExamen` int(11) NOT NULL,
  `tasaGI` float DEFAULT NULL,
  `tasaGP` float DEFAULT NULL,
  `tasaPE` float DEFAULT NULL
) ENGINE=InnoDB DEFAULT CHARSET=utf8mb4;

--
-- Volcado de datos para la tabla `analisis_examen`
--

INSERT INTO `analisis_examen` (`codAnalisis`, `tasaIrregularidad`, `codExamen`, `tasaGI`, `tasaGP`, `tasaPE`) VALUES
(87, 0.162472, 1, 0.1766, 0.370861, 0);

-- --------------------------------------------------------

--
-- Estructura de tabla para la tabla `area`
--

CREATE TABLE `area` (
  `codArea` int(11) NOT NULL,
  `descripcion` varchar(200) NOT NULL,
  `area` varchar(2) NOT NULL
) ENGINE=InnoDB DEFAULT CHARSET=utf8mb4;

--
-- Volcado de datos para la tabla `area`
--

INSERT INTO `area` (`codArea`, `descripcion`, `area`) VALUES
(1, 'CIENCIAS DE LA VIDA Y DE LA SALUD', 'A'),
(2, 'CIENCIAS BÁSICAS Y TECNOLÓGICAS', 'B'),
(3, 'CIENCIAS DE LA PERSONA', 'C'),
(4, 'CIENCIAS ECONÓMICAS', 'D');

-- --------------------------------------------------------

--
-- Estructura de tabla para la tabla `carrera`
--

CREATE TABLE `carrera` (
  `codCarrera` int(11) NOT NULL,
  `nombre` varchar(200) NOT NULL,
  `codAreaActual` char(1) NOT NULL,
  `codFacultad` int(11) NOT NULL,
  `abreviacionMayus` varchar(50) NOT NULL
) ENGINE=InnoDB DEFAULT CHARSET=utf8mb4;

--
-- Volcado de datos para la tabla `carrera`
--

INSERT INTO `carrera` (`codCarrera`, `nombre`, `codAreaActual`, `codFacultad`, `abreviacionMayus`) VALUES
(1, 'Ingenieria de Sistemas', '2', 7, 'IS'),
(2, 'Ciencias Biológicas', '1', 1, 'CCAS.BIOLOGICAS'),
(3, 'Enfermería', '1', 1, 'ENFERMERIA'),
(4, 'Farmacia y Bioquímica', '1', 1, 'FARMACIA y BBQQ.'),
(7, 'Medicina', '1', 1, 'MEDICINA'),
(8, 'Microbiología y Parasitologia', '1', 1, 'MICROBIOL.y PARAS.'),
(9, 'Estomatología', '1', 1, 'ESTOMATOLOGIA'),
(10, 'Biología pesquera', '1', 1, 'BIOLOGIA PESQUERA');

-- --------------------------------------------------------

--
-- Estructura de tabla para la tabla `carrera_examen`
--

CREATE TABLE `carrera_examen` (
  `codCarreraExamen` int(11) NOT NULL,
  `cantidadVacantes` int(11) NOT NULL,
  `codExamen` int(11) NOT NULL,
  `codCarrera` int(11) NOT NULL,
  `puntajeMinimoPostulante` float NOT NULL,
  `puntajeMaximoPostulante` float NOT NULL,
  `puntajeMinimoPermitido` float NOT NULL
) ENGINE=InnoDB DEFAULT CHARSET=utf8mb4;

--
-- Volcado de datos para la tabla `carrera_examen`
--

INSERT INTO `carrera_examen` (`codCarreraExamen`, `cantidadVacantes`, `codExamen`, `codCarrera`, `puntajeMinimoPostulante`, `puntajeMaximoPostulante`, `puntajeMinimoPermitido`) VALUES
(7, 31, 1, 2, 73.326, 172.18, 72.933),
(8, 22, 1, 3, 108.961, 205.791, 72.904),
(9, 31, 2, 2, 73.326, 172.18, 72.933),
(10, 22, 2, 3, 108.961, 205.791, 72.904);

-- --------------------------------------------------------

--
-- Estructura de tabla para la tabla `condicion_postulacion`
--

CREATE TABLE `condicion_postulacion` (
  `codCondicion` int(11) NOT NULL,
  `nombre` varchar(50) NOT NULL
) ENGINE=InnoDB DEFAULT CHARSET=utf8mb4;

--
-- Volcado de datos para la tabla `condicion_postulacion`
--

INSERT INTO `condicion_postulacion` (`codCondicion`, `nombre`) VALUES
(1, 'INGRESA'),
(2, 'ING. 2-OPC'),
(3, 'NO INGRESA'),
(4, 'AUSENTE');

-- --------------------------------------------------------

--
-- Estructura de tabla para la tabla `estado_examen`
--

CREATE TABLE `estado_examen` (
  `codEstado` int(11) NOT NULL,
  `descripcion` varchar(50) NOT NULL
) ENGINE=InnoDB DEFAULT CHARSET=utf8mb4;

--
-- Volcado de datos para la tabla `estado_examen`
--

INSERT INTO `estado_examen` (`codEstado`, `descripcion`) VALUES
(1, 'Creado'),
(3, 'Procesando'),
(4, 'Aprobado'),
(5, 'Cancelado'),
(6, 'Analizado'),
(7, 'Datos Insertados'),
(8, 'Archivos Cargados');

-- --------------------------------------------------------

--
-- Estructura de tabla para la tabla `examen`
--

CREATE TABLE `examen` (
  `codExamen` int(11) NOT NULL,
  `año` int(11) NOT NULL,
  `fechaRendicion` date NOT NULL,
  `nroVacantes` int(11) DEFAULT NULL,
  `nroPostulantes` int(11) DEFAULT NULL,
  `asistentes` int(11) DEFAULT NULL,
  `ausentes` int(11) DEFAULT NULL,
  `codModalidad` int(11) NOT NULL,
  `codSede` int(11) NOT NULL,
  `codEstado` int(11) NOT NULL,
  `valoracionPositivaCON` float NOT NULL,
  `valoracionPositivaAPT` float NOT NULL,
  `valoracionNegativaCON` float NOT NULL,
  `valoracionNegativaAPT` float NOT NULL,
  `periodo` varchar(20) DEFAULT NULL,
  `codArea` int(11) NOT NULL
) ENGINE=InnoDB DEFAULT CHARSET=utf8mb4;

--
-- Volcado de datos para la tabla `examen`
--

INSERT INTO `examen` (`codExamen`, `año`, `fechaRendicion`, `nroVacantes`, `nroPostulantes`, `asistentes`, `ausentes`, `codModalidad`, `codSede`, `codEstado`, `valoracionPositivaCON`, `valoracionPositivaAPT`, `valoracionNegativaCON`, `valoracionNegativaAPT`, `periodo`, `codArea`) VALUES
(1, 2021, '2021-01-28', 53, 151, 151, 0, 1, 1, 6, 4.079, 4.07, -1.021, -1.019, '2021-I', 2),
(2, 2021, '2021-07-28', 53, 151, 151, 0, 1, 1, 7, 215, 152, 21, 21, '2021-II', 2),
(3, 2021, '2021-08-04', NULL, NULL, NULL, NULL, 1, 4, 8, 4.079, 4.07, 1.021, 1.019, '2020-I', 1),
(4, 2021, '2021-08-11', NULL, NULL, NULL, NULL, 1, 4, 8, 2, 2, 2, 2, '2020-I', 1);

-- --------------------------------------------------------

--
-- Estructura de tabla para la tabla `examen_postulante`
--

CREATE TABLE `examen_postulante` (
  `codExamenPostulante` int(11) NOT NULL,
  `orden` int(11) NOT NULL,
  `nroCarnet` varchar(10) NOT NULL,
  `codActor` int(11) NOT NULL,
  `puntajeAPT` float NOT NULL,
  `puntajeCON` float NOT NULL,
  `puntajeTotal` float NOT NULL,
  `puntajeMinimoPermitido` float NOT NULL,
  `codCarrera` int(11) NOT NULL,
  `codCondicion` int(11) NOT NULL,
  `respuestasJSON` varchar(1000) NOT NULL,
  `codExamen` int(11) NOT NULL,
  `nroCorrectas` int(11) NOT NULL,
  `nroIncorrectas` int(11) NOT NULL
) ENGINE=InnoDB DEFAULT CHARSET=utf8mb4;

--
-- Volcado de datos para la tabla `examen_postulante`
--

INSERT INTO `examen_postulante` (`codExamenPostulante`, `orden`, `nroCarnet`, `codActor`, `puntajeAPT`, `puntajeCON`, `puntajeTotal`, `puntajeMinimoPermitido`, `codCarrera`, `codCondicion`, `respuestasJSON`, `codExamen`, `nroCorrectas`, `nroIncorrectas`) VALUES
(30268, 1, '013814', 28764, 67.152, 105.028, 172.18, 72.933, 2, 1, ' ABBBBBBXAXXXBXXBXBBABBXBDBBXXXXBXXXBBBXBXBBXXXBBXEBXXXXXEXBXXBXBXBBBXXXCXXBXXBXXXBXXBBBXXEXBBXXBCXBD', 1, 44, 7),
(30269, 2, '009161', 28765, 49.847, 93.792, 143.639, 72.933, 2, 1, ' CADBXXDBXXBBBBXBABXCBBBBXXBXBEXBXBBBBCDBXXXAXCXBBXBDXXBCBXXBXBBXBCXBBBBAECXBBBXBBBXXADCXBXEEEBABECXB', 1, 42, 27),
(30270, 3, '017841', 28766, 55.955, 73.407, 129.362, 72.933, 2, 1, ' XXBBXEBBBCXBBDXBBBBABEXEXBXXXBXXXXBBDXXBBAXBAAXBBBBBXXBXEXXBDXXXBEXXBBXXXXXBBXXXXXDEBEDEXBXBBXXXXXXX', 1, 36, 17),
(30271, 4, '030871', 28767, 83.432, 43.838, 127.27, 72.933, 2, 1, ' AXBBBBBBBABABXXBBBBBBBXXBBBXBXCCBEXXXDXCXXXXXXXXXXXXXXXXXDXXXBXBXBXXBEBXXXXXXXBXXEBXXBBXBXXBBXXXXXDX', 1, 34, 11),
(30272, 5, '027263', 28768, 65.114, 53.017, 118.131, 72.933, 2, 1, ' CBBXBBBBBAXXEXBXBABXBXBBBBAXBXXXXBXBXEBXXXXXXXXXXXXXXDXEEXXXBXXBBBXBBBBAXBXXXXXBDCBXXXXXXEXXXXBXXXXX', 1, 32, 12),
(30273, 6, '024097', 28769, 63.076, 53.012, 116.088, 72.933, 2, 1, ' BBXABXBBBABDBXBXBEBAEXBABBBXBXBEXAXXBXCXBEXXXXXXXXBXXBXBXBBXBXXBXXXXXXXXAAAXBXBXAEXEXBXXEXXBBCXXBXXX', 1, 33, 18),
(30274, 7, '047438', 28770, 45.783, 69.333, 115.116, 72.933, 2, 1, ' AXXBBXBXBDBXBXXXXBXABXBBXEXXAXXXAXXXBXXBXBBXXXBBBDCAEBXXXEXBEBXBXXBXXXXXXBXXXXXBXXXXXXXBBEXXXBXBBXXX', 1, 31, 11),
(30275, 8, '023827', 28771, 45.783, 69.333, 115.116, 72.933, 2, 1, ' AXXBBXBXBDBXBXXXXBXABXBBXEXXAXXXAXXXBXXBXBBXXXBBBDCAEBXXXEXBEBXBXXBXXXXXXBXXXXXBXXXXXXXBBEXXXBXBBXXX', 1, 31, 11),
(30276, 9, '052793', 28772, 47.809, 66.28, 114.089, 72.933, 2, 1, ' XBBBXXAXBECBEBBBBXBDAEBBXCXBDBCXBXXXXBBXXXBBXXXBXXXXBXBXXXBXBXXBXXXXXBBBXBXCXXBXXXXXXXXXXXXXXXBCXXXX', 1, 31, 12),
(30277, 10, '030509', 28773, 45.777, 68.307, 114.084, 72.933, 2, 1, ' XBCXBDXXBDXBAXBEXBBBXBXBBBDBXBBDXXXXBXXXXXXXXXXXXBXBEXBBXBXDBXXXBBCDXXCXXXXBDBXAXXBBBABAXBXAXDXXBBAD', 1, 33, 20),
(30278, 11, '048263', 28774, 59, 53.012, 112.012, 72.933, 2, 1, ' ABBXXBBABDCBBEBCBXBAEBABBBACEBBAXBXXXEDBXXXXXBXXXXXCXXXXBBXBABXABBXXXXCCBXXXXXBXXBXXCBBBXXXDXXXXXDXA', 1, 33, 22),
(30279, 12, '047925', 28775, 66.127, 41.806, 107.933, 72.933, 2, 1, ' AAXBCDXABDBBXBBBXBBABBBBBCXBABBXBXXBXXBXXXXXXXXXXXXXBXXXBCXXXXBXXXXXXXXXXXXDXXXXXAXXBXXXXXXBXBXXXBXX', 1, 29, 10),
(30280, 13, '029839', 28776, 56.974, 47.927, 104.901, 72.933, 2, 1, ' XXBXXBBBBABXBBABXBXAXXBDAXXBCBXXXXBXXBXXXXXXBXBXBXXXXBBXXXXXXXXXBXXBXXXXXXXCBXXXBXXXXBXXXXXXXXXXXXXX', 1, 27, 5),
(30281, 14, '018245', 28777, 35.587, 66.23, 101.817, 72.933, 2, 1, ' ABBBEBACBBADCCBDECADBEBBCCBBBEEEBDCBBBDBABBBABEECEDDBBDBBAAAAAABAEBDAABDBADBBABAABAEBBEEBDCBBAEEEBAC', 1, 40, 60),
(30282, 15, '019283', 28778, 54.936, 46.881, 101.817, 72.933, 2, 1, ' ABXXXXDEBXBBXBBABXBXBBXECABBBBXDBXCXBDXBXXXBAXDXXEBXXXECXABXBBEEBXXXBBXXXXAXBABCEECDBXBXXXBXEXCXACXD', 1, 32, 28),
(30283, 16, '038761', 28779, 49.847, 50.965, 100.812, 72.933, 2, 1, ' BBBBBXBAXAXBXBXEBXDXXEBBEBBEBXBXBBXBXACBXXXEDBABXBXBBXXDXXBAXXXDXXXXXXDXBXXXBXBABXCEEBXXXECXBACCXXXX', 1, 31, 25),
(30284, 17, '039006', 28780, 53.923, 45.885, 99.808, 72.933, 2, 1, ' XXBXBBXBBABBDBXDBBDAXBBXXXXXXXXBXXXXXXXXXXBXBXCXCXXXXXXXXXXXXXXXBXXXBBBXXXXXXXDXXBXXXXXXBBXXXXXXBXBX', 1, 26, 6),
(30285, 18, '004849', 28781, 48.828, 50.975, 99.803, 72.933, 2, 1, ' DXBEXBCEBAAXABBBXABCBBXBBXXBXBEXBXXBXXXBXXXXXXXXXXXABXXXXBXXXBBXXXXEBBBXXXXXEXCXXCEDCXBBBXXAXXXBBXXX', 1, 29, 18),
(30286, 19, '001432', 28782, 64.095, 31.611, 95.706, 72.933, 2, 1, ' ADBBXBBBBAEBDXXXXBBADBXABBXBXBXXXXXXXXAXXXXXXXXXXBBXXXXXXXXXXXXXXXXBXXXBXXXXXXXBBXXXXXXXXXXXXXXBBXXX', 1, 25, 6),
(30287, 20, '032447', 28783, 30.516, 64.233, 94.749, 72.933, 2, 1, ' XBEXADBXBXBXBBABXBXEXAXXXXXXXBBXBXBXBEXXEBAXXXXXXXBXXXXABXXBXXXBADXAXBXXXXBXBBXBXXBXBAXXDXXBXXBXXXXX', 1, 27, 15),
(30288, 21, '015074', 28784, 60.025, 34.654, 94.679, 72.933, 2, 1, ' ABBXXBBDCEBXBEBBXXBABABXXBXBXBXXXXAAXBEBCBXXXAAXXBAXBXXXXXEXXDXXXBXXXBBBXXXXXXXCXXAXXBXXXBDXBCXXDXXX', 1, 28, 19),
(30289, 22, '022813', 28785, 46.796, 35.68, 82.476, 72.933, 2, 1, ' XXBBXDXXDDXBXXCBDABABBBBXXBBBXXXXCXXBXXAXXXXAXXXXXXXXXXAXXXXXBXXXBBXXXXDXDXBBBCXXXXXBBDXXXXXXXCBXXBX', 1, 24, 15),
(30290, 23, '027426', 28786, 40.688, 39.759, 80.447, 72.933, 2, 1, ' AXBXAXXDBAXBCXBXXEAAXBXBABDCBBXXBXXXXXBXEXXXXXBXEXBXXXXXXXXXBXEBXXXXXXXXXAXXDXXCCEBBXEXBXXXXXXXXBXBD', 1, 24, 17),
(30291, 24, '002779', 28787, 29.491, 49.939, 79.43, 72.933, 2, 1, ' BBXXXBCBEABEAEBXABXXXDBXECBXBDXABXAXBBBCABXBDXXXXCXCXAXXEXAXXXADAXBXXDCCBBXXAXCEXXXCCXBXBBCBBBBEXBXD', 1, 28, 34),
(30292, 25, '030774', 28788, 46.802, 31.606, 78.408, 72.933, 2, 1, ' AXBCBXXBBABXEXXXXXXAXXXBXBBBXXCXXXXBBXXXXBXXXBXXXXXXXXXDXBEXXXXBXXXXXXXXXXXXXXXXXXXXBXXBCXXXXBXXXXCX', 1, 21, 7),
(30293, 26, '050514', 28789, 42.72, 35.675, 78.395, 72.933, 2, 1, ' XDABBBBBCXCABBBXBCEBBBXXXXAEBBEXXBXXXDXXXXXXXXXXBBXXBXXXBXDXEBXXXDAXBAXXBXXXEXXCXXBXXXADXXAXXBXBXXAD', 1, 25, 23),
(30294, 27, '036889', 28790, 49.847, 26.511, 76.358, 72.933, 2, 1, ' ABBDBXDAXABXBBXXXXDXBBCBXBBCBEXBXXXXBXXXXXXXXXXXXXXXXXXXXXXXXXXXXXXBXBCBXBXXXXXXXDXXXXXXBXXXXXXXXXXX', 1, 21, 9),
(30295, 28, '041484', 28791, 44.752, 31.601, 76.353, 72.933, 2, 1, ' XBBBBXXBDXABBBAABAECEBBBABAEBDXXXXXCXXXXXXXBXXXXXBBXXXXXXBXAAXEXBXXXXXXXBCDXXXXXXAXXXXXXXXCXDBXBXBBX', 1, 24, 21),
(30296, 29, '039014', 28792, 47.815, 27.527, 75.342, 72.933, 2, 1, ' XBXBXXXBBAXBBBBXAAXXBAXEBXEBBXBXXXXXXDDXXXXXXXXXXXXXXXXBDXXXXXXXXBAXXXXXXBCXXXXXXXXXBXXXXXXXBXXXBBXX', 1, 21, 10),
(30297, 30, '027922', 28793, 36.618, 37.712, 74.33, 72.933, 2, 1, ' XBBDBXXBBCXXAXBAAXBABXEAABXXXBXDBAXXXXXXBXXXXXBXXXDXXXXXXDCBBXXXBXXBBXBXDXXEADXXEXDXXXXABDXDBABXXXXD', 1, 24, 23),
(30298, 31, '030183', 28794, 33.567, 39.759, 73.326, 72.933, 2, 1, ' XXXXBCXBBXBCBCXEBBXEEXBXBXXBEXXXXXXXXDXBXXXAXXXXXCCXXBBXBXBBXXBBXXXXEXAEXXXXXXXBXXBXBXXBXXXXEXCXXXXX', 1, 22, 16),
(30299, 32, '001925', 28795, 37.637, 31.596, 69.233, 72.933, 2, 2, ' ACBBXBXXXXEBXXXBBBDXBBABXCXCDXXXXEXXXXBXXBXXXEDEXABBBXXXXXXXXXCXXXXEXBAXXBXDXXXXXBXXAXXXXBXDXDBXAXBX', 1, 22, 20),
(30300, 33, '038145', 28796, 37.637, 31.596, 69.233, 72.933, 2, 3, ' ACBBXBXXXXEBXXXBBBDXBBABXCXCDXXXXEXXXXBXXBXXXEDEXABBBXXXXXXXXXCXXXXEXBAXXBXDXXXXXBXXAXXXXBXDXDBXAXBX', 1, 22, 20),
(30301, 34, '002232', 28797, 34.586, 32.627, 67.213, 72.933, 2, 3, ' AABDBXBBXXEXXXXXBBXBDXBXBXBXXCXXXXXXXXXDXXXXXXBXXXXBXXBBXAXBXXXXXXXXCXXXXXXXXXXBXXXXBAXXXXXXBBXXXXXX', 1, 19, 10),
(30302, 35, '049315', 28798, 30.522, 35.685, 66.207, 72.933, 2, 3, ' XXXXBBXBXXXDXXBXAXBABXXBXXXXXXAXXXXXBXXXEXXXBBXXXXXXXXCXXBXXXXXXXXXXXXBBXXBBXXXXEXXBXXXXBXXXXXXXXEXX', 1, 18, 7),
(30303, 36, '039941', 28799, 33.573, 31.606, 65.179, 72.933, 2, 2, ' EBXXBXBXXXBBCXXBXAXAXXBXXXXBXXXXBXXXXXBXBXXXXXXBXXXCXXXXXEXXXEXXXXXXXBXXXXXBXXXXXXXDXXXXDBXBXXXXXBXX', 1, 18, 8),
(30304, 37, '027094', 28800, 29.497, 35.68, 65.177, 72.933, 2, 3, ' AXAXXDXBXXXEXCXXXEBABBXABEBXBXDBXXXXBBXXAXXXXXXXBXXXXBXXDXBXXXXBXXXBXXXXCXCCCXAXBXXXEBBXXXXXXXXXXXXX', 1, 20, 16),
(30305, 38, '029244', 28801, 24.396, 40.745, 65.141, 72.933, 2, 3, ' DCBXDBBDCECBXDAADCBAEBEBDBDBXXAXECBEXXDBABADBDXCDBACDXBCCBCADXBEXDXEBXECAXDXDBCCCBDXDXAXXBACBBBBBBBA', 1, 29, 52),
(30306, 39, '028248', 28802, 40.688, 24.449, 65.137, 72.933, 2, 3, ' EDBXBBXXDXXBDXCEBBCXXBXAXBBBBBCXDAXXXXXBXDXXCAXXXXXXEDXDXXEXBBXEXEDEDXXEBBEXBBXXBBBXXXBXXXCXXXXXDXDX', 1, 23, 28),
(30307, 40, '010508', 28803, 31.529, 32.607, 64.136, 72.933, 2, 2, ' DXXBCBBXXAXDCABBAXBCXXXXCXBEBBEXXBXBDBXXXXAXXXXXXXCBXDXXBBBCCAEXEDBXXABAEBEXXXXXBXXXACXXBXXXCXEXXXBE', 1, 23, 29),
(30308, 41, '028553', 28804, 21.345, 37.672, 59.017, 72.933, 2, 3, ' BAXDACXCAADBEBXBXAXABBCEBBAAXACBBCDBDAABCABECDBCBDDEDCCEEBDBBDDDAEDDEXABCBXAEDDACAABABBBBCCDCBEBBCED', 1, 30, 62),
(30309, 42, '018262', 28805, 44.758, 14.224, 58.982, 72.933, 2, 2, ' BXXDBAXBBCBXBBDBBABDXBXBCXXBBXEXEBAADDDDXECBXABAEDBBABADDCCCXAXEXXABBXBEABDECDAXXCXDAXCDXBCCCBDEBXDD', 1, 27, 50),
(30310, 43, '040853', 28806, 41.713, 13.228, 54.941, 72.933, 2, 2, ' ABBAXBXBBXXXCXXXXBXAXXBXEBXXXBXXXXBAXXAXBXCCXDAXXCXBXBAXXDBXXAXAXBBEXCXXEDXXXCBXCEXEXXXXXXDBXDXDXXCX', 1, 20, 26),
(30311, 44, '026726', 28807, 23.395, 30.58, 53.975, 72.933, 2, 3, ' AXXXXXXEXAXEXBXDXXAXBBXAXXXBBXDXXXXXXDXXBXXXDXXCXBXXXXXBXBXXXXXXBXXBABDXXXXXCXXXEXXBXXXXXXBXDXBEXXXX', 1, 17, 15),
(30312, 45, '041499', 28808, 29.497, 24.444, 53.941, 72.933, 2, 3, ' ABXDXXXBXBXBBXXCBXDCCXXBXXXABBCXBXXBDDXXCXXXDXXEXXXAXCDXXXXDBCBXXCXEDCXBBABXCXXAXBXXXXCXBCXDBXBBCXAA', 1, 21, 31),
(30313, 46, '029394', 28809, 32.542, 21.396, 53.938, 72.933, 2, 3, ' ECXDXEBBDAXXAXXEBBDABCCBBBCXBCXXXBCXBXXEXEEXXXEXXXXXXEAXXCXXXBXXXXEBXCXXXXXXEXXCXDBXXDXXAXXBXBBXXBXX', 1, 20, 27),
(30314, 47, '047357', 28810, 34.58, 19.349, 53.929, 72.933, 2, 3, ' ABXXXXBXAXEBBEDCAXXDBACCBBBXBBXXBCDAXXXBBXEXXXEDXXXXADAXACXXBXBXXXAXXXXXXXCDBXXXXDBXXAXXXBEBCXEXEXBC', 1, 21, 31),
(30315, 48, '050329', 28811, 26.446, 23.433, 49.879, 72.933, 2, 3, ' XXEXXBBXBBXEXBXXXBXXBXBXXDAXDBXXBBCBDXXCXEBEXXXXXCXXBEXXAXAXXXDXXXBXXAXBXXEBXXXXXEXBXXDXECCXXBXXXXXX', 1, 18, 23),
(30316, 49, '028851', 28812, 33.567, 16.306, 49.873, 72.933, 2, 3, ' AXXXXDBXXAXXXADDBBXEBBBXBAEBXXXXXBXXXAXXXXXAXXXXXXXXXBXBBXABXXXXXXXXCXXCXXXXDXXDXXXXXXXXXXXXBXXXXEXX', 1, 16, 15),
(30317, 50, '045288', 28813, 30.516, 18.348, 48.864, 72.933, 2, 3, ' XBXBBXAXXBXXXXXBXBXXXCBBEEXBBAXXXXXXXXXXXXXXXXXXXAXXXXXXXXXXXEXXBXXCEBXXEEXXXXXXXXXXBXBXXXXXXXBXXBXX', 1, 15, 12),
(30318, 51, '031385', 28814, 29.497, 18.348, 47.845, 72.933, 2, 3, ' XXXBBXCXCCDXBXBXDBXXXBXXBDCBBXXXXXBXXXXXXXXXXXXXBDCXXXXXXXXXBXXXXBAXXXXXXEXXXDXXXXAXXXXXXXXXBXBXXXXX', 1, 15, 13),
(30319, 52, '010992', 28815, 18.3, 28.543, 46.843, 72.933, 2, 3, ' EXXXXBAXXABXABDDBAXEDBXXBXXEEXXXXXDXXXXBXDXXXXXXEXXBXXXXXXXXXXXABXXXXXXXXBCXXAXXBXXBXXBBXXXCXDXXBXXX', 1, 16, 18),
(30320, 53, '034541', 28816, 26.446, 20.38, 46.826, 72.933, 2, 3, ' XXXBXXBXXXBBAXDEXBXXXBXXXDBCBAXXXBXXDXXXEXXCXXXXXDDBXXXEXBXXBXXXXXXCXBXXAXXXAXEXXXXBXXXXXXBXXXXDBCXX', 1, 16, 18),
(30321, 54, '012922', 28817, 26.446, 19.364, 45.81, 72.933, 2, 3, ' ACCXXXXXAXBXBBXBXAXXXXXXCBBXDBAXBXXXXXXBXXXXXXBEXXXXXEXXXXXXXXAXXBXDXXXXXXBEXXBXXXCXXXDBXXXEXXXXXXXX', 1, 15, 15),
(30322, 55, '032284', 28818, 34.58, 10.175, 44.755, 72.933, 2, 2, ' CBDABXBBXEBDECBBXBBXEBXXABXXAXCDXXDXXXXXXXXDACXXXBXXXXCXBACEBXCXEXACXXXXXXBXBABXXAXCXDXXXXXXXXBXXXXX', 1, 18, 28),
(30323, 56, '020364', 28819, 21.363, 22.422, 43.785, 72.933, 2, 3, ' XXEXXXXBXEBXDXBBBXXXXXXXXXXBXXXXBXXCBBXXXXXEBXBXXXXXXEXXAXEXXAXXXXXXXBXBXXDXXXXXBXXXXXXXXXXAAXXXXXXA', 1, 14, 13),
(30324, 57, '012197', 28820, 26.44, 17.317, 43.757, 72.933, 2, 3, ' AXBCXEABAXACXADBXXXABDXXBBBXEXXXXXXXEDXAXXAXXDEXBBXEXXXABBXDXXXXXXXXCBXXXXXAXXXBAEXXEXAXXXXXXXXXBXXD', 1, 17, 25),
(30325, 58, '040961', 28821, 26.452, 15.285, 41.737, 72.933, 2, 3, ' AXXXXBDXDXXXXXXXBXXABXBBXXXXXXXXXAXEBXXXXDDXXXXXXXXXDXXXXXAXXXXEXBXXXXXXXXXXXXBXXXXDBXXXXXXBXBEXXXXX', 1, 13, 11),
(30326, 59, '043066', 28822, 25.427, 16.296, 41.723, 72.933, 2, 3, ' AXXBBXXDXXDXBEXXXXBXBABBXXXDECXEBXXXXBXAXXXDXXEXXXBBDXXXAXXDDXDXXDXXXXXCXXXEXXCEXXBXXXXXXEXBXXBBEXXX', 1, 16, 23),
(30327, 60, '029599', 28823, 33.567, 8.148, 41.715, 72.933, 2, 2, ' XXEBBBXXEXBECXDXBBXXXCBBBDXXXBBXXXXXXXXXXXXXXXCXXXXXXDXXBXXXXXXXXXXXXXAAEXXBXXXXXXXXXXXXBAAXXXXXXXXC', 1, 14, 15),
(30328, 61, '014175', 28824, 13.211, 24.464, 37.675, 72.933, 2, 3, ' ECBXDADXBABBXXXBXXADEDDXXXDXXXBXXXXDCXDXXXXXXXXXXXXXXBBBXXXAXXAXXBXXXXXAXXXXCXXBBXXXXXXXXXXBXXXEXXXX', 1, 14, 19),
(30329, 62, '007556', 28825, 33.567, -0.01, 33.557, 72.933, 2, 3, ' XXBXXXEBXXDEBXBBBEXDBBBXXXBXDEXXEXXXXXDXXXXXXXEXXDXXXBXXXXXXXXDXXXXXXXXXXBXXXXXXXAXXXXXXDXCXXXXXXXXX', 1, 12, 15),
(30330, 63, '042883', 28826, 11.185, 21.401, 32.586, 72.933, 2, 3, ' XXEXXXXXBXXXDXXDCXBXXXXXBBXEXXXXXXXXXADXXXXXXABBXXCBXXBXBXAXXXXEXXXXEXXXXXXXBBXAXXXXXXXXXBCXCXXXCXXX', 1, 12, 16),
(30331, 64, '037578', 28827, 30.516, 2.012, 32.528, 72.933, 2, 3, ' ABBXACBCXXBXXBBXBXAXXECXXXXBXXXXBAXXXAXCXAXBXCXXAXXXEEECBEBBDXCXXXXXXXDXXCXXXDXEXBEXDXXXXXXEXXXEXCXX', 1, 15, 28),
(30332, 65, '009389', 28828, 28.478, -0.02, 28.458, 72.933, 2, 3, ' XBXXBXXAXXBXAXXBXXBDEBXCBDBEEBCXXBBXXXXXXXEXXXXEXXXXXBXXXXXXDXXXXXXDCXDACDXXCXXXAXXXXXXCXXXEXXXXDXBC', 1, 13, 24),
(30333, 66, '015812', 28829, 11.173, 14.264, 25.437, 72.933, 2, 3, ' ECCBCBEEXXBDDBXXXXDAEXDEXXDBXXBBCXCXXXXXXXXBAXXXXXXCXXCXXXDXDXXXXXXXXXXXXXXXXCXXDXXXBXCBXXBXXXXXXXXX', 1, 12, 23),
(30334, 67, '028527', 28830, 10.142, 10.13, 20.272, 72.933, 2, 3, ' AEBABADBADBCAAECECDADAABACEBACCBCDCEBEADCDEEEDBBCCBADABEBDEBABCEBCDADABEEDEDDEBCBBECDAADDDBCCACBECCB', 1, 24, 76),
(30335, 68, '042069', 28831, 6.084, 11.186, 17.27, 72.933, 2, 3, ' XAXDBXXXCCBDXXEXXBBBDDEDCBCCXXXBAXXEXXCXXXDXXXXXXABXEAEXBBDXAXXEEBDXXEXAEXXXXBXDXXBBXAXCCAXCDXXDEBXX', 1, 14, 39),
(30336, 1, '053096', 28832, 81.394, 124.397, 205.791, 72.904, 3, 1, ' ADBBBBABXABBBXXBBBBEXBBDXBBBBBXBBBBXBCBXXBBBBXECBXBCCAXBXBXXXXBEBBBBBBXBXXXBXXXBDBBXBEBBXXXXBBBXBXCX', 1, 54, 14),
(30337, 2, '045847', 28833, 88.515, 115.208, 203.723, 72.904, 3, 1, ' EBBBBBBCBACCBBBBBBBABXBBBBBDXBCXADBBBEDXBBCBBCCBXBXBXXEAXXBXDBBXBCBXXBBDBBBXXEBBBBBABDDDBBXXEXBBBBXD', 1, 56, 24),
(30338, 3, '049686', 28834, 54.936, 117.255, 172.191, 72.904, 3, 1, ' ABXXBBXBBABBXXBBBXXXBDADAEXBCBXDBXBBBBBXXXXBBBEXXBXBBBEBBXBXCEBBXBXBXBXXBEXXABBXEABBBBXBXABXDXAXAXBD', 1, 47, 19),
(30339, 4, '016445', 28835, 85.464, 76.46, 161.924, 72.904, 3, 1, ' XBBBBBAXBABBCBBBXBBABXBCBDBBBBBXEDCAXBBXXXXDXBXXXXEBCXXABBXXDBXCEXXDBBXBBXBBBXBBXXBEEXXDEBBXCXXBBXXD', 1, 45, 21),
(30340, 5, '021679', 28836, 75.286, 79.533, 154.819, 72.904, 3, 1, ' ACBBBXBBBXXBBBBBACEEBBBCXBBBBBXXXXEBXBXBEXXXBBXXXXXXXXAXXBXXXBXEBEBXBXBXBBXBBXXXBXXXXXBXXXBDBBXBXXXX', 1, 41, 12),
(30341, 6, '040466', 28837, 81.394, 63.212, 144.606, 72.904, 3, 1, ' ABBXBBBBAXBBXBBBCBXABBBBBXABCBXXEDBXXXXEXXCXXBXXBXDBXXXBBBXBXXBXXBXBXBXXXXXXXDXXBBXCXXXXCXBXXDBEBXXD', 1, 39, 14),
(30342, 7, '029698', 28838, 54.936, 85.639, 140.575, 72.904, 3, 1, ' XBBCEBBXDAXXDBXXBBBABBBXBXCCXBBXXXBXXXBXXEBBEEXXBXXABBXXCBXEXBXBBBBXEXBXEDEXCBBXDXBXXBBXBDBADABXXBBX', 1, 40, 22),
(30343, 8, '023223', 28839, 76.305, 64.228, 140.533, 72.904, 3, 1, ' AXBBBBBBBACXCDXBCBBXXBBBBCBBBBEXBXXXDXXXBABBBBEXBXDBXXXBXXDXBBXBBXAXBXCCBXXXBDBXXDDXXEXXXXXXXBXXXXXD', 1, 39, 18),
(30344, 9, '049459', 28840, 62.063, 76.48, 138.543, 72.904, 3, 1, ' ABBBXAXDBAEBXBXBXXBXBBBBXXXXBBXXXXDXXXXXBXXBXXXXXBBXXXXXBXXBXXBXXBXXXXXBXBBXBBBXXBXXXBXXXXXXBXXXBXXD', 1, 35, 4),
(30345, 10, '042091', 28841, 65.114, 70.354, 135.468, 72.904, 3, 1, ' ABEXBBBXBXBBXXEXXBBABBBBDXBDXBABBXAXXBXBXXABBBXXXDXXXXXXBEBXBDXXXXXXXXXXBBXBXXXBXXXXXBXBBXXXXXBXXDXD', 1, 36, 11),
(30346, 11, '011831', 28842, 63.076, 66.28, 129.356, 72.904, 3, 1, ' BBBBBBEXXXEBBBDXBBXXXDBBBBDBBBXCXXBBXBXXBXXXXXBXBBXXXXXXXXXXXXXXXXBXXXXBXXXBBBXXBXBXXXABXEBBXXXXXXXX', 1, 34, 9),
(30347, 12, '013836', 28843, 50.866, 77.491, 128.357, 72.904, 3, 1, ' EBXBXBXBXAXXBBBXAXBACXBBBDCXBAXBBXXXXXXXXXXXBAXXAXBBBXXBXEXBXCXBXXBXXDBCXBBXXBXAXXXXBXBBBXXABXXXXBBX', 1, 35, 14),
(30348, 13, '031503', 28844, 60.031, 65.259, 125.29, 72.904, 3, 1, ' AXDXBBBBBXXBXXXBBXXABXXBXXBBXBXXXXBXEXBXBXXBBXXXXXXXXXBXBXBXXBXXXXXXXXXBBBXXXBXXXXBBXXXXXXXBCXXXXCBE', 1, 32, 5),
(30349, 14, '049437', 28845, 48.834, 74.428, 123.262, 72.904, 3, 1, ' ABXXXBBBBXBXBXDXBXXAEAXBXDBBXXXXBXXBXBBXXXBBXBXCXBXDBXBXBDXBXXECBBXXCXXDBBBXXXXXXCXXXXDXDXXABXXBXXBD', 1, 34, 15),
(30350, 15, '033438', 28846, 40.688, 81.56, 122.248, 72.904, 3, 1, ' AXBXBBXEBEBBXBXXAACBXXBEBXEXBBABXXXXCDXXBXXBCCBEBBDXXXBBXXXBXXXXEBAXBCBDBCBBBXCAXBBXXBXBDXXXBCXBBXXD', 1, 36, 24),
(30351, 16, '020066', 28847, 65.114, 55.049, 120.163, 72.904, 3, 1, ' AXCCEBXXBABXBBBAXXXABBXBBBBXBBBXAXXCXXXXXBXXCXBBXCEXXADXXEBBBXXXBBXBBXXXXBXCXXXCXXBCXXAEXBXXXBXBXDBX', 1, 34, 18),
(30352, 17, '011781', 28848, 63.076, 54.023, 117.099, 72.904, 3, 1, ' AEBBEXXBBAXBBDAEBXBABBEBBXBXBXBXBXCBXXBXXDXAXAXDXBAXXBBXBXCBAXDBXXXCXXDAXAXBXXCEXXXBDXBXBBXXDBXBXCBC', 1, 35, 25),
(30353, 18, '005501', 28849, 60.025, 56.075, 116.1, 72.904, 3, 1, ' AXBDDXBXBABXXXBBBBXABBBEBAXXEBBXBEXBXXBBXBBDXBXBCXXXEBXEXXXXXXXCXBXXXEXXXXXXXXXCDXXXXXXXBBBXXXXBBXXX', 1, 32, 14),
(30354, 19, '045131', 28850, 79.362, 34.669, 114.031, 72.904, 3, 1, ' ABBXBBBXBXBBCXBABXXABBBXBBXBBBXXXXXXXXXXXXXXBXXBXXXXXXXXXBAXBXXXXXXXXXXXXBXXBXXXXXXXXBXXXBXBDXXXXXXX', 1, 29, 4),
(30355, 20, '025252', 28851, 38.65, 74.423, 113.073, 72.904, 3, 1, ' XDXBXBDDEAABBEEBBEBXBXXBCXBBDXDXXAXBEXAAXXEXXBXXBBXXACBXBBXBBABBBXXXDXXBXXBXAXXBCBXBXXCBAXXBXXDBBBXX', 1, 34, 25),
(30356, 21, '049113', 28852, 47.815, 63.207, 111.022, 72.904, 3, 1, ' AXXBBBXDAAXBBBBBXDXABXDXXXCXXBXBXBXDBCBXXBXXBAXEXBBAXCBXBEXXXXXXXBXEXXBXXXBBAXXDBXXBXXBXXAXXXAXDXBBE', 1, 32, 19),
(30357, 22, '015723', 28853, 61.044, 47.917, 108.961, 72.904, 3, 1, ' ABBXCBCBBABXXBXXBXXAXXBBBXACBBBAXXXXBXCXDXBBXBBXXXXXXDXXXXXXXBXXXBXXXXXBXXXXXXXBXXEXXXXXDXBXXBCEBABX', 1, 30, 13),
(30358, 23, '010013', 28854, 72.241, 36.706, 108.947, 72.904, 3, 3, ' AXXXBBXBXAXXXBABXBBAXBBBBBBBXBXXXXXXBXBXXXXXXXXXXXXXXXXXXXXXXXXXXXXXXDXXBABXXXXAXXXBXXXBBXXXBBXBAXXX', 1, 28, 5),
(30359, 24, '029817', 28855, 70.203, 37.727, 107.93, 72.904, 3, 3, ' ABBXEXXXBABBBBXBXCBAXBXBXABBBBXXXXBXXBXBXXXXXXBXBBXXAXXXXBXXXXXBBXXXXCXXXXXXXXXXXXXXXXXXXXXBXXXEXXXX', 1, 28, 6),
(30360, 25, '019571', 28856, 75.292, 29.559, 104.851, 72.904, 3, 3, ' XBXXBBXBXAXBBBBBBEBABBBXXCBBXBXBXBEBXBXBXXXXXXXXXXXXXXXXXXXXAXBXEXXXXEXXXXXXXXXXBEXEEXXDBXXXDBXCXCXD', 1, 29, 13),
(30361, 26, '046258', 28857, 63.076, 39.759, 102.835, 72.904, 3, 3, ' EBBXBBBEBABAXEBBXBBXBXBEXBXBBDXBXXDXXXXXXXXBXAXXBBXBXDEBXBXXXXEXXBXEXXBXXXCXXBXXXXXXEXXXXDXXXBXBXXXX', 1, 29, 15),
(30362, 27, '050234', 28858, 45.771, 56.075, 101.846, 72.904, 3, 3, ' BABBAXBXBXBBBBDDBCXADBDEBDCBBXDXXBXXEXBXBXXXABBBXXEXXXXXXXCXXXXXCBXXXXXXXXXXBXXXXEXBBBXXBXXBBXBXXEBC', 1, 30, 20),
(30363, 28, '026087', 28859, 53.911, 46.871, 100.782, 72.904, 3, 3, ' EBBEBXACBCABEBEBBBDABBXXABBBEBDXXBBDDXDXXXBXCXBXBCECBXEBCDCXXXXBABCBEBBABACEBEXAXXEBXBXBXXCDAAECBBAA', 1, 35, 41),
(30364, 29, '038841', 28860, 78.343, 22.432, 100.775, 72.904, 3, 3, ' XBBXXBBBBAEBABBBBBEXBXBBBBXBBXCXXXXXXXXXXXXXXXXXXXXXXXXBBXXXXXXCBXXXXXXXXXBXXXXXXXXXXXXXXXXXBXXXBXXX', 1, 26, 5),
(30365, 30, '043922', 28861, 68.165, 31.601, 99.766, 72.904, 3, 3, ' ABAXABBABXCBBBBBXXEXXBBBBBBXBBXCXXXXXBXXXXXEXBAAXBBXXXEXXXXXXBXXXXXDXXBXAXXXXXXXEXXBXXXXBXXBXXXEXXBX', 1, 28, 14),
(30366, 31, '021754', 28862, 47.815, 50.98, 98.795, 72.904, 3, 3, ' DBBBXXXXXAXXBBEBDCBXXBXBBBXBXCXXBBXCXXXXXXBXXXXXXXXEXXBXBBEXXAXXBBXXBXXXXXXXCXXXXXXXXBXXBXXXDXBBBXXX', 1, 27, 11),
(30367, 32, '040713', 28863, 38.65, 60.124, 98.774, 72.904, 3, 3, ' EBXCBBBBXDBEXXCCEDBAXBXXCBDBXBCBXDXBEECEXADXBBAACBADCBADXDXEBBDBCBXXBBXBDXBBBEXEEEABBCABBAEXXXBBDABA', 1, 35, 43),
(30368, 33, '025614', 28864, 34.574, 63.197, 97.771, 72.904, 3, 3, ' BABABAABEABCBBBXECXDEEXBBEBBXAXXXXBDCABCXXCBBBAXDXAEEXXBXAXXXCBEBXXABBBBDBEBBCXXXDCXXBBEXXBBAXBXXABX', 1, 33, 36),
(30369, 34, '001849', 28865, 45.783, 50.965, 96.748, 72.904, 3, 3, ' ABXDXXDXBXXXXXBBXBXAXXCBBBBXXBCXXBXXXBAXBBDXEXXCCBDXXBDXXCAXXXBXXEXBXXXBXXXBDXDEBXXXEBXDXBBBXCBXAXBX', 1, 29, 21),
(30370, 35, '047643', 28866, 42.726, 53.012, 95.738, 72.904, 3, 3, ' XBBXBEBBXXEBXBBXBXXADEBXXXABEXXXXXBXXXXEXXXBXAXEBBBXXCXXXXXECXBXBXBXXBXCXBXXXXXXBBXXXBBBDXABXXCXXXDE', 1, 28, 18),
(30371, 36, '043811', 28867, 53.923, 40.78, 94.703, 72.904, 3, 3, ' XBBXXXXXCXBBBXEBXBBAXCXBBBXBXBXBXXXXXXXBXXXXXBXXBBBXXXXXXXXXXBXXXXXXBBDDXEXBXXXXXXXDXBXXXEXXXXCXCXAD', 1, 26, 11),
(30372, 37, '043708', 28868, 60.025, 34.659, 94.684, 72.904, 3, 3, ' AXBXBEXXBABXCBBXBCBABXBBEBXXBDXXCXXXBDBXXXXXXXXXXAXXXXXXXXEXXXBBXBXXBXXEBEXXXXBXBBXDXCXEXBXXXXXXXXDX', 1, 27, 15),
(30373, 38, '015505', 28869, 63.076, 31.596, 94.672, 72.904, 3, 3, ' XBCCCBXXBABXBBBXABBXBXBBCBABBBAXXDXXXXXXXXXXXBBDXCXXBDXAAXXXXEXXXXXBBXXAXXXXXBXACXXXXXBXXXXBDXXBBXBA', 1, 28, 19),
(30374, 39, '014447', 28870, 40.682, 51.966, 92.648, 72.904, 3, 3, ' AEEEXXBBABEBXBBBCBBBAXAXBBCCBBXBBEXXBAXABXCEBXCCACBACDCACABXDABCXXDDCCACXBEBBXBBEXXXDEBCBEEBXBBXBBCD', 1, 34, 45),
(30375, 40, '046992', 28871, 50.866, 39.759, 90.625, 72.904, 3, 3, ' AXBBCXBXBADXBXXBXBXABAXBXBDBDEXXXBXBXXXXXBXXXXBXBXXXDXXXEXAXBXXXXXXXBBCAXXXXDXBXXEBXXXXCXBXXBDXXXXXX', 1, 26, 15),
(30376, 41, '010258', 28872, 61.044, 29.564, 90.608, 72.904, 3, 3, ' ACBBXBBXDABXXEBBBXCXXBXXXBBBBBXXXXXBXXXXEXXXCXXXXXXXXXXXXXXBXXXXBXXBXXXBBXXBBXXDCAXXBXXXAXXXXXXEXXXX', 1, 25, 11),
(30377, 42, '035089', 28873, 38.656, 50.965, 89.621, 72.904, 3, 3, ' XXBXXECBXEDXBAXXXBBAXABXXXBBBBDDXBBCXXXDXXBBADEDXXXXEEXAXXXXABBBAXXBXBBXXCBAXXXXBXXXCDXXXBBXBBEXXXBX', 1, 28, 24),
(30378, 43, '039334', 28874, 35.605, 53.022, 88.627, 72.904, 3, 3, ' DXEXDXXBXBXCBXXBBBBAXXBBXXXBXXCXXBBBXXXXXXXBXXBXXXXBXXXXBXXBXXXXXBABXXXBXXXBXXXXXXXXXXAAXXXXBXXBXXXX', 1, 24, 9),
(30379, 44, '044531', 28875, 54.942, 32.627, 87.569, 72.904, 3, 2, ' AAXXXXBBBABBXXXBXXBABXBXXBBEXXXXXXXBXBXBXABXXXXXXXXXXXXDXXXXAXXXXXBXXXXBXXCBXXXXBXXXBXXXXXXXXXXXXXXX', 1, 23, 6),
(30380, 45, '022377', 28876, 50.866, 36.696, 87.562, 72.904, 3, 3, ' ABXXXBBBDAEBBEXAXXXAXBBBBBXAEXXXXXXXBCXBXXXXDBDXXCBXXXXBXXXXXEXBXXEXXBXXXCEEEXXBXBXXXXXXXBXXXXAXBCXD', 1, 26, 18),
(30381, 46, '013496', 28877, 51.885, 34.649, 86.534, 72.904, 3, 3, ' ABCBXEXBXAXBBAXXBAXXEBBXBBXXBBXXBXEXBXCXBBXABXCBXXXXXCXXBBCXXXBXBXCDXXXDXDXBXCCAXXXEBXCXXXEXXXEBDXXX', 1, 27, 23),
(30382, 47, '024959', 28878, 61.044, 25.485, 86.529, 72.904, 3, 3, ' ABBBXBBBAXXBXEXBBBEABBEXXBXXXBBXXBXXBXXXXXXXXAXBXAXXACXXXBXXXXBXXXXXEXXDXXXXXXXXXXXCXXXXXXBXXXXXBXXX', 1, 24, 11),
(30383, 48, '005603', 28879, 35.587, 50.93, 86.517, 72.904, 3, 3, ' DBDCECBBBCCBEBEBCBEAACEDEBBBBCCBEBBBAADEDBCEEDABECEABBABDBBAEBBDAEBBBDBCAAAEDBDEDBBEDDBDCBEECBEDBCDE', 1, 37, 63),
(30384, 49, '003814', 28880, 54.936, 30.57, 85.506, 72.904, 3, 3, ' XXBDBBBBBXXXXDBBBXACBBAXXDBBBBADCXXAABXXXBBBBACXXEXBEXXXXXXBBXXXXXCXDXXBXXXXAXDCXXXXXAEEBXXXXXXXBCXD', 1, 27, 24),
(30385, 50, '025625', 28881, 50.866, 32.622, 83.488, 72.904, 3, 3, ' AABXBXXBBXXXXBABBEBABBBXDXDBXAXBXXXXXXBXXBBXXXXBXXXXXXABXXXXXBXXAEXXAXXXXDXXXXXEXXXXXXBXBXXXDBEXXXXX', 1, 24, 14),
(30386, 51, '040709', 28882, 46.796, 35.69, 82.486, 72.904, 3, 3, ' ABBBBBXXBXEXXXXDXXBACAABXDBBBXXXBXXXXXBXXXXXBXXXXXXXXBXXCXXXXXXXXXXXXXBXBXXXBBBXXXXXXXXXXXXXXXXXXXXX', 1, 22, 7),
(30387, 52, '034194', 28883, 50.866, 31.596, 82.462, 72.904, 3, 3, ' ABXAXXAXDAXXBBBDBBCXDBBBXBXXBBXXEXXXXXXXXXBBXXBEAXAXXXBBXCCXXBXBXBXXXBDXXEXXXBXDDXXCXCXXXDXBXXXXXXXX', 1, 25, 19),
(30388, 53, '047466', 28884, 35.593, 45.85, 81.443, 72.904, 3, 3, ' BDBCBBBBXCCBXBEXBBAAADXADEXABBDDBXDEADBBDCACDBXEBEXCXCCXBEXBDXAXXXXXXEBXCCADBXXBCBBXDBDEXBBBBBXEDBEX', 1, 31, 44),
(30389, 54, '036537', 28885, 47.815, 31.596, 79.411, 72.904, 3, 3, ' EEBCXXXBXABBBBXXBXBAXXBXAXAXBBBXXXXBBXXXXXXXBBXXXEXADXXCXXAXXCXXBEXXBXXXEBXXXAXDXBXXXXDXXXBXXDXXCXBX', 1, 24, 18),
(30390, 55, '000207', 28886, 40.688, 36.686, 77.374, 72.904, 3, 3, ' DXXBBXBBBAXABEAXBCCDXBXBBBXXCXDXXCXXBAEXBDXXXXABXDBBXXBBBXXXAXAXBXXXXXEBBXCCDXXXBEXAXXXXEDBCXXEXXXCD', 1, 26, 28),
(30391, 56, '050548', 28887, 47.809, 29.529, 77.338, 72.904, 3, 3, ' XXBBABBBBABXBCBBBBXCDEBDDCXXEXEBEBABXBEADXDXCXACBCXCCXEXXXCDXDEDBEXXDBABXAXBAAXXBEDEEBEBXDCBBBACXBDX', 1, 30, 44),
(30392, 57, '044694', 28888, 38.656, 35.685, 74.341, 72.904, 3, 3, ' EBXXXBXXAABBXXCDXBDXXBBBBDBXXXXXXXBXXXXXBXDXXXXXBBXBXXXDXCXXXXXXXBXXXXXXXAXBXBXXXXXXXXBXBXXXXXXDXXXX', 1, 21, 11),
(30393, 58, '037791', 28889, 46.796, 27.522, 74.318, 72.904, 3, 3, ' ABAXBABBXAADBXCXXBBXBBXXAXBXXBXCBXXBXBCXBBXXXXXXXXXXXXXAXXXXXXXXEXXXABXXBAEXXXXBXXBXXXXXXXXXXXXEXXXB', 1, 22, 15),
(30394, 59, '053856', 28890, 61.038, 12.217, 73.255, 72.904, 3, 3, ' AXXEXCBBADBXBBBBBDBABBBXBEBCBCXXXCXXXXXXXEXXXXXXDCXXAXBXXXBDXEXDXXXCBEXXBBXXXBBDXDXXXXCXXAXXXDXXXXXA', 1, 24, 24),
(30395, 60, '047563', 28891, 52.904, 19.374, 72.278, 72.904, 3, 2, ' XXBBBXXBBAXBBBXXBDCBXXBBBCBXXXXXXBXXXXAXBXXXBXXXXXXXXXXXXXXXXXXXXBXXXXXXXXXXXXXXXXXXXXXXXBXXXXXXXXXX', 1, 19, 5),
(30396, 61, '025222', 28892, 29.497, 41.791, 71.288, 72.904, 3, 3, ' BXBAXCBXBXXXXBDXXXEXBXBBBXEBCXBXAXEXXXXXXXBBXBXXXBDXXXDBDXAXCBXXXXDCAXBXBXXXBXXXXAXDBXABXCAXXBXXXXBX', 1, 23, 22),
(30397, 62, '022404', 28893, 46.796, 23.448, 70.244, 72.904, 3, 3, ' XXXBBXXXBDXCBBXBBBBAACBXDBEXXBXXXXXXXXAXXBXXXAXBXXXXXXXXXXXXBXXXXCXXAXXBXCXXXBXXBXXXXXXXXXXBXXXXXXXX', 1, 20, 11),
(30398, 63, '003569', 28894, 33.567, 35.68, 69.247, 72.904, 3, 3, ' ADBXBBXXDAXBABEAEXXXXXXBXXBAXBXXXXXXXDBXAXBXXBXBXXXDXXXXXBXXCXXXXXXXBXBCBXXDXXXCXBXBEXXXAXBXXXXXXXXX', 1, 21, 16),
(30399, 64, '027316', 28895, 46.796, 22.432, 69.228, 72.904, 3, 3, ' EBXXXDBXAAXBBXXBBBBAXCBABXXBDXXXBXXXXXXXBXXBXXXXXXBXXXXXXXEXXXXXXXXXXXXXBXBXXCXXXXXXXXXXXXXXXXXXXXXX', 1, 19, 8),
(30400, 65, '035255', 28896, 38.656, 30.565, 69.221, 72.904, 3, 3, ' ABXXXXBCXADEEBXEXXXABBBXCBXXBXXADXEXXXBAXXBXEXXAXBXDXXXXBXBXBXDCXXBXDAXECABBXXDCDXDXXXXDBBXEXAXBXXBE', 1, 24, 28),
(30401, 66, '039638', 28897, 28.478, 38.743, 67.221, 72.904, 3, 3, ' EBBBXCCAXABEXXXAABXAXAXBXXXBXXBXXXXXXXXXEXXXBXXXXXXXBBXXXXXXBXXXAXAXXXXXCEXXXXXXBXXBXXXXXXXXXBXBBBCX', 1, 20, 14),
(30402, 67, '043413', 28898, 34.586, 31.591, 66.177, 72.904, 3, 3, ' XBXXAXBXXCBCBCXBBBXXBBXXCXXXBDBXXXXBBACXBXXBDXXXCXXXXXXAEXDXXCCXXBXXXXBDXXBDXEBAXXXBXXXXADBEEXXXXXBX', 1, 22, 23),
(30403, 68, '030388', 28899, 51.885, 14.239, 66.124, 72.904, 3, 3, ' XXXBDBBBBAABBXXBXBEABABXXAXXBXBXEXAXXBECXXDAXEACCECBXXXXXBCAXXBXXXXEXAXEBXAXDBXXDAABXEXXBEDDEXBXDBDB', 1, 25, 35),
(30404, 69, '040479', 28900, 40.676, 25.43, 66.106, 72.904, 3, 3, ' ABEDBBBEBDACECBECBBDBEABECBBEBBCCEADBBEBEEECEDBEBABBEEAADAEBBCBAAECCCADCEBDDBBDAEBCBDCEBBDDDDAEEAEBA', 1, 33, 67),
(30405, 70, '017421', 28901, 39.669, 25.48, 65.149, 72.904, 3, 3, ' AXEXBBAXBXEXDAEXBABXBBEXCBXBBBXXXXXABXXXXXXXBXCXXXXXXBBXAXBXDXXXXXXXAXXBXCXXCXXBXXEXXEXXXXXXXXDDBXXD', 1, 21, 20),
(30406, 71, '051774', 28902, 26.446, 36.696, 63.142, 72.904, 3, 3, ' AXBXXXXCXEBXXXXEBXBXXAXXDABBBXXBXXXEXBXECXXBXXXXXXAXDXXXXBEXXXXXXXXAXXXXXEBBBXDXDBXXXXXDXXXXCBBXXBBX', 1, 20, 18),
(30407, 72, '013721', 28903, 34.58, 28.538, 63.118, 72.904, 3, 3, ' ABXBDEEXXXBBXXAABBEEABDXBXXBBEXXXXXXEBCXXXEXXXXAXXXXXAXXXBXBXAXXCXXBXBXXAXXABXXXBXXXBXXXDXXXXXXAXBAD', 1, 21, 22),
(30408, 73, '041686', 28904, 40.694, 21.391, 62.085, 72.904, 3, 3, ' XXBXXXBXBABAXBCXCXXABXBBXXBAXXXXXXXXXDXXAXXXXBXCCXXXAXECCXXBXBXCBXCABXXXXXACXBXXXEBXDBXCXEXXXDXBEBXX', 1, 21, 23),
(30409, 74, '018946', 28905, 35.587, 26.456, 62.043, 72.904, 3, 3, ' BAEBBCECADBEBBCCCBDADABBBBBCBCAEXEBDBAEBDDBABBBBXACAEABCBAAEADECADBBABDAACDAEDBACBXXEABAECXDDXABBCAC', 1, 31, 63),
(30410, 75, '006474', 28906, 40.694, 19.359, 60.053, 72.904, 3, 3, ' XBBEABXXXXCXBXXXBBAAXBBXXXBXXBXXXXXXXXXXAXXXXXXDXCXBXXCBXEDXAXXCXBXXXXXEBXXXXXXEXXBXDCBXXXBBXXXEXXXX', 1, 19, 17),
(30411, 76, '046012', 28907, 39.669, 20.38, 60.049, 72.904, 3, 3, ' ABXXXABXXAEBXBXBBBAACABBXDEDDXCBBBXXEXXAXXXXXDXDXXXDXXXXXXXABXXXXXAXXXXXXXXXBXEXXXBXXXXCXBXBEXXXXCXX', 1, 20, 21),
(30412, 77, '051051', 28908, 25.409, 34.619, 60.028, 72.904, 3, 3, ' DBBBECEBDCDCCADBCEBDBCBBCDBCBAAECXAEXAECADBXCACBCBXBABBEABXXXECEBBABEBEBXXDABBEBCCDEABDACDBAAAEDCBBE', 1, 30, 61),
(30413, 78, '020784', 28909, 27.447, 31.566, 59.013, 72.904, 3, 3, ' ACBBBCDBCAXEBEBAEDACDBBEXDBEDEDDCDXEBBCEXEBXDXDBXCDBAXAEBXABBCXDEDCDBCBCBBXDBDDXDCDXXBAXCXXBEEBBXEAB', 1, 28, 54),
(30414, 79, '011266', 28910, 45.771, 13.208, 58.979, 72.904, 3, 3, ' BBBECBBXDBBBBEXBBBCDXBXBCDABXBEXABACXAXDXBDDDBEXBCXADEBABXDXBXEDACCXAXDDXCBDXEABBBCBECABDCEAEXXXDAXX', 1, 27, 50),
(30415, 80, '053294', 28911, 19.325, 38.743, 58.068, 72.904, 3, 3, ' XBABXXXXDXDXXBXBBXEBXBXXXXXXXXBXBBBXXBXXXXXXEXBXXCAXBXAXXXXXXXXXXXXXXXXXBDXXXBXXBXCXXXXXXXXXXXXXXXXD', 1, 17, 11),
(30416, 81, '017382', 28912, 30.51, 27.527, 58.037, 72.904, 3, 3, ' ADBABXBXXCBECBCXBXXBBBBXAXXXADXXXXXXXXXXXXXBBXXBXDXXXXXXXAXBXXXXXXXXXXXXAXAXXXXXEXXXXBBXXXXXBXBXXXXX', 1, 18, 15),
(30417, 82, '042355', 28913, 37.643, 20.38, 58.023, 72.904, 3, 3, ' XBBBXXXXBXBXEXBAXEBXBXXXXBXBXXEXXBAXEBXXXDXAXXXBXXBXXXBXAEXXXEXXXXCBXXXXCXXDXXXBXXXXXXCXXXXBXXXXXXXX', 1, 18, 15),
(30418, 83, '028311', 28914, 40.688, 17.317, 58.005, 72.904, 3, 3, ' DBDBBAXDXAXBXXXBXBBXBADBXCBBCXXAXBXBXDXAXXXXBDXEXXXXAXXXXXXXAXBXXXCXXXXXAXXXAXEBXBXXDXXXXXXCXBCXXBEX', 1, 20, 23),
(30419, 1, '013814', 28914, 67.152, 105.028, 172.18, 72.933, 2, 1, ' ABBBBBBXAXXXBXXBXBBABBXBDBBXXXXBXXXBBBXBXBBXXXBBXEBXXXXXEXBXXBXBXBBBXXXCXXBXXBXXXBXXBBBXXEXBBXXBCXBD', 2, 44, 7),
(30420, 2, '009161', 28765, 49.847, 93.792, 143.639, 72.933, 2, 1, ' CADBXXDBXXBBBBXBABXCBBBBXXBXBEXBXBBBBCDBXXXAXCXBBXBDXXBCBXXBXBBXBCXBBBBAECXBBBXBBBXXADCXBXEEEBABECXB', 2, 42, 27),
(30421, 3, '017841', 28766, 55.955, 73.407, 129.362, 72.933, 2, 1, ' XXBBXEBBBCXBBDXBBBBABEXEXBXXXBXXXXBBDXXBBAXBAAXBBBBBXXBXEXXBDXXXBEXXBBXXXXXBBXXXXXDEBEDEXBXBBXXXXXXX', 2, 36, 17),
(30422, 4, '030871', 28767, 83.432, 43.838, 127.27, 72.933, 2, 1, ' AXBBBBBBBABABXXBBBBBBBXXBBBXBXCCBEXXXDXCXXXXXXXXXXXXXXXXXDXXXBXBXBXXBEBXXXXXXXBXXEBXXBBXBXXBBXXXXXDX', 2, 34, 11),
(30423, 5, '027263', 28768, 65.114, 53.017, 118.131, 72.933, 2, 1, ' CBBXBBBBBAXXEXBXBABXBXBBBBAXBXXXXBXBXEBXXXXXXXXXXXXXXDXEEXXXBXXBBBXBBBBAXBXXXXXBDCBXXXXXXEXXXXBXXXXX', 2, 32, 12),
(30424, 6, '024097', 28913, 63.076, 53.012, 116.088, 72.933, 2, 1, ' BBXABXBBBABDBXBXBEBAEXBABBBXBXBEXAXXBXCXBEXXXXXXXXBXXBXBXBBXBXXBXXXXXXXXAAAXBXBXAEXEXBXXEXXBBCXXBXXX', 2, 33, 18),
(30425, 7, '047438', 28770, 45.783, 69.333, 115.116, 72.933, 2, 1, ' AXXBBXBXBDBXBXXXXBXABXBBXEXXAXXXAXXXBXXBXBBXXXBBBDCAEBXXXEXBEBXBXXBXXXXXXBXXXXXBXXXXXXXBBEXXXBXBBXXX', 2, 31, 11),
(30426, 8, '023827', 28771, 45.783, 69.333, 115.116, 72.933, 2, 1, ' AXXBBXBXBDBXBXXXXBXABXBBXEXXAXXXAXXXBXXBXBBXXXBBBDCAEBXXXEXBEBXBXXBXXXXXXBXXXXXBXXXXXXXBBEXXXBXBBXXX', 2, 31, 11),
(30427, 9, '052793', 28772, 47.809, 66.28, 114.089, 72.933, 2, 1, ' XBBBXXAXBECBEBBBBXBDAEBBXCXBDBCXBXXXXBBXXXBBXXXBXXXXBXBXXXBXBXXBXXXXXBBBXBXCXXBXXXXXXXXXXXXXXXBCXXXX', 2, 31, 12),
(30428, 10, '030509', 28773, 45.777, 68.307, 114.084, 72.933, 2, 1, ' XBCXBDXXBDXBAXBEXBBBXBXBBBDBXBBDXXXXBXXXXXXXXXXXXBXBEXBBXBXDBXXXBBCDXXCXXXXBDBXAXXBBBABAXBXAXDXXBBAD', 2, 33, 20),
(30429, 11, '048263', 28774, 59, 53.012, 112.012, 72.933, 2, 1, ' ABBXXBBABDCBBEBCBXBAEBABBBACEBBAXBXXXEDBXXXXXBXXXXXCXXXXBBXBABXABBXXXXCCBXXXXXBXXBXXCBBBXXXDXXXXXDXA', 2, 33, 22),
(30430, 12, '047925', 28775, 66.127, 41.806, 107.933, 72.933, 2, 1, ' AAXBCDXABDBBXBBBXBBABBBBBCXBABBXBXXBXXBXXXXXXXXXXXXXBXXXBCXXXXBXXXXXXXXXXXXDXXXXXAXXBXXXXXXBXBXXXBXX', 2, 29, 10),
(30431, 13, '029839', 28776, 56.974, 47.927, 104.901, 72.933, 2, 1, ' XXBXXBBBBABXBBABXBXAXXBDAXXBCBXXXXBXXBXXXXXXBXBXBXXXXBBXXXXXXXXXBXXBXXXXXXXCBXXXBXXXXBXXXXXXXXXXXXXX', 2, 27, 5),
(30432, 14, '018245', 28777, 35.587, 66.23, 101.817, 72.933, 2, 1, ' ABBBEBACBBADCCBDECADBEBBCCBBBEEEBDCBBBDBABBBABEECEDDBBDBBAAAAAABAEBDAABDBADBBABAABAEBBEEBDCBBAEEEBAC', 2, 40, 60),
(30433, 15, '019283', 28778, 54.936, 46.881, 101.817, 72.933, 2, 1, ' ABXXXXDEBXBBXBBABXBXBBXECABBBBXDBXCXBDXBXXXBAXDXXEBXXXECXABXBBEEBXXXBBXXXXAXBABCEECDBXBXXXBXEXCXACXD', 2, 32, 28),
(30434, 16, '038761', 28779, 49.847, 50.965, 100.812, 72.933, 2, 1, ' BBBBBXBAXAXBXBXEBXDXXEBBEBBEBXBXBBXBXACBXXXEDBABXBXBBXXDXXBAXXXDXXXXXXDXBXXXBXBABXCEEBXXXECXBACCXXXX', 2, 31, 25),
(30435, 17, '039006', 28780, 53.923, 45.885, 99.808, 72.933, 2, 1, ' XXBXBBXBBABBDBXDBBDAXBBXXXXXXXXBXXXXXXXXXXBXBXCXCXXXXXXXXXXXXXXXBXXXBBBXXXXXXXDXXBXXXXXXBBXXXXXXBXBX', 2, 26, 6),
(30436, 18, '004849', 28781, 48.828, 50.975, 99.803, 72.933, 2, 1, ' DXBEXBCEBAAXABBBXABCBBXBBXXBXBEXBXXBXXXBXXXXXXXXXXXABXXXXBXXXBBXXXXEBBBXXXXXEXCXXCEDCXBBBXXAXXXBBXXX', 2, 29, 18),
(30437, 19, '001432', 28782, 64.095, 31.611, 95.706, 72.933, 2, 1, ' ADBBXBBBBAEBDXXXXBBADBXABBXBXBXXXXXXXXAXXXXXXXXXXBBXXXXXXXXXXXXXXXXBXXXBXXXXXXXBBXXXXXXXXXXXXXXBBXXX', 2, 25, 6),
(30438, 20, '032447', 28783, 30.516, 64.233, 94.749, 72.933, 2, 1, ' XBEXADBXBXBXBBABXBXEXAXXXXXXXBBXBXBXBEXXEBAXXXXXXXBXXXXABXXBXXXBADXAXBXXXXBXBBXBXXBXBAXXDXXBXXBXXXXX', 2, 27, 15),
(30439, 21, '015074', 28784, 60.025, 34.654, 94.679, 72.933, 2, 1, ' ABBXXBBDCEBXBEBBXXBABABXXBXBXBXXXXAAXBEBCBXXXAAXXBAXBXXXXXEXXDXXXBXXXBBBXXXXXXXCXXAXXBXXXBDXBCXXDXXX', 2, 28, 19),
(30440, 22, '022813', 28785, 46.796, 35.68, 82.476, 72.933, 2, 1, ' XXBBXDXXDDXBXXCBDABABBBBXXBBBXXXXCXXBXXAXXXXAXXXXXXXXXXAXXXXXBXXXBBXXXXDXDXBBBCXXXXXBBDXXXXXXXCBXXBX', 2, 24, 15),
(30441, 23, '027426', 28786, 40.688, 39.759, 80.447, 72.933, 2, 1, ' AXBXAXXDBAXBCXBXXEAAXBXBABDCBBXXBXXXXXBXEXXXXXBXEXBXXXXXXXXXBXEBXXXXXXXXXAXXDXXCCEBBXEXBXXXXXXXXBXBD', 2, 24, 17),
(30442, 24, '002779', 28787, 29.491, 49.939, 79.43, 72.933, 2, 1, ' BBXXXBCBEABEAEBXABXXXDBXECBXBDXABXAXBBBCABXBDXXXXCXCXAXXEXAXXXADAXBXXDCCBBXXAXCEXXXCCXBXBBCBBBBEXBXD', 2, 28, 34),
(30443, 25, '030774', 28788, 46.802, 31.606, 78.408, 72.933, 2, 1, ' AXBCBXXBBABXEXXXXXXAXXXBXBBBXXCXXXXBBXXXXBXXXBXXXXXXXXXDXBEXXXXBXXXXXXXXXXXXXXXXXXXXBXXBCXXXXBXXXXCX', 2, 21, 7),
(30444, 26, '050514', 28789, 42.72, 35.675, 78.395, 72.933, 2, 1, ' XDABBBBBCXCABBBXBCEBBBXXXXAEBBEXXBXXXDXXXXXXXXXXBBXXBXXXBXDXEBXXXDAXBAXXBXXXEXXCXXBXXXADXXAXXBXBXXAD', 2, 25, 23),
(30445, 27, '036889', 28790, 49.847, 26.511, 76.358, 72.933, 2, 1, ' ABBDBXDAXABXBBXXXXDXBBCBXBBCBEXBXXXXBXXXXXXXXXXXXXXXXXXXXXXXXXXXXXXBXBCBXBXXXXXXXDXXXXXXBXXXXXXXXXXX', 2, 21, 9),
(30446, 28, '041484', 28791, 44.752, 31.601, 76.353, 72.933, 2, 1, ' XBBBBXXBDXABBBAABAECEBBBABAEBDXXXXXCXXXXXXXBXXXXXBBXXXXXXBXAAXEXBXXXXXXXBCDXXXXXXAXXXXXXXXCXDBXBXBBX', 2, 24, 21),
(30447, 29, '039014', 28792, 47.815, 27.527, 75.342, 72.933, 2, 1, ' XBXBXXXBBAXBBBBXAAXXBAXEBXEBBXBXXXXXXDDXXXXXXXXXXXXXXXXBDXXXXXXXXBAXXXXXXBCXXXXXXXXXBXXXXXXXBXXXBBXX', 2, 21, 10),
(30448, 30, '027922', 28793, 36.618, 37.712, 74.33, 72.933, 2, 1, ' XBBDBXXBBCXXAXBAAXBABXEAABXXXBXDBAXXXXXXBXXXXXBXXXDXXXXXXDCBBXXXBXXBBXBXDXXEADXXEXDXXXXABDXDBABXXXXD', 2, 24, 23),
(30449, 31, '030183', 28794, 33.567, 39.759, 73.326, 72.933, 2, 1, ' XXXXBCXBBXBCBCXEBBXEEXBXBXXBEXXXXXXXXDXBXXXAXXXXXCCXXBBXBXBBXXBBXXXXEXAEXXXXXXXBXXBXBXXBXXXXEXCXXXXX', 2, 22, 16),
(30450, 32, '001925', 28795, 37.637, 31.596, 69.233, 72.933, 2, 2, ' ACBBXBXXXXEBXXXBBBDXBBABXCXCDXXXXEXXXXBXXBXXXEDEXABBBXXXXXXXXXCXXXXEXBAXXBXDXXXXXBXXAXXXXBXDXDBXAXBX', 2, 22, 20),
(30451, 33, '038145', 28796, 37.637, 31.596, 69.233, 72.933, 2, 3, ' ACBBXBXXXXEBXXXBBBDXBBABXCXCDXXXXEXXXXBXXBXXXEDEXABBBXXXXXXXXXCXXXXEXBAXXBXDXXXXXBXXAXXXXBXDXDBXAXBX', 2, 22, 20),
(30452, 34, '002232', 28797, 34.586, 32.627, 67.213, 72.933, 2, 3, ' AABDBXBBXXEXXXXXBBXBDXBXBXBXXCXXXXXXXXXDXXXXXXBXXXXBXXBBXAXBXXXXXXXXCXXXXXXXXXXBXXXXBAXXXXXXBBXXXXXX', 2, 19, 10),
(30453, 35, '049315', 28798, 30.522, 35.685, 66.207, 72.933, 2, 3, ' XXXXBBXBXXXDXXBXAXBABXXBXXXXXXAXXXXXBXXXEXXXBBXXXXXXXXCXXBXXXXXXXXXXXXBBXXBBXXXXEXXBXXXXBXXXXXXXXEXX', 2, 18, 7),
(30454, 36, '039941', 28799, 33.573, 31.606, 65.179, 72.933, 2, 2, ' EBXXBXBXXXBBCXXBXAXAXXBXXXXBXXXXBXXXXXBXBXXXXXXBXXXCXXXXXEXXXEXXXXXXXBXXXXXBXXXXXXXDXXXXDBXBXXXXXBXX', 2, 18, 8),
(30455, 37, '027094', 28800, 29.497, 35.68, 65.177, 72.933, 2, 3, ' AXAXXDXBXXXEXCXXXEBABBXABEBXBXDBXXXXBBXXAXXXXXXXBXXXXBXXDXBXXXXBXXXBXXXXCXCCCXAXBXXXEBBXXXXXXXXXXXXX', 2, 20, 16),
(30456, 38, '029244', 28801, 24.396, 40.745, 65.141, 72.933, 2, 3, ' DCBXDBBDCECBXDAADCBAEBEBDBDBXXAXECBEXXDBABADBDXCDBACDXBCCBCADXBEXDXEBXECAXDXDBCCCBDXDXAXXBACBBBBBBBA', 2, 29, 52),
(30457, 39, '028248', 28802, 40.688, 24.449, 65.137, 72.933, 2, 3, ' EDBXBBXXDXXBDXCEBBCXXBXAXBBBBBCXDAXXXXXBXDXXCAXXXXXXEDXDXXEXBBXEXEDEDXXEBBEXBBXXBBBXXXBXXXCXXXXXDXDX', 2, 23, 28),
(30458, 40, '010508', 28803, 31.529, 32.607, 64.136, 72.933, 2, 2, ' DXXBCBBXXAXDCABBAXBCXXXXCXBEBBEXXBXBDBXXXXAXXXXXXXCBXDXXBBBCCAEXEDBXXABAEBEXXXXXBXXXACXXBXXXCXEXXXBE', 2, 23, 29),
(30459, 41, '028553', 28804, 21.345, 37.672, 59.017, 72.933, 2, 3, ' BAXDACXCAADBEBXBXAXABBCEBBAAXACBBCDBDAABCABECDBCBDDEDCCEEBDBBDDDAEDDEXABCBXAEDDACAABABBBBCCDCBEBBCED', 2, 30, 62),
(30460, 42, '018262', 28805, 44.758, 14.224, 58.982, 72.933, 2, 2, ' BXXDBAXBBCBXBBDBBABDXBXBCXXBBXEXEBAADDDDXECBXABAEDBBABADDCCCXAXEXXABBXBEABDECDAXXCXDAXCDXBCCCBDEBXDD', 2, 27, 50),
(30461, 43, '040853', 28806, 41.713, 13.228, 54.941, 72.933, 2, 2, ' ABBAXBXBBXXXCXXXXBXAXXBXEBXXXBXXXXBAXXAXBXCCXDAXXCXBXBAXXDBXXAXAXBBEXCXXEDXXXCBXCEXEXXXXXXDBXDXDXXCX', 2, 20, 26),
(30462, 44, '026726', 28807, 23.395, 30.58, 53.975, 72.933, 2, 3, ' AXXXXXXEXAXEXBXDXXAXBBXAXXXBBXDXXXXXXDXXBXXXDXXCXBXXXXXBXBXXXXXXBXXBABDXXXXXCXXXEXXBXXXXXXBXDXBEXXXX', 2, 17, 15),
(30463, 45, '041499', 28808, 29.497, 24.444, 53.941, 72.933, 2, 3, ' ABXDXXXBXBXBBXXCBXDCCXXBXXXABBCXBXXBDDXXCXXXDXXEXXXAXCDXXXXDBCBXXCXEDCXBBABXCXXAXBXXXXCXBCXDBXBBCXAA', 2, 21, 31),
(30464, 46, '029394', 28809, 32.542, 21.396, 53.938, 72.933, 2, 3, ' ECXDXEBBDAXXAXXEBBDABCCBBBCXBCXXXBCXBXXEXEEXXXEXXXXXXEAXXCXXXBXXXXEBXCXXXXXXEXXCXDBXXDXXAXXBXBBXXBXX', 2, 20, 27),
(30465, 47, '047357', 28810, 34.58, 19.349, 53.929, 72.933, 2, 3, ' ABXXXXBXAXEBBEDCAXXDBACCBBBXBBXXBCDAXXXBBXEXXXEDXXXXADAXACXXBXBXXXAXXXXXXXCDBXXXXDBXXAXXXBEBCXEXEXBC', 2, 21, 31),
(30466, 48, '050329', 28811, 26.446, 23.433, 49.879, 72.933, 2, 3, ' XXEXXBBXBBXEXBXXXBXXBXBXXDAXDBXXBBCBDXXCXEBEXXXXXCXXBEXXAXAXXXDXXXBXXAXBXXEBXXXXXEXBXXDXECCXXBXXXXXX', 2, 18, 23),
(30467, 49, '028851', 28812, 33.567, 16.306, 49.873, 72.933, 2, 3, ' AXXXXDBXXAXXXADDBBXEBBBXBAEBXXXXXBXXXAXXXXXAXXXXXXXXXBXBBXABXXXXXXXXCXXCXXXXDXXDXXXXXXXXXXXXBXXXXEXX', 2, 16, 15),
(30468, 50, '045288', 28813, 30.516, 18.348, 48.864, 72.933, 2, 3, ' XBXBBXAXXBXXXXXBXBXXXCBBEEXBBAXXXXXXXXXXXXXXXXXXXAXXXXXXXXXXXEXXBXXCEBXXEEXXXXXXXXXXBXBXXXXXXXBXXBXX', 2, 15, 12),
(30469, 51, '031385', 28814, 29.497, 18.348, 47.845, 72.933, 2, 3, ' XXXBBXCXCCDXBXBXDBXXXBXXBDCBBXXXXXBXXXXXXXXXXXXXBDCXXXXXXXXXBXXXXBAXXXXXXEXXXDXXXXAXXXXXXXXXBXBXXXXX', 2, 15, 13),
(30470, 52, '010992', 28815, 18.3, 28.543, 46.843, 72.933, 2, 3, ' EXXXXBAXXABXABDDBAXEDBXXBXXEEXXXXXDXXXXBXDXXXXXXEXXBXXXXXXXXXXXABXXXXXXXXBCXXAXXBXXBXXBBXXXCXDXXBXXX', 2, 16, 18),
(30471, 53, '034541', 28816, 26.446, 20.38, 46.826, 72.933, 2, 3, ' XXXBXXBXXXBBAXDEXBXXXBXXXDBCBAXXXBXXDXXXEXXCXXXXXDDBXXXEXBXXBXXXXXXCXBXXAXXXAXEXXXXBXXXXXXBXXXXDBCXX', 2, 16, 18),
(30472, 54, '012922', 28817, 26.446, 19.364, 45.81, 72.933, 2, 3, ' ACCXXXXXAXBXBBXBXAXXXXXXCBBXDBAXBXXXXXXBXXXXXXBEXXXXXEXXXXXXXXAXXBXDXXXXXXBEXXBXXXCXXXDBXXXEXXXXXXXX', 2, 15, 15),
(30473, 55, '032284', 28818, 34.58, 10.175, 44.755, 72.933, 2, 2, ' CBDABXBBXEBDECBBXBBXEBXXABXXAXCDXXDXXXXXXXXDACXXXBXXXXCXBACEBXCXEXACXXXXXXBXBABXXAXCXDXXXXXXXXBXXXXX', 2, 18, 28),
(30474, 56, '020364', 28819, 21.363, 22.422, 43.785, 72.933, 2, 3, ' XXEXXXXBXEBXDXBBBXXXXXXXXXXBXXXXBXXCBBXXXXXEBXBXXXXXXEXXAXEXXAXXXXXXXBXBXXDXXXXXBXXXXXXXXXXAAXXXXXXA', 2, 14, 13),
(30475, 57, '012197', 28820, 26.44, 17.317, 43.757, 72.933, 2, 3, ' AXBCXEABAXACXADBXXXABDXXBBBXEXXXXXXXEDXAXXAXXDEXBBXEXXXABBXDXXXXXXXXCBXXXXXAXXXBAEXXEXAXXXXXXXXXBXXD', 2, 17, 25),
(30476, 58, '040961', 28821, 26.452, 15.285, 41.737, 72.933, 2, 3, ' AXXXXBDXDXXXXXXXBXXABXBBXXXXXXXXXAXEBXXXXDDXXXXXXXXXDXXXXXAXXXXEXBXXXXXXXXXXXXBXXXXDBXXXXXXBXBEXXXXX', 2, 13, 11),
(30477, 59, '043066', 28822, 25.427, 16.296, 41.723, 72.933, 2, 3, ' AXXBBXXDXXDXBEXXXXBXBABBXXXDECXEBXXXXBXAXXXDXXEXXXBBDXXXAXXDDXDXXDXXXXXCXXXEXXCEXXBXXXXXXEXBXXBBEXXX', 2, 16, 23),
(30478, 60, '029599', 28823, 33.567, 8.148, 41.715, 72.933, 2, 2, ' XXEBBBXXEXBECXDXBBXXXCBBBDXXXBBXXXXXXXXXXXXXXXCXXXXXXDXXBXXXXXXXXXXXXXAAEXXBXXXXXXXXXXXXBAAXXXXXXXXC', 2, 14, 15),
(30479, 61, '014175', 28824, 13.211, 24.464, 37.675, 72.933, 2, 3, ' ECBXDADXBABBXXXBXXADEDDXXXDXXXBXXXXDCXDXXXXXXXXXXXXXXBBBXXXAXXAXXBXXXXXAXXXXCXXBBXXXXXXXXXXBXXXEXXXX', 2, 14, 19),
(30480, 62, '007556', 28825, 33.567, -0.01, 33.557, 72.933, 2, 3, ' XXBXXXEBXXDEBXBBBEXDBBBXXXBXDEXXEXXXXXDXXXXXXXEXXDXXXBXXXXXXXXDXXXXXXXXXXBXXXXXXXAXXXXXXDXCXXXXXXXXX', 2, 12, 15),
(30481, 63, '042883', 28826, 11.185, 21.401, 32.586, 72.933, 2, 3, ' XXEXXXXXBXXXDXXDCXBXXXXXBBXEXXXXXXXXXADXXXXXXABBXXCBXXBXBXAXXXXEXXXXEXXXXXXXBBXAXXXXXXXXXBCXCXXXCXXX', 2, 12, 16),
(30482, 64, '037578', 28827, 30.516, 2.012, 32.528, 72.933, 2, 3, ' ABBXACBCXXBXXBBXBXAXXECXXXXBXXXXBAXXXAXCXAXBXCXXAXXXEEECBEBBDXCXXXXXXXDXXCXXXDXEXBEXDXXXXXXEXXXEXCXX', 2, 15, 28),
(30483, 65, '009389', 28828, 28.478, -0.02, 28.458, 72.933, 2, 3, ' XBXXBXXAXXBXAXXBXXBDEBXCBDBEEBCXXBBXXXXXXXEXXXXEXXXXXBXXXXXXDXXXXXXDCXDACDXXCXXXAXXXXXXCXXXEXXXXDXBC', 2, 13, 24),
(30484, 66, '015812', 28829, 11.173, 14.264, 25.437, 72.933, 2, 3, ' ECCBCBEEXXBDDBXXXXDAEXDEXXDBXXBBCXCXXXXXXXXBAXXXXXXCXXCXXXDXDXXXXXXXXXXXXXXXXCXXDXXXBXCBXXBXXXXXXXXX', 2, 12, 23),
(30485, 67, '028527', 28830, 10.142, 10.13, 20.272, 72.933, 2, 3, ' AEBABADBADBCAAECECDADAABACEBACCBCDCEBEADCDEEEDBBCCBADABEBDEBABCEBCDADABEEDEDDEBCBBECDAADDDBCCACBECCB', 2, 24, 76),
(30486, 68, '042069', 28831, 6.084, 11.186, 17.27, 72.933, 2, 3, ' XAXDBXXXCCBDXXEXXBBBDDEDCBCCXXXBAXXEXXCXXXDXXXXXXABXEAEXBBDXAXXEEBDXXEXAEXXXXBXDXXBBXAXCCAXCDXXDEBXX', 2, 14, 39),
(30487, 1, '053096', 28832, 81.394, 124.397, 205.791, 72.904, 3, 1, ' ADBBBBABXABBBXXBBBBEXBBDXBBBBBXBBBBXBCBXXBBBBXECBXBCCAXBXBXXXXBEBBBBBBXBXXXBXXXBDBBXBEBBXXXXBBBXBXCX', 2, 54, 14),
(30488, 2, '045847', 28833, 88.515, 115.208, 203.723, 72.904, 3, 1, ' EBBBBBBCBACCBBBBBBBABXBBBBBDXBCXADBBBEDXBBCBBCCBXBXBXXEAXXBXDBBXBCBXXBBDBBBXXEBBBBBABDDDBBXXEXBBBBXD', 2, 56, 24),
(30489, 3, '049686', 28834, 54.936, 117.255, 172.191, 72.904, 3, 1, ' ABXXBBXBBABBXXBBBXXXBDADAEXBCBXDBXBBBBBXXXXBBBEXXBXBBBEBBXBXCEBBXBXBXBXXBEXXABBXEABBBBXBXABXDXAXAXBD', 2, 47, 19),
(30490, 4, '016445', 28835, 85.464, 76.46, 161.924, 72.904, 3, 1, ' XBBBBBAXBABBCBBBXBBABXBCBDBBBBBXEDCAXBBXXXXDXBXXXXEBCXXABBXXDBXCEXXDBBXBBXBBBXBBXXBEEXXDEBBXCXXBBXXD', 2, 45, 21),
(30491, 5, '021679', 28836, 75.286, 79.533, 154.819, 72.904, 3, 1, ' ACBBBXBBBXXBBBBBACEEBBBCXBBBBBXXXXEBXBXBEXXXBBXXXXXXXXAXXBXXXBXEBEBXBXBXBBXBBXXXBXXXXXBXXXBDBBXBXXXX', 2, 41, 12),
(30492, 6, '040466', 28837, 81.394, 63.212, 144.606, 72.904, 3, 1, ' ABBXBBBBAXBBXBBBCBXABBBBBXABCBXXEDBXXXXEXXCXXBXXBXDBXXXBBBXBXXBXXBXBXBXXXXXXXDXXBBXCXXXXCXBXXDBEBXXD', 2, 39, 14),
(30493, 7, '029698', 28838, 54.936, 85.639, 140.575, 72.904, 3, 1, ' XBBCEBBXDAXXDBXXBBBABBBXBXCCXBBXXXBXXXBXXEBBEEXXBXXABBXXCBXEXBXBBBBXEXBXEDEXCBBXDXBXXBBXBDBADABXXBBX', 2, 40, 22),
(30494, 8, '023223', 28839, 76.305, 64.228, 140.533, 72.904, 3, 1, ' AXBBBBBBBACXCDXBCBBXXBBBBCBBBBEXBXXXDXXXBABBBBEXBXDBXXXBXXDXBBXBBXAXBXCCBXXXBDBXXDDXXEXXXXXXXBXXXXXD', 2, 39, 18),
(30495, 9, '049459', 28840, 62.063, 76.48, 138.543, 72.904, 3, 1, ' ABBBXAXDBAEBXBXBXXBXBBBBXXXXBBXXXXDXXXXXBXXBXXXXXBBXXXXXBXXBXXBXXBXXXXXBXBBXBBBXXBXXXBXXXXXXBXXXBXXD', 2, 35, 4),
(30496, 10, '042091', 28841, 65.114, 70.354, 135.468, 72.904, 3, 1, ' ABEXBBBXBXBBXXEXXBBABBBBDXBDXBABBXAXXBXBXXABBBXXXDXXXXXXBEBXBDXXXXXXXXXXBBXBXXXBXXXXXBXBBXXXXXBXXDXD', 2, 36, 11),
(30497, 11, '011831', 28842, 63.076, 66.28, 129.356, 72.904, 3, 1, ' BBBBBBEXXXEBBBDXBBXXXDBBBBDBBBXCXXBBXBXXBXXXXXBXBBXXXXXXXXXXXXXXXXBXXXXBXXXBBBXXBXBXXXABXEBBXXXXXXXX', 2, 34, 9),
(30498, 12, '013836', 28843, 50.866, 77.491, 128.357, 72.904, 3, 1, ' EBXBXBXBXAXXBBBXAXBACXBBBDCXBAXBBXXXXXXXXXXXBAXXAXBBBXXBXEXBXCXBXXBXXDBCXBBXXBXAXXXXBXBBBXXABXXXXBBX', 2, 35, 14),
(30499, 13, '031503', 28844, 60.031, 65.259, 125.29, 72.904, 3, 1, ' AXDXBBBBBXXBXXXBBXXABXXBXXBBXBXXXXBXEXBXBXXBBXXXXXXXXXBXBXBXXBXXXXXXXXXBBBXXXBXXXXBBXXXXXXXBCXXXXCBE', 2, 32, 5),
(30500, 14, '049437', 28845, 48.834, 74.428, 123.262, 72.904, 3, 1, ' ABXXXBBBBXBXBXDXBXXAEAXBXDBBXXXXBXXBXBBXXXBBXBXCXBXDBXBXBDXBXXECBBXXCXXDBBBXXXXXXCXXXXDXDXXABXXBXXBD', 2, 34, 15),
(30501, 15, '033438', 28846, 40.688, 81.56, 122.248, 72.904, 3, 1, ' AXBXBBXEBEBBXBXXAACBXXBEBXEXBBABXXXXCDXXBXXBCCBEBBDXXXBBXXXBXXXXEBAXBCBDBCBBBXCAXBBXXBXBDXXXBCXBBXXD', 2, 36, 24),
(30502, 16, '020066', 28847, 65.114, 55.049, 120.163, 72.904, 3, 1, ' AXCCEBXXBABXBBBAXXXABBXBBBBXBBBXAXXCXXXXXBXXCXBBXCEXXADXXEBBBXXXBBXBBXXXXBXCXXXCXXBCXXAEXBXXXBXBXDBX', 2, 34, 18),
(30503, 17, '011781', 28848, 63.076, 54.023, 117.099, 72.904, 3, 1, ' AEBBEXXBBAXBBDAEBXBABBEBBXBXBXBXBXCBXXBXXDXAXAXDXBAXXBBXBXCBAXDBXXXCXXDAXAXBXXCEXXXBDXBXBBXXDBXBXCBC', 2, 35, 25),
(30504, 18, '005501', 28849, 60.025, 56.075, 116.1, 72.904, 3, 1, ' AXBDDXBXBABXXXBBBBXABBBEBAXXEBBXBEXBXXBBXBBDXBXBCXXXEBXEXXXXXXXCXBXXXEXXXXXXXXXCDXXXXXXXBBBXXXXBBXXX', 2, 32, 14),
(30505, 19, '045131', 28850, 79.362, 34.669, 114.031, 72.904, 3, 1, ' ABBXBBBXBXBBCXBABXXABBBXBBXBBBXXXXXXXXXXXXXXBXXBXXXXXXXXXBAXBXXXXXXXXXXXXBXXBXXXXXXXXBXXXBXBDXXXXXXX', 2, 29, 4),
(30506, 20, '025252', 28851, 38.65, 74.423, 113.073, 72.904, 3, 1, ' XDXBXBDDEAABBEEBBEBXBXXBCXBBDXDXXAXBEXAAXXEXXBXXBBXXACBXBBXBBABBBXXXDXXBXXBXAXXBCBXBXXCBAXXBXXDBBBXX', 2, 34, 25),
(30507, 21, '049113', 28852, 47.815, 63.207, 111.022, 72.904, 3, 1, ' AXXBBBXDAAXBBBBBXDXABXDXXXCXXBXBXBXDBCBXXBXXBAXEXBBAXCBXBEXXXXXXXBXEXXBXXXBBAXXDBXXBXXBXXAXXXAXDXBBE', 2, 32, 19),
(30508, 22, '015723', 28853, 61.044, 47.917, 108.961, 72.904, 3, 1, ' ABBXCBCBBABXXBXXBXXAXXBBBXACBBBAXXXXBXCXDXBBXBBXXXXXXDXXXXXXXBXXXBXXXXXBXXXXXXXBXXEXXXXXDXBXXBCEBABX', 2, 30, 13),
(30509, 23, '010013', 28854, 72.241, 36.706, 108.947, 72.904, 3, 3, ' AXXXBBXBXAXXXBABXBBAXBBBBBBBXBXXXXXXBXBXXXXXXXXXXXXXXXXXXXXXXXXXXXXXXDXXBABXXXXAXXXBXXXBBXXXBBXBAXXX', 2, 28, 5),
(30510, 24, '029817', 28855, 70.203, 37.727, 107.93, 72.904, 3, 3, ' ABBXEXXXBABBBBXBXCBAXBXBXABBBBXXXXBXXBXBXXXXXXBXBBXXAXXXXBXXXXXBBXXXXCXXXXXXXXXXXXXXXXXXXXXBXXXEXXXX', 2, 28, 6),
(30511, 25, '019571', 28856, 75.292, 29.559, 104.851, 72.904, 3, 3, ' XBXXBBXBXAXBBBBBBEBABBBXXCBBXBXBXBEBXBXBXXXXXXXXXXXXXXXXXXXXAXBXEXXXXEXXXXXXXXXXBEXEEXXDBXXXDBXCXCXD', 2, 29, 13),
(30512, 26, '046258', 28857, 63.076, 39.759, 102.835, 72.904, 3, 3, ' EBBXBBBEBABAXEBBXBBXBXBEXBXBBDXBXXDXXXXXXXXBXAXXBBXBXDEBXBXXXXEXXBXEXXBXXXCXXBXXXXXXEXXXXDXXXBXBXXXX', 2, 29, 15),
(30513, 27, '050234', 28858, 45.771, 56.075, 101.846, 72.904, 3, 3, ' BABBAXBXBXBBBBDDBCXADBDEBDCBBXDXXBXXEXBXBXXXABBBXXEXXXXXXXCXXXXXCBXXXXXXXXXXBXXXXEXBBBXXBXXBBXBXXEBC', 2, 30, 20),
(30514, 28, '026087', 28859, 53.911, 46.871, 100.782, 72.904, 3, 3, ' EBBEBXACBCABEBEBBBDABBXXABBBEBDXXBBDDXDXXXBXCXBXBCECBXEBCDCXXXXBABCBEBBABACEBEXAXXEBXBXBXXCDAAECBBAA', 2, 35, 41),
(30515, 29, '038841', 28860, 78.343, 22.432, 100.775, 72.904, 3, 3, ' XBBXXBBBBAEBABBBBBEXBXBBBBXBBXCXXXXXXXXXXXXXXXXXXXXXXXXBBXXXXXXCBXXXXXXXXXBXXXXXXXXXXXXXXXXXBXXXBXXX', 2, 26, 5),
(30516, 30, '043922', 28861, 68.165, 31.601, 99.766, 72.904, 3, 3, ' ABAXABBABXCBBBBBXXEXXBBBBBBXBBXCXXXXXBXXXXXEXBAAXBBXXXEXXXXXXBXXXXXDXXBXAXXXXXXXEXXBXXXXBXXBXXXEXXBX', 2, 28, 14),
(30517, 31, '021754', 28862, 47.815, 50.98, 98.795, 72.904, 3, 3, ' DBBBXXXXXAXXBBEBDCBXXBXBBBXBXCXXBBXCXXXXXXBXXXXXXXXEXXBXBBEXXAXXBBXXBXXXXXXXCXXXXXXXXBXXBXXXDXBBBXXX', 2, 27, 11),
(30518, 32, '040713', 28863, 38.65, 60.124, 98.774, 72.904, 3, 3, ' EBXCBBBBXDBEXXCCEDBAXBXXCBDBXBCBXDXBEECEXADXBBAACBADCBADXDXEBBDBCBXXBBXBDXBBBEXEEEABBCABBAEXXXBBDABA', 2, 35, 43),
(30519, 33, '025614', 28864, 34.574, 63.197, 97.771, 72.904, 3, 3, ' BABABAABEABCBBBXECXDEEXBBEBBXAXXXXBDCABCXXCBBBAXDXAEEXXBXAXXXCBEBXXABBBBDBEBBCXXXDCXXBBEXXBBAXBXXABX', 2, 33, 36),
(30520, 34, '001849', 28865, 45.783, 50.965, 96.748, 72.904, 3, 3, ' ABXDXXDXBXXXXXBBXBXAXXCBBBBXXBCXXBXXXBAXBBDXEXXCCBDXXBDXXCAXXXBXXEXBXXXBXXXBDXDEBXXXEBXDXBBBXCBXAXBX', 2, 29, 21),
(30521, 35, '047643', 28866, 42.726, 53.012, 95.738, 72.904, 3, 3, ' XBBXBEBBXXEBXBBXBXXADEBXXXABEXXXXXBXXXXEXXXBXAXEBBBXXCXXXXXECXBXBXBXXBXCXBXXXXXXBBXXXBBBDXABXXCXXXDE', 2, 28, 18),
(30522, 36, '043811', 28867, 53.923, 40.78, 94.703, 72.904, 3, 3, ' XBBXXXXXCXBBBXEBXBBAXCXBBBXBXBXBXXXXXXXBXXXXXBXXBBBXXXXXXXXXXBXXXXXXBBDDXEXBXXXXXXXDXBXXXEXXXXCXCXAD', 2, 26, 11),
(30523, 37, '043708', 28868, 60.025, 34.659, 94.684, 72.904, 3, 3, ' AXBXBEXXBABXCBBXBCBABXBBEBXXBDXXCXXXBDBXXXXXXXXXXAXXXXXXXXEXXXBBXBXXBXXEBEXXXXBXBBXDXCXEXBXXXXXXXXDX', 2, 27, 15),
(30524, 38, '015505', 28869, 63.076, 31.596, 94.672, 72.904, 3, 3, ' XBCCCBXXBABXBBBXABBXBXBBCBABBBAXXDXXXXXXXXXXXBBDXCXXBDXAAXXXXEXXXXXBBXXAXXXXXBXACXXXXXBXXXXBDXXBBXBA', 2, 28, 19),
(30525, 39, '014447', 28870, 40.682, 51.966, 92.648, 72.904, 3, 3, ' AEEEXXBBABEBXBBBCBBBAXAXBBCCBBXBBEXXBAXABXCEBXCCACBACDCACABXDABCXXDDCCACXBEBBXBBEXXXDEBCBEEBXBBXBBCD', 2, 34, 45),
(30526, 40, '046992', 28871, 50.866, 39.759, 90.625, 72.904, 3, 3, ' AXBBCXBXBADXBXXBXBXABAXBXBDBDEXXXBXBXXXXXBXXXXBXBXXXDXXXEXAXBXXXXXXXBBCAXXXXDXBXXEBXXXXCXBXXBDXXXXXX', 2, 26, 15),
(30527, 41, '010258', 28872, 61.044, 29.564, 90.608, 72.904, 3, 3, ' ACBBXBBXDABXXEBBBXCXXBXXXBBBBBXXXXXBXXXXEXXXCXXXXXXXXXXXXXXBXXXXBXXBXXXBBXXBBXXDCAXXBXXXAXXXXXXEXXXX', 2, 25, 11),
(30528, 42, '035089', 28873, 38.656, 50.965, 89.621, 72.904, 3, 3, ' XXBXXECBXEDXBAXXXBBAXABXXXBBBBDDXBBCXXXDXXBBADEDXXXXEEXAXXXXABBBAXXBXBBXXCBAXXXXBXXXCDXXXBBXBBEXXXBX', 2, 28, 24),
(30529, 43, '039334', 28874, 35.605, 53.022, 88.627, 72.904, 3, 3, ' DXEXDXXBXBXCBXXBBBBAXXBBXXXBXXCXXBBBXXXXXXXBXXBXXXXBXXXXBXXBXXXXXBABXXXBXXXBXXXXXXXXXXAAXXXXBXXBXXXX', 2, 24, 9),
(30530, 44, '044531', 28875, 54.942, 32.627, 87.569, 72.904, 3, 2, ' AAXXXXBBBABBXXXBXXBABXBXXBBEXXXXXXXBXBXBXABXXXXXXXXXXXXDXXXXAXXXXXBXXXXBXXCBXXXXBXXXBXXXXXXXXXXXXXXX', 2, 23, 6),
(30531, 45, '022377', 28876, 50.866, 36.696, 87.562, 72.904, 3, 3, ' ABXXXBBBDAEBBEXAXXXAXBBBBBXAEXXXXXXXBCXBXXXXDBDXXCBXXXXBXXXXXEXBXXEXXBXXXCEEEXXBXBXXXXXXXBXXXXAXBCXD', 2, 26, 18),
(30532, 46, '013496', 28877, 51.885, 34.649, 86.534, 72.904, 3, 3, ' ABCBXEXBXAXBBAXXBAXXEBBXBBXXBBXXBXEXBXCXBBXABXCBXXXXXCXXBBCXXXBXBXCDXXXDXDXBXCCAXXXEBXCXXXEXXXEBDXXX', 2, 27, 23),
(30533, 47, '024959', 28878, 61.044, 25.485, 86.529, 72.904, 3, 3, ' ABBBXBBBAXXBXEXBBBEABBEXXBXXXBBXXBXXBXXXXXXXXAXBXAXXACXXXBXXXXBXXXXXEXXDXXXXXXXXXXXCXXXXXXBXXXXXBXXX', 2, 24, 11),
(30534, 48, '005603', 28879, 35.587, 50.93, 86.517, 72.904, 3, 3, ' DBDCECBBBCCBEBEBCBEAACEDEBBBBCCBEBBBAADEDBCEEDABECEABBABDBBAEBBDAEBBBDBCAAAEDBDEDBBEDDBDCBEECBEDBCDE', 2, 37, 63),
(30535, 49, '003814', 28880, 54.936, 30.57, 85.506, 72.904, 3, 3, ' XXBDBBBBBXXXXDBBBXACBBAXXDBBBBADCXXAABXXXBBBBACXXEXBEXXXXXXBBXXXXXCXDXXBXXXXAXDCXXXXXAEEBXXXXXXXBCXD', 2, 27, 24),
(30536, 50, '025625', 28881, 50.866, 32.622, 83.488, 72.904, 3, 3, ' AABXBXXBBXXXXBABBEBABBBXDXDBXAXBXXXXXXBXXBBXXXXBXXXXXXABXXXXXBXXAEXXAXXXXDXXXXXEXXXXXXBXBXXXDBEXXXXX', 2, 24, 14),
(30537, 51, '040709', 28882, 46.796, 35.69, 82.486, 72.904, 3, 3, ' ABBBBBXXBXEXXXXDXXBACAABXDBBBXXXBXXXXXBXXXXXBXXXXXXXXBXXCXXXXXXXXXXXXXBXBXXXBBBXXXXXXXXXXXXXXXXXXXXX', 2, 22, 7),
(30538, 52, '034194', 28883, 50.866, 31.596, 82.462, 72.904, 3, 3, ' ABXAXXAXDAXXBBBDBBCXDBBBXBXXBBXXEXXXXXXXXXBBXXBEAXAXXXBBXCCXXBXBXBXXXBDXXEXXXBXDDXXCXCXXXDXBXXXXXXXX', 2, 25, 19),
(30539, 53, '047466', 28884, 35.593, 45.85, 81.443, 72.904, 3, 3, ' BDBCBBBBXCCBXBEXBBAAADXADEXABBDDBXDEADBBDCACDBXEBEXCXCCXBEXBDXAXXXXXXEBXCCADBXXBCBBXDBDEXBBBBBXEDBEX', 2, 31, 44),
(30540, 54, '036537', 28885, 47.815, 31.596, 79.411, 72.904, 3, 3, ' EEBCXXXBXABBBBXXBXBAXXBXAXAXBBBXXXXBBXXXXXXXBBXXXEXADXXCXXAXXCXXBEXXBXXXEBXXXAXDXBXXXXDXXXBXXDXXCXBX', 2, 24, 18);
INSERT INTO `examen_postulante` (`codExamenPostulante`, `orden`, `nroCarnet`, `codActor`, `puntajeAPT`, `puntajeCON`, `puntajeTotal`, `puntajeMinimoPermitido`, `codCarrera`, `codCondicion`, `respuestasJSON`, `codExamen`, `nroCorrectas`, `nroIncorrectas`) VALUES
(30541, 55, '000207', 28886, 40.688, 36.686, 77.374, 72.904, 3, 3, ' DXXBBXBBBAXABEAXBCCDXBXBBBXXCXDXXCXXBAEXBDXXXXABXDBBXXBBBXXXAXAXBXXXXXEBBXCCDXXXBEXAXXXXEDBCXXEXXXCD', 2, 26, 28),
(30542, 56, '050548', 28887, 47.809, 29.529, 77.338, 72.904, 3, 3, ' XXBBABBBBABXBCBBBBXCDEBDDCXXEXEBEBABXBEADXDXCXACBCXCCXEXXXCDXDEDBEXXDBABXAXBAAXXBEDEEBEBXDCBBBACXBDX', 2, 30, 44),
(30543, 57, '044694', 28888, 38.656, 35.685, 74.341, 72.904, 3, 3, ' EBXXXBXXAABBXXCDXBDXXBBBBDBXXXXXXXBXXXXXBXDXXXXXBBXBXXXDXCXXXXXXXBXXXXXXXAXBXBXXXXXXXXBXBXXXXXXDXXXX', 2, 21, 11),
(30544, 58, '037791', 28889, 46.796, 27.522, 74.318, 72.904, 3, 3, ' ABAXBABBXAADBXCXXBBXBBXXAXBXXBXCBXXBXBCXBBXXXXXXXXXXXXXAXXXXXXXXEXXXABXXBAEXXXXBXXBXXXXXXXXXXXXEXXXB', 2, 22, 15),
(30545, 59, '053856', 28890, 61.038, 12.217, 73.255, 72.904, 3, 3, ' AXXEXCBBADBXBBBBBDBABBBXBEBCBCXXXCXXXXXXXEXXXXXXDCXXAXBXXXBDXEXDXXXCBEXXBBXXXBBDXDXXXXCXXAXXXDXXXXXA', 2, 24, 24),
(30546, 60, '047563', 28891, 52.904, 19.374, 72.278, 72.904, 3, 2, ' XXBBBXXBBAXBBBXXBDCBXXBBBCBXXXXXXBXXXXAXBXXXBXXXXXXXXXXXXXXXXXXXXBXXXXXXXXXXXXXXXXXXXXXXXBXXXXXXXXXX', 2, 19, 5),
(30547, 61, '025222', 28892, 29.497, 41.791, 71.288, 72.904, 3, 3, ' BXBAXCBXBXXXXBDXXXEXBXBBBXEBCXBXAXEXXXXXXXBBXBXXXBDXXXDBDXAXCBXXXXDCAXBXBXXXBXXXXAXDBXABXCAXXBXXXXBX', 2, 23, 22),
(30548, 62, '022404', 28893, 46.796, 23.448, 70.244, 72.904, 3, 3, ' XXXBBXXXBDXCBBXBBBBAACBXDBEXXBXXXXXXXXAXXBXXXAXBXXXXXXXXXXXXBXXXXCXXAXXBXCXXXBXXBXXXXXXXXXXBXXXXXXXX', 2, 20, 11),
(30549, 63, '003569', 28894, 33.567, 35.68, 69.247, 72.904, 3, 3, ' ADBXBBXXDAXBABEAEXXXXXXBXXBAXBXXXXXXXDBXAXBXXBXBXXXDXXXXXBXXCXXXXXXXBXBCBXXDXXXCXBXBEXXXAXBXXXXXXXXX', 2, 21, 16),
(30550, 64, '027316', 28895, 46.796, 22.432, 69.228, 72.904, 3, 3, ' EBXXXDBXAAXBBXXBBBBAXCBABXXBDXXXBXXXXXXXBXXBXXXXXXBXXXXXXXEXXXXXXXXXXXXXBXBXXCXXXXXXXXXXXXXXXXXXXXXX', 2, 19, 8),
(30551, 65, '035255', 28896, 38.656, 30.565, 69.221, 72.904, 3, 3, ' ABXXXXBCXADEEBXEXXXABBBXCBXXBXXADXEXXXBAXXBXEXXAXBXDXXXXBXBXBXDCXXBXDAXECABBXXDCDXDXXXXDBBXEXAXBXXBE', 2, 24, 28),
(30552, 66, '039638', 28897, 28.478, 38.743, 67.221, 72.904, 3, 3, ' EBBBXCCAXABEXXXAABXAXAXBXXXBXXBXXXXXXXXXEXXXBXXXXXXXBBXXXXXXBXXXAXAXXXXXCEXXXXXXBXXBXXXXXXXXXBXBBBCX', 2, 20, 14),
(30553, 67, '043413', 28898, 34.586, 31.591, 66.177, 72.904, 3, 3, ' XBXXAXBXXCBCBCXBBBXXBBXXCXXXBDBXXXXBBACXBXXBDXXXCXXXXXXAEXDXXCCXXBXXXXBDXXBDXEBAXXXBXXXXADBEEXXXXXBX', 2, 22, 23),
(30554, 68, '030388', 28899, 51.885, 14.239, 66.124, 72.904, 3, 3, ' XXXBDBBBBAABBXXBXBEABABXXAXXBXBXEXAXXBECXXDAXEACCECBXXXXXBCAXXBXXXXEXAXEBXAXDBXXDAABXEXXBEDDEXBXDBDB', 2, 25, 35),
(30555, 69, '040479', 28900, 40.676, 25.43, 66.106, 72.904, 3, 3, ' ABEDBBBEBDACECBECBBDBEABECBBEBBCCEADBBEBEEECEDBEBABBEEAADAEBBCBAAECCCADCEBDDBBDAEBCBDCEBBDDDDAEEAEBA', 2, 33, 67),
(30556, 70, '017421', 28901, 39.669, 25.48, 65.149, 72.904, 3, 3, ' AXEXBBAXBXEXDAEXBABXBBEXCBXBBBXXXXXABXXXXXXXBXCXXXXXXBBXAXBXDXXXXXXXAXXBXCXXCXXBXXEXXEXXXXXXXXDDBXXD', 2, 21, 20),
(30557, 71, '051774', 28902, 26.446, 36.696, 63.142, 72.904, 3, 3, ' AXBXXXXCXEBXXXXEBXBXXAXXDABBBXXBXXXEXBXECXXBXXXXXXAXDXXXXBEXXXXXXXXAXXXXXEBBBXDXDBXXXXXDXXXXCBBXXBBX', 2, 20, 18),
(30558, 72, '013721', 28903, 34.58, 28.538, 63.118, 72.904, 3, 3, ' ABXBDEEXXXBBXXAABBEEABDXBXXBBEXXXXXXEBCXXXEXXXXAXXXXXAXXXBXBXAXXCXXBXBXXAXXABXXXBXXXBXXXDXXXXXXAXBAD', 2, 21, 22),
(30559, 73, '041686', 28904, 40.694, 21.391, 62.085, 72.904, 3, 3, ' XXBXXXBXBABAXBCXCXXABXBBXXBAXXXXXXXXXDXXAXXXXBXCCXXXAXECCXXBXBXCBXCABXXXXXACXBXXXEBXDBXCXEXXXDXBEBXX', 2, 21, 23),
(30560, 74, '018946', 28905, 35.587, 26.456, 62.043, 72.904, 3, 3, ' BAEBBCECADBEBBCCCBDADABBBBBCBCAEXEBDBAEBDDBABBBBXACAEABCBAAEADECADBBABDAACDAEDBACBXXEABAECXDDXABBCAC', 2, 31, 63),
(30561, 75, '006474', 28906, 40.694, 19.359, 60.053, 72.904, 3, 3, ' XBBEABXXXXCXBXXXBBAAXBBXXXBXXBXXXXXXXXXXAXXXXXXDXCXBXXCBXEDXAXXCXBXXXXXEBXXXXXXEXXBXDCBXXXBBXXXEXXXX', 2, 19, 17),
(30562, 76, '046012', 28907, 39.669, 20.38, 60.049, 72.904, 3, 3, ' ABXXXABXXAEBXBXBBBAACABBXDEDDXCBBBXXEXXAXXXXXDXDXXXDXXXXXXXABXXXXXAXXXXXXXXXBXEXXXBXXXXCXBXBEXXXXCXX', 2, 20, 21),
(30563, 77, '051051', 28908, 25.409, 34.619, 60.028, 72.904, 3, 3, ' DBBBECEBDCDCCADBCEBDBCBBCDBCBAAECXAEXAECADBXCACBCBXBABBEABXXXECEBBABEBEBXXDABBEBCCDEABDACDBAAAEDCBBE', 2, 30, 61),
(30564, 78, '020784', 28909, 27.447, 31.566, 59.013, 72.904, 3, 3, ' ACBBBCDBCAXEBEBAEDACDBBEXDBEDEDDCDXEBBCEXEBXDXDBXCDBAXAEBXABBCXDEDCDBCBCBBXDBDDXDCDXXBAXCXXBEEBBXEAB', 2, 28, 54),
(30565, 79, '011266', 28910, 45.771, 13.208, 58.979, 72.904, 3, 3, ' BBBECBBXDBBBBEXBBBCDXBXBCDABXBEXABACXAXDXBDDDBEXBCXADEBABXDXBXEDACCXAXDDXCBDXEABBBCBECABDCEAEXXXDAXX', 2, 27, 50),
(30566, 80, '053294', 28911, 19.325, 38.743, 58.068, 72.904, 3, 3, ' XBABXXXXDXDXXBXBBXEBXBXXXXXXXXBXBBBXXBXXXXXXEXBXXCAXBXAXXXXXXXXXXXXXXXXXBDXXXBXXBXCXXXXXXXXXXXXXXXXD', 2, 17, 11),
(30567, 81, '017382', 28912, 30.51, 27.527, 58.037, 72.904, 3, 3, ' ADBABXBXXCBECBCXBXXBBBBXAXXXADXXXXXXXXXXXXXBBXXBXDXXXXXXXAXBXXXXXXXXXXXXAXAXXXXXEXXXXBBXXXXXBXBXXXXX', 2, 18, 15),
(30568, 82, '042355', 28769, 37.643, 20.38, 58.023, 72.904, 3, 3, ' XBBBXXXXBXBXEXBAXEBXBXXXXBXBXXEXXBAXEBXXXDXAXXXBXXBXXXBXAEXXXEXXXXCBXXXXCXXDXXXBXXXXXXCXXXXBXXXXXXXX', 2, 18, 15),
(30569, 83, '028311', 28764, 40.688, 17.317, 58.005, 72.904, 3, 3, ' DBDBBAXDXAXBXXXBXBBXBADBXCBBCXXAXBXBXDXAXXXXBDXEXXXXAXXXXXXXAXBXXXCXXXXXAXXXAXEBXBXXDXXXXXXCXBCXXBEX', 2, 20, 23);

-- --------------------------------------------------------

--
-- Estructura de tabla para la tabla `facultad`
--

CREATE TABLE `facultad` (
  `codFacultad` int(11) NOT NULL,
  `nombre` varchar(100) NOT NULL
) ENGINE=InnoDB DEFAULT CHARSET=utf8mb4;

--
-- Volcado de datos para la tabla `facultad`
--

INSERT INTO `facultad` (`codFacultad`, `nombre`) VALUES
(1, 'Facultad de Ciencias Biológicas'),
(2, 'Facultad de Farmacia y Bioquímica'),
(3, 'Facultad de Medicina'),
(4, 'Facultad de Estomatología'),
(5, 'Facultad de Enfermería'),
(6, 'Facultad de Ciencias Físicas y Matemáticas'),
(7, 'Facultad de Ingeniería'),
(8, 'Facultad de Ingeniería Química'),
(9, 'Facultad de Ciencias Sociales'),
(10, 'Facultad de Derecho y Ciencias Politicas'),
(11, 'Facultad de Ciencias Económicas');

-- --------------------------------------------------------

--
-- Estructura de tabla para la tabla `grupo_iguales`
--

CREATE TABLE `grupo_iguales` (
  `codGrupo` int(11) NOT NULL,
  `codAnalisis` int(11) NOT NULL,
  `puntajeAP` float NOT NULL,
  `puntajeCON` float NOT NULL,
  `puntajeTotal` float NOT NULL,
  `correctas` int(11) NOT NULL,
  `incorrectas` int(11) NOT NULL,
  `respuestasJSON` varchar(1000) NOT NULL,
  `vectorExamenPostulante` varchar(2000) NOT NULL
) ENGINE=InnoDB DEFAULT CHARSET=utf8mb4;

--
-- Volcado de datos para la tabla `grupo_iguales`
--

INSERT INTO `grupo_iguales` (`codGrupo`, `codAnalisis`, `puntajeAP`, `puntajeCON`, `puntajeTotal`, `correctas`, `incorrectas`, `respuestasJSON`, `vectorExamenPostulante`) VALUES
(274, 87, 37.637, 31.596, 69.233, 22, 20, ' ACBBXBXXXXEBXXXBBBDXBBABXCXCDXXXXEXXXXBXXBXXXEDEXABBBXXXXXXXXXCXXXXEXBAXXBXDXXXXXBXXAXXXXBXDXDBXAXBX', '30299,30300'),
(275, 87, 45.783, 69.333, 115.116, 31, 11, ' AXXBBXBXBDBXBXXXXBXABXBBXEXXAXXXAXXXBXXBXBBXXXBBBDCAEBXXXEXBEBXBXXBXXXXXXBXXXXXBXXXXXXXBBEXXXBXBBXXX', '30274,30275');

-- --------------------------------------------------------

--
-- Estructura de tabla para la tabla `grupo_patron`
--

CREATE TABLE `grupo_patron` (
  `codGrupoPatron` int(11) NOT NULL,
  `codAnalisis` int(11) NOT NULL,
  `nroIncorrectas` int(11) NOT NULL,
  `nroCorrectas` int(11) NOT NULL,
  `puntajeAdquirido` float NOT NULL,
  `respuestasCoincidentesJSON` varchar(1000) NOT NULL,
  `vectorExamenPostulante` varchar(2000) NOT NULL
) ENGINE=InnoDB DEFAULT CHARSET=utf8mb4;

--
-- Volcado de datos para la tabla `grupo_patron`
--

INSERT INTO `grupo_patron` (`codGrupoPatron`, `codAnalisis`, `nroIncorrectas`, `nroCorrectas`, `puntajeAdquirido`, `respuestasCoincidentesJSON`, `vectorExamenPostulante`) VALUES
(725, 87, 11, 31, 115.116, '{\"1\":\"A\",\"4\":\"B\",\"5\":\"B\",\"7\":\"B\",\"9\":\"B\",\"10\":\"D\",\"11\":\"B\",\"13\":\"B\",\"18\":\"B\",\"20\":\"A\",\"21\":\"B\",\"23\":\"B\",\"24\":\"B\",\"26\":\"E\",\"29\":\"A\",\"33\":\"A\",\"37\":\"B\",\"40\":\"B\",\"42\":\"B\",\"43\":\"B\",\"47\":\"B\",\"48\":\"B\",\"49\":\"B\",\"50\":\"D\",\"51\":\"C\",\"52\":\"A\",\"53\":\"E\",\"54\":\"B\",\"58\":\"E\",\"60\":\"B\",\"61\":\"E\",\"62\":\"B\",\"64\":\"B\",\"67\":\"B\",\"74\":\"B\",\"80\":\"B\",\"88\":\"B\",\"89\":\"B\",\"90\":\"E\",\"94\":\"B\",\"96\":\"B\",\"97\":\"B\"}', '30274,30275'),
(726, 87, 1, 18, 72.311, '{\"3\":\"B\",\"5\":\"B\",\"6\":\"B\",\"9\":\"B\",\"10\":\"A\",\"14\":\"B\",\"17\":\"B\",\"18\":\"B\",\"20\":\"A\",\"23\":\"B\",\"45\":\"B\",\"47\":\"C\",\"65\":\"B\",\"70\":\"B\",\"71\":\"B\",\"82\":\"B\",\"89\":\"B\",\"90\":\"B\",\"97\":\"B\"}', '30284,30337'),
(727, 87, 0, 16, 65.165, '{\"3\":\"B\",\"4\":\"B\",\"6\":\"B\",\"9\":\"B\",\"10\":\"A\",\"12\":\"B\",\"18\":\"B\",\"19\":\"B\",\"20\":\"A\",\"25\":\"B\",\"28\":\"B\",\"30\":\"B\",\"72\":\"B\",\"80\":\"B\",\"96\":\"B\",\"97\":\"B\"}', '30286,30339'),
(728, 87, 1, 15, 60.083, '{\"1\":\"A\",\"3\":\"B\",\"5\":\"B\",\"8\":\"B\",\"10\":\"A\",\"11\":\"B\",\"26\":\"B\",\"27\":\"B\",\"28\":\"B\",\"37\":\"B\",\"42\":\"B\",\"58\":\"B\",\"85\":\"B\",\"88\":\"B\",\"94\":\"B\",\"99\":\"C\"}', '30292,30336'),
(729, 87, 20, 22, 69.233, '{\"1\":\"A\",\"2\":\"C\",\"3\":\"B\",\"4\":\"B\",\"6\":\"B\",\"11\":\"E\",\"12\":\"B\",\"16\":\"B\",\"17\":\"B\",\"18\":\"B\",\"19\":\"D\",\"21\":\"B\",\"22\":\"B\",\"23\":\"A\",\"24\":\"B\",\"26\":\"C\",\"28\":\"C\",\"29\":\"D\",\"34\":\"E\",\"39\":\"B\",\"42\":\"B\",\"46\":\"E\",\"47\":\"D\",\"48\":\"E\",\"50\":\"A\",\"51\":\"B\",\"52\":\"B\",\"53\":\"B\",\"63\":\"C\",\"68\":\"E\",\"70\":\"B\",\"71\":\"A\",\"74\":\"B\",\"76\":\"D\",\"82\":\"B\",\"85\":\"A\",\"90\":\"B\",\"92\":\"D\",\"94\":\"D\",\"95\":\"B\",\"97\":\"A\",\"99\":\"B\"}', '30299,30300'),
(730, 87, 1, 12, 47.882, '{\"5\":\"B\",\"6\":\"B\",\"8\":\"B\",\"19\":\"B\",\"20\":\"A\",\"45\":\"B\",\"46\":\"B\",\"72\":\"B\",\"75\":\"B\",\"76\":\"B\",\"81\":\"E\",\"84\":\"B\",\"89\":\"B\"}', '30302,30367'),
(731, 87, 4, 9, 32.575, '{\"2\":\"B\",\"4\":\"B\",\"16\":\"B\",\"22\":\"C\",\"23\":\"B\",\"24\":\"B\",\"29\":\"B\",\"30\":\"A\",\"62\":\"E\",\"65\":\"B\",\"69\":\"E\",\"70\":\"B\",\"98\":\"B\"}', '30317,30412');

-- --------------------------------------------------------

--
-- Estructura de tabla para la tabla `modalidad`
--

CREATE TABLE `modalidad` (
  `codModalidad` int(11) NOT NULL,
  `nombre` varchar(200) NOT NULL
) ENGINE=InnoDB DEFAULT CHARSET=utf8mb4;

--
-- Volcado de datos para la tabla `modalidad`
--

INSERT INTO `modalidad` (`codModalidad`, `nombre`) VALUES
(1, 'Ordinario'),
(2, 'Cepunt');

-- --------------------------------------------------------

--
-- Estructura de tabla para la tabla `parametros`
--

CREATE TABLE `parametros` (
  `codParametro` int(11) NOT NULL,
  `campo` varchar(100) NOT NULL,
  `valor` varchar(200) NOT NULL
) ENGINE=InnoDB DEFAULT CHARSET=utf8mb4;

--
-- Volcado de datos para la tabla `parametros`
--

INSERT INTO `parametros` (`codParametro`, `campo`, `valor`) VALUES
(1, 'tasaToleranciaSubida', '0.8'),
(2, 'porcentajeUnificadorGI', '0.15'),
(3, 'porcentajeUnificadorGP', '0.25'),
(4, 'porcentajeUnificadPE', '0.2'),
(5, 'pesoTasaGI', '0.5'),
(6, 'pesoTasaGP', '0.2'),
(7, 'pesoTasaPE', '0.3');

-- --------------------------------------------------------

--
-- Estructura de tabla para la tabla `postulantes_elevados`
--

CREATE TABLE `postulantes_elevados` (
  `codPostulanteElevado` int(11) NOT NULL,
  `porcentajeElevacion` char(18) NOT NULL,
  `puntajeDiferencia` float NOT NULL,
  `codExamenPostulanteAnterior` int(11) NOT NULL,
  `codAnalisis` int(11) NOT NULL,
  `codExamenPostulante` int(11) NOT NULL
) ENGINE=InnoDB DEFAULT CHARSET=utf8mb4;

-- --------------------------------------------------------

--
-- Estructura de tabla para la tabla `pregunta`
--

CREATE TABLE `pregunta` (
  `codPregunta` int(11) NOT NULL,
  `nroPregunta` int(11) NOT NULL,
  `enunciado` varchar(200) NOT NULL,
  `codExamen` int(11) NOT NULL,
  `respuestaCorrecta` char(1) NOT NULL
) ENGINE=InnoDB DEFAULT CHARSET=utf8mb4;

--
-- Volcado de datos para la tabla `pregunta`
--

INSERT INTO `pregunta` (`codPregunta`, `nroPregunta`, `enunciado`, `codExamen`, `respuestaCorrecta`) VALUES
(6175, 1, 'ABC', 1, 'A'),
(6176, 2, 'ESTA ES LA PREGUNTA 2', 1, 'B'),
(6177, 3, 'ASD KADSK K AKS A3 3', 1, 'B'),
(6178, 4, 'ASKD KSA KDSA KK SAD4A', 1, 'B'),
(6179, 5, 'AASAS DDSA KSA KDSA KKSA KD AKDSKA KD A3 SAD LASL SALDSA LDSLA ', 1, 'B'),
(6180, 6, 'AASAS DDSA KSA KDSA KKSA KD AKDSKA KD A3 SAD LASL SALDSA LDSLA LDS ALD SAD', 1, 'B'),
(6181, 7, 'AASAS DDSA KSA KDSA KKSA KD AKDSKA KD A3 SAD LASL SALDSA LDSLA LDS ALD SAD', 1, 'B'),
(6182, 8, 'AASAS DDSA KSA KDSA KKSA KD AKDSKA KD A3 SAD LASL SALDSA LDSLA LDS ALD SAD', 1, 'B'),
(6183, 9, 'AASAS DDSA KSA KDSA KKSA KD AKDSKA KD A3 SAD LASL SALDSA LDSLA LDS ALD SAD', 1, 'B'),
(6184, 10, 'AASAS DDSA KSA KDSA KKSA KD AKDSKA KD A3 SAD LASL SALDSA LDSLA LDS ALD SAD', 1, 'A'),
(6185, 11, 'AASAS DDSA KSA KDSA KKSA KD AKDSKA KD A3 SAD LASL SALDSA LDSLA LDS ALD SAD', 1, 'B'),
(6186, 12, 'AASAS DDSA KSA KDSA KKSA KD AKDSKA KD A3 SAD LASL SALDSA LDSLA LDS ALD SAD', 1, 'B'),
(6187, 13, 'AASAS DDSA KSA KDSA KKSA KD AKDSKA KD A3 SAD LASL SALDSA LDSLA LDS ALD SAD', 1, 'B'),
(6188, 14, 'AASAS DDSA KSA KDSA KKSA KD AKDSKA KD A3 SAD LASL SALDSA LDSLA LDS ALD SAD', 1, 'B'),
(6189, 15, 'AASAS DDSA KSA KDSA KKSA KD AKDSKA KD A3 SAD LASL SALDSA LDSLA LDS ALD SAD', 1, 'B'),
(6190, 16, 'AASAS DDSA KSA KDSA KKSA KD AKDSKA KD A3 SAD LASL SALDSA LDSLA LDS ALD SAD', 1, 'B'),
(6191, 17, 'AASAS DDSA KSA KDSA KKSA KD AKDSKA KD A3 SAD LASL SALDSA LDSLA 17', 1, 'B'),
(6192, 18, 'AASAS DDSA KSA KDSA KKSA KD AKDSKA KD A3 SAD LASL SALDSA LDSLA LDS ALD SAD', 1, 'B'),
(6193, 19, 'AASAS DDSA KSA KDSA KKSA KD AKDSKA KD A3 SAD LASL SALDSA LDSLA LDS ALD SAD', 1, 'B'),
(6194, 20, 'AASAS DDSA KSA KDSA KKSA KD AKDSKA KD A3 SAD LASL SALDSA LDSLA LDS ALD SAD', 1, 'A'),
(6195, 21, 'AASAS DDSA KSA KDSA KKSA KD AKDSKA KD A3 SAD LASL SALDSA LDSLA LDS ALD SAD', 1, 'B'),
(6196, 22, 'AASAS DDSA KSA KDSA KKSA KD AKDSKA KD A3 SAD LASL SALDSA LDSLA LDS ALD SAD', 1, 'B'),
(6197, 23, 'AASAS DDSA KSA KDSA KKSA KD AKDSKA KD A3 SAD LASL SALDSA LDSLA LDS ALD SAD', 1, 'B'),
(6198, 24, 'AASAS DDSA KSA KDSA KKSA KD AKDSKA KD A3 SAD LASL SALDSA LDSLA LDS ALD SAD', 1, 'B'),
(6199, 25, 'AASAS DDSA KSA KDSA KKSA KD AKDSKA KD A3 SAD LASL SALDSA LDSLA LDS ALD SAD', 1, 'B'),
(6200, 26, 'AASAS DDSA KSA KDSA KKSA KD AKDSKA KD A3 SAD LASL SALDSA LDSLA LDS ALD SAD', 1, 'B'),
(6201, 27, 'AASAS DDSA KSA KDSA KKSA KD AKDSKA KD A3 SAD LASL SALDSA LDSLA LDS ALD SAD', 1, 'B'),
(6202, 28, 'AASAS DDSA KSA KDSA KKSA KD AKDSKA KD A3 SAD LASL SALDSA LDSLA LDS ALD SAD', 1, 'B'),
(6203, 29, 'AASAS DDSA KSA KDSA KKSA KD AKDSKA KD A3 SAD LASL SALDSA LDSLA LDS ALD SAD', 1, 'B'),
(6204, 30, 'AASAS DDSA KSA KDSA KKSA KD AKDSKA KD A3 SAD LASL SALDSA LDSLA LDS ALD SAD', 1, 'B'),
(6205, 31, 'AASAS DDSA KSA KDSA KKSA KD AKDSKA KD A3 SAD LASL SALDSA LDSLA LDS ALD SAD', 1, 'B'),
(6206, 32, 'AASAS DDSA KSA KDSA KKSA KD AKDSKA KD A3 SAD LASL SALDSA LDSLA 32', 1, 'B'),
(6207, 33, 'AASAS DDSA KSA KDSA KKSA KD AKDSKA KD A3 SAD LASL SALDSA LDSLA LDS ALD SAD', 1, 'B'),
(6208, 34, 'AASAS DDSA KSA KDSA KKSA KD AKDSKA KD A3 SAD LASL SALDSA LDSLA LDS ALD SAD', 1, 'B'),
(6209, 35, 'AASAS DDSA KSA KDSA KKSA KD AKDSKA KD A3 SAD LASL SALDSA LDSLA LDS ALD SAD', 1, 'B'),
(6210, 36, 'AASAS DDSA KSA KDSA KKSA KD AKDSKA KD A3 SAD LASL SALDSA LDSLA LDS ALD SAD', 1, 'B'),
(6211, 37, 'AASAS DDSA KSA KDSA KKSA KD AKDSKA KD A3 SAD LASL SALDSA LDSLA LDS ALD SAD', 1, 'B'),
(6212, 38, 'AASAS DDSA KSA KDSA KKSA KD AKDSKA KD A3 SAD LASL SALDSA LDSLA LDS ALD SAD', 1, 'B'),
(6213, 39, 'AASAS DDSA KSA KDSA KKSA KD AKDSKA KD A3 SAD LASL SALDSA LDSLA LDS ALD SAD', 1, 'B'),
(6214, 40, 'AASAS DDSA KSA KDSA KKSA KD AKDSKA KD A3 SAD LASL SALDSA LDSLA LDS ALD SAD', 1, 'B'),
(6215, 41, 'AASAS DDSA KSA KDSA KKSA KD AKDSKA KD A3 SAD LASL SALDSA LDSLA LDS ALD SAD', 1, 'B'),
(6216, 42, 'AASAS DDSA KSA KDSA KKSA KD AKDSKA KD A3 SAD LASL SALDSA LDSLA LDS ALD SAD', 1, 'B'),
(6217, 43, 'AASAS DDSA KSA KDSA KKSA KD AKDSKA KD A3 SAD LASL SALDSA LDSLA LDS ALD SAD', 1, 'B'),
(6218, 44, 'AASAS DDSA KSA KDSA KKSA KD AKDSKA KD A3 SAD LASL SALDSA LDSLA LDS ALD SAD', 1, 'B'),
(6219, 45, 'AASAS DDSA KSA KDSA KKSA KD AKDSKA KD A3 SAD LASL SALDSA LDSLA LDS ALD SAD', 1, 'B'),
(6220, 46, 'AASAS DDSA KSA KDSA KKSA KD AKDSKA KD A3 SAD LASL SALDSA LDSLA LDS ALD SAD', 1, 'B'),
(6221, 47, 'AASAS DDSA KSA KDSA KKSA KD AKDSKA KD A3 SAD LASL SALDSA LDSLA LDS ALD SAD', 1, 'B'),
(6222, 48, 'AASAS DDSA KSA KDSA KKSA KD AKDSKA KD A3 SAD LASL SALDSA LDSLA LDS ALD SAD', 1, 'B'),
(6223, 49, 'AASAS DDSA KSA KDSA KKSA KD AKDSKA KD A3 SAD LASL SALDSA LDSLA LDS ALD SAD', 1, 'B'),
(6224, 50, 'AASAS DDSA KSA KDSA KKSA KD AKDSKA KD A3 SAD LASL SALDSA LDSLA LDS ALD SAD', 1, 'B'),
(6225, 51, 'AASAS DDSA KSA KDSA KKSA KD AKDSKA KD A3 SAD LASL SALDSA LDSLA LDS ALD SAD', 1, 'B'),
(6226, 52, 'AASAS DDSA KSA KDSA KKSA KD AKDSKA KD A3 SAD LASL SALDSA LDSLA LDS ALD SAD', 1, 'B'),
(6227, 53, 'AASAS DDSA KSA KDSA KKSA KD AKDSKA KD A3 SAD LASL SALDSA LDSLA LDS ALD SAD', 1, 'B'),
(6228, 54, 'AASAS DDSA KSA KDSA KKSA KD AKDSKA KD A3 SAD LASL SALDSA LDSLA LDS ALD SAD', 1, 'B'),
(6229, 55, 'AASAS DDSA KSA KDSA KKSA KD AKDSKA KD A3 SAD LASL SALDSA LDSLA LDS ALD SAD', 1, 'B'),
(6230, 56, 'AASAS DDSA KSA KDSA KKSA KD AKDSKA KD A3 SAD LASL SALDSA LDSLA LDS ALD SAD', 1, 'B'),
(6231, 57, 'AASAS DDSA KSA KDSA KKSA KD AKDSKA KD A3 SAD LASL SALDSA LDSLA LDS ALD SAD', 1, 'B'),
(6232, 58, 'AASAS DDSA KSA KDSA KKSA KD AKDSKA KD A3 SAD LASL SALDSA LDSLA 58', 1, 'B'),
(6233, 59, 'AASAS DDSA KSA KDSA KKSA KD AKDSKA KD A3 SAD LASL SALDSA LDSLA LDS ALD SAD', 1, 'B'),
(6234, 60, 'AASAS DDSA KSA KDSA KKSA KD AKDSKA KD A3 SAD LASL SALDSA LDSLA LDS ALD SAD', 1, 'B'),
(6235, 61, 'AASAS DDSA KSA KDSA KKSA KD AKDSKA KD A3 SAD LASL SALDSA LDSLA LDS ALD SAD', 1, 'B'),
(6236, 62, 'AASAS DDSA KSA KDSA KKSA KD AKDSKA KD A3 SAD LASL SALDSA LDSLA LDS ALD SAD', 1, 'B'),
(6237, 63, 'AASAS DDSA KSA KDSA KKSA KD AKDSKA KD A3 SAD LASL SALDSA LDSLA LDS ALD SAD', 1, 'B'),
(6238, 64, 'AASAS DDSA KSA KDSA KKSA KD AKDSKA KD A3 SAD LASL SALDSA LDSLA LDS ALD SAD', 1, 'B'),
(6239, 65, 'AASAS DDSA KSA KDSA KKSA KD AKDSKA KD A3 SAD LASL SALDSA LDSLA LDS ALD SAD', 1, 'B'),
(6240, 66, 'AASAS DDSA KSA KDSA KKSA KD AKDSKA KD A3 SAD LASL SALDSA LDSLA LDS ALD SAD', 1, 'B'),
(6241, 67, 'AASAS DDSA KSA KDSA KKSA KD AKDSKA KD A3 SAD LASL SALDSA LDSLA LDS ALD SAD', 1, 'B'),
(6242, 68, 'AASAS DDSA KSA KDSA KKSA KD AKDSKA KD A3 SAD LASL SALDSA LDSLA LDS ALD SAD', 1, 'B'),
(6243, 69, 'AASAS DDSA KSA KDSA KKSA KD AKDSKA KD A3 SAD LASL SALDSA LDSLA LDS ALD SAD', 1, 'B'),
(6244, 70, 'AASAS DDSA KSA KDSA KKSA KD AKDSKA KD A3 SAD LASL SALDSA LDSLA LDS ALD SAD', 1, 'B'),
(6245, 71, 'AASAS DDSA KSA KDSA KKSA KD AKDSKA KD A3 SAD LASL SALDSA LDSLA LDS ALD SAD', 1, 'B'),
(6246, 72, 'AASAS DDSA KSA KDSA KKSA KD AKDSKA KD A3 SAD LASL SALDSA LDSLA LDS ALD SAD', 1, 'B'),
(6247, 73, 'AASAS DDSA KSA KDSA KKSA KD AKDSKA KD A3 SAD LASL SALDSA LDSLA LDS ALD SAD', 1, 'B'),
(6248, 74, 'AASAS DDSA KSA KDSA KKSA KD AKDSKA KD A3 SAD LASL SALDSA LDSLA LDS ALD SAD', 1, 'B'),
(6249, 75, 'AASAS DDSA KSA KDSA KKSA KD AKDSKA KD A3 SAD LASL SALDSA LDSLA LDS ALD SAD', 1, 'B'),
(6250, 76, 'AASAS DDSA KSA KDSA KKSA KD AKDSKA KD A3 SAD LASL SALDSA LDSLA LDS ALD SAD', 1, 'B'),
(6251, 77, 'AASAS DDSA KSA KDSA KKSA KD AKDSKA KD A3 SAD LASL SALDSA LDSLA LDS ALD SAD', 1, 'B'),
(6252, 78, 'AASAS DDSA KSA KDSA KKSA KD AKDSKA KD A3 SAD LASL SALDSA LDSLA LDS ALD SAD', 1, 'B'),
(6253, 79, 'AASAS DDSA KSA KDSA KKSA KD AKDSKA KD A3 SAD LASL SALDSA LDSLA LDS ALD SAD', 1, 'B'),
(6254, 80, 'AASAS DDSA KSA KDSA KKSA KD AKDSKA KD A3 SAD LASL SALDSA LDSLA LDS ALD SAD', 1, 'B'),
(6255, 81, 'AASAS DDSA KSA KDSA KKSA KD AKDSKA KD A3 SAD LASL SALDSA LDSLA LDS ALD SAD', 1, 'B'),
(6256, 82, 'AASAS DDSA KSA KDSA KKSA KD AKDSKA KD A3 SAD LASL SALDSA LDSLA LDS ALD SAD', 1, 'B'),
(6257, 83, 'AASAS DDSA KSA KDSA KKSA KD AKDSKA KD A3 SAD LASL SALDSA LDSLA LDS ALD SAD', 1, 'B'),
(6258, 84, 'AASAS DDSA KSA KDSA KKSA KD AKDSKA KD A3 SAD LASL SALDSA LDSLA LDS ALD SAD', 1, 'B'),
(6259, 85, 'AASAS DDSA KSA KDSA KKSA KD AKDSKA KD A3 SAD LASL SALDSA LDSLA LDS ALD SAD', 1, 'B'),
(6260, 86, 'AASAS DDSA KSA KDSA KKSA KD AKDSKA KD A3 SAD LASL SALDSA LDSLA LDS ALD SAD', 1, 'B'),
(6261, 87, 'AASAS DDSA KSA KDSA KKSA KD AKDSKA KD A3 SAD LASL SALDSA LDSLA LDS ALD SAD', 1, 'B'),
(6262, 88, 'AASAS DDSA KSA KDSA KKSA KD AKDSKA KD A3 SAD LASL SALDSA LDSLA LDS ALD SAD', 1, 'B'),
(6263, 89, 'AASAS DDSA KSA KDSA KKSA KD AKDSKA KD A3 SAD LASL SALDSA LDSLA LDS ALD SAD', 1, 'B'),
(6264, 90, 'AASAS DDSA KSA KDSA KKSA KD AKDSKA KD A3 SAD LASL SALDSA LDSLA LDS ALD SAD', 1, 'B'),
(6265, 91, 'AASAS DDSA KSA KDSA KKSA KD AKDSKA KD A3 SAD LASL SALDSA LDSLA LDS ALD SAD', 1, 'B'),
(6266, 92, 'AASAS DDSA KSA KDSA KKSA KD AKDSKA KD A3 SAD LASL SALDSA LDSLA LDS ALD SAD', 1, 'B'),
(6267, 93, 'AASAS DDSA KSA KDSA KKSA KD AKDSKA KD A3 SAD LASL SALDSA LDSLA LDS ALD SAD', 1, 'B'),
(6268, 94, 'AASAS DDSA KSA KDSA KKSA KD AKDSKA KD A3 SAD LASL SALDSA LDSLA LDS ALD SAD', 1, 'B'),
(6269, 95, 'AASAS DDSA KSA KDSA KKSA KD AKDSKA KD A3 SAD LASL SALDSA LDSLA LDS ALD SAD', 1, 'B'),
(6270, 96, 'AASAS DDSA KSA KDSA KKSA KD AKDSKA KD A3 SAD LASL SALDSA LDSLA LDS ALD SAD', 1, 'B'),
(6271, 97, 'AASAS DDSA KSA KDSA KKSA KD AKDSKA KD A3 SAD LASL SALDSA LDSLA LDS ALD SAD', 1, 'B'),
(6272, 98, 'AASAS DDSA KSA KDSA KKSA KD AKDSKA KD A3 SAD LASL SALDSA LDSLA LDS ALD SAD', 1, 'B'),
(6273, 99, 'AASAS DDSA KSA KDSA KKSA KD AKDSKA KD A3 SAD LASL SALDSA LDSLA LDS ALD SAD', 1, 'B'),
(6274, 100, 'AASAS DDSA KSA KDSA KKSA KD AKDSKA KD A3 SAD LASL SALDSA LD100', 1, 'D'),
(6275, 1, 'ABC', 2, 'A'),
(6276, 2, 'ESTA ES LA PREGUNTA 2', 2, 'B'),
(6277, 3, 'ASD KADSK K AKS A3 3', 2, 'B'),
(6278, 4, 'ASKD KSA KDSA KK SAD4A', 2, 'B'),
(6279, 5, 'AASAS DDSA KSA KDSA KKSA KD AKDSKA KD A3 SAD LASL SALDSA LDSLA LDS ALD SAD', 2, 'B'),
(6280, 6, 'AASAS DDSA KSA KDSA KKSA KD AKDSKA KD A3 SAD LASL SALDSA LDSLA LDS ALD SAD', 2, 'B'),
(6281, 7, 'AASAS DDSA KSA KDSA KKSA KD AKDSKA KD A3 SAD LASL SALDSA LDSLA LDS ALD SAD', 2, 'B'),
(6282, 8, 'AASAS DDSA KSA KDSA KKSA KD AKDSKA KD A3 SAD LASL SALDSA LDSLA LDS ALD SAD', 2, 'B'),
(6283, 9, 'AASAS DDSA KSA KDSA KKSA KD AKDSKA KD A3 SAD LASL SALDSA LDSLA LDS ALD SAD', 2, 'B'),
(6284, 10, 'AASAS DDSA KSA KDSA KKSA KD AKDSKA KD A3 SAD LASL SALDSA LDSLA LDS ALD SAD', 2, 'A'),
(6285, 11, 'AASAS DDSA KSA KDSA KKSA KD AKDSKA KD A3 SAD LASL SALDSA LDSLA LDS ALD SAD', 2, 'B'),
(6286, 12, 'AASAS DDSA KSA KDSA KKSA KD AKDSKA KD A3 SAD LASL SALDSA LDSLA LDS ALD SAD', 2, 'B'),
(6287, 13, 'AASAS DDSA KSA KDSA KKSA KD AKDSKA KD A3 SAD LASL SALDSA LDSLA LDS ALD SAD', 2, 'B'),
(6288, 14, 'AASAS DDSA KSA KDSA KKSA KD AKDSKA KD A3 SAD LASL SALDSA LDSLA LDS ALD SAD', 2, 'B'),
(6289, 15, 'AASAS DDSA KSA KDSA KKSA KD AKDSKA KD A3 SAD LASL SALDSA LDSLA LDS ALD SAD', 2, 'B'),
(6290, 16, 'AASAS DDSA KSA KDSA KKSA KD AKDSKA KD A3 SAD LASL SALDSA LDSLA LDS ALD SAD', 2, 'B'),
(6291, 17, 'AASAS DDSA KSA KDSA KKSA KD AKDSKA KD A3 SAD LASL SALDSA LDSLA 17', 2, 'B'),
(6292, 18, 'AASAS DDSA KSA KDSA KKSA KD AKDSKA KD A3 SAD LASL SALDSA LDSLA LDS ALD SAD', 2, 'B'),
(6293, 19, 'AASAS DDSA KSA KDSA KKSA KD AKDSKA KD A3 SAD LASL SALDSA LDSLA LDS ALD SAD', 2, 'B'),
(6294, 20, 'AASAS DDSA KSA KDSA KKSA KD AKDSKA KD A3 SAD LASL SALDSA LDSLA LDS ALD SAD', 2, 'A'),
(6295, 21, 'AASAS DDSA KSA KDSA KKSA KD AKDSKA KD A3 SAD LASL SALDSA LDSLA LDS ALD SAD', 2, 'B'),
(6296, 22, 'AASAS DDSA KSA KDSA KKSA KD AKDSKA KD A3 SAD LASL SALDSA LDSLA LDS ALD SAD', 2, 'B'),
(6297, 23, 'AASAS DDSA KSA KDSA KKSA KD AKDSKA KD A3 SAD LASL SALDSA LDSLA LDS ALD SAD', 2, 'B'),
(6298, 24, 'AASAS DDSA KSA KDSA KKSA KD AKDSKA KD A3 SAD LASL SALDSA LDSLA LDS ALD SAD', 2, 'B'),
(6299, 25, 'AASAS DDSA KSA KDSA KKSA KD AKDSKA KD A3 SAD LASL SALDSA LDSLA LDS ALD SAD', 2, 'B'),
(6300, 26, 'AASAS DDSA KSA KDSA KKSA KD AKDSKA KD A3 SAD LASL SALDSA LDSLA LDS ALD SAD', 2, 'B'),
(6301, 27, 'AASAS DDSA KSA KDSA KKSA KD AKDSKA KD A3 SAD LASL SALDSA LDSLA LDS ALD SAD', 2, 'B'),
(6302, 28, 'AASAS DDSA KSA KDSA KKSA KD AKDSKA KD A3 SAD LASL SALDSA LDSLA LDS ALD SAD', 2, 'B'),
(6303, 29, 'AASAS DDSA KSA KDSA KKSA KD AKDSKA KD A3 SAD LASL SALDSA LDSLA LDS ALD SAD', 2, 'B'),
(6304, 30, 'AASAS DDSA KSA KDSA KKSA KD AKDSKA KD A3 SAD LASL SALDSA LDSLA LDS ALD SAD', 2, 'B'),
(6305, 31, 'AASAS DDSA KSA KDSA KKSA KD AKDSKA KD A3 SAD LASL SALDSA LDSLA LDS ALD SAD', 2, 'B'),
(6306, 32, 'AASAS DDSA KSA KDSA KKSA KD AKDSKA KD A3 SAD LASL SALDSA LDSLA 32', 2, 'B'),
(6307, 33, 'AASAS DDSA KSA KDSA KKSA KD AKDSKA KD A3 SAD LASL SALDSA LDSLA LDS ALD SAD', 2, 'B'),
(6308, 34, 'AASAS DDSA KSA KDSA KKSA KD AKDSKA KD A3 SAD LASL SALDSA LDSLA LDS ALD SAD', 2, 'B'),
(6309, 35, 'AASAS DDSA KSA KDSA KKSA KD AKDSKA KD A3 SAD LASL SALDSA LDSLA LDS ALD SAD', 2, 'B'),
(6310, 36, 'AASAS DDSA KSA KDSA KKSA KD AKDSKA KD A3 SAD LASL SALDSA LDSLA LDS ALD SAD', 2, 'B'),
(6311, 37, 'AASAS DDSA KSA KDSA KKSA KD AKDSKA KD A3 SAD LASL SALDSA LDSLA LDS ALD SAD', 2, 'B'),
(6312, 38, 'AASAS DDSA KSA KDSA KKSA KD AKDSKA KD A3 SAD LASL SALDSA LDSLA LDS ALD SAD', 2, 'B'),
(6313, 39, 'AASAS DDSA KSA KDSA KKSA KD AKDSKA KD A3 SAD LASL SALDSA LDSLA LDS ALD SAD', 2, 'B'),
(6314, 40, 'AASAS DDSA KSA KDSA KKSA KD AKDSKA KD A3 SAD LASL SALDSA LDSLA LDS ALD SAD', 2, 'B'),
(6315, 41, 'AASAS DDSA KSA KDSA KKSA KD AKDSKA KD A3 SAD LASL SALDSA LDSLA LDS ALD SAD', 2, 'B'),
(6316, 42, 'AASAS DDSA KSA KDSA KKSA KD AKDSKA KD A3 SAD LASL SALDSA LDSLA LDS ALD SAD', 2, 'B'),
(6317, 43, 'AASAS DDSA KSA KDSA KKSA KD AKDSKA KD A3 SAD LASL SALDSA LDSLA LDS ALD SAD', 2, 'B'),
(6318, 44, 'AASAS DDSA KSA KDSA KKSA KD AKDSKA KD A3 SAD LASL SALDSA LDSLA LDS ALD SAD', 2, 'B'),
(6319, 45, 'AASAS DDSA KSA KDSA KKSA KD AKDSKA KD A3 SAD LASL SALDSA LDSLA LDS ALD SAD', 2, 'B'),
(6320, 46, 'AASAS DDSA KSA KDSA KKSA KD AKDSKA KD A3 SAD LASL SALDSA LDSLA LDS ALD SAD', 2, 'B'),
(6321, 47, 'AASAS DDSA KSA KDSA KKSA KD AKDSKA KD A3 SAD LASL SALDSA LDSLA LDS ALD SAD', 2, 'B'),
(6322, 48, 'AASAS DDSA KSA KDSA KKSA KD AKDSKA KD A3 SAD LASL SALDSA LDSLA LDS ALD SAD', 2, 'B'),
(6323, 49, 'AASAS DDSA KSA KDSA KKSA KD AKDSKA KD A3 SAD LASL SALDSA LDSLA LDS ALD SAD', 2, 'B'),
(6324, 50, 'AASAS DDSA KSA KDSA KKSA KD AKDSKA KD A3 SAD LASL SALDSA LDSLA LDS ALD SAD', 2, 'B'),
(6325, 51, 'AASAS DDSA KSA KDSA KKSA KD AKDSKA KD A3 SAD LASL SALDSA LDSLA LDS ALD SAD', 2, 'B'),
(6326, 52, 'AASAS DDSA KSA KDSA KKSA KD AKDSKA KD A3 SAD LASL SALDSA LDSLA LDS ALD SAD', 2, 'B'),
(6327, 53, 'AASAS DDSA KSA KDSA KKSA KD AKDSKA KD A3 SAD LASL SALDSA LDSLA LDS ALD SAD', 2, 'B'),
(6328, 54, 'AASAS DDSA KSA KDSA KKSA KD AKDSKA KD A3 SAD LASL SALDSA LDSLA LDS ALD SAD', 2, 'B'),
(6329, 55, 'AASAS DDSA KSA KDSA KKSA KD AKDSKA KD A3 SAD LASL SALDSA LDSLA LDS ALD SAD', 2, 'B'),
(6330, 56, 'AASAS DDSA KSA KDSA KKSA KD AKDSKA KD A3 SAD LASL SALDSA LDSLA LDS ALD SAD', 2, 'B'),
(6331, 57, 'AASAS DDSA KSA KDSA KKSA KD AKDSKA KD A3 SAD LASL SALDSA LDSLA LDS ALD SAD', 2, 'B'),
(6332, 58, 'AASAS DDSA KSA KDSA KKSA KD AKDSKA KD A3 SAD LASL SALDSA LDSLA 58', 2, 'B'),
(6333, 59, 'AASAS DDSA KSA KDSA KKSA KD AKDSKA KD A3 SAD LASL SALDSA LDSLA LDS ALD SAD', 2, 'B'),
(6334, 60, 'AASAS DDSA KSA KDSA KKSA KD AKDSKA KD A3 SAD LASL SALDSA LDSLA LDS ALD SAD', 2, 'B'),
(6335, 61, 'AASAS DDSA KSA KDSA KKSA KD AKDSKA KD A3 SAD LASL SALDSA LDSLA LDS ALD SAD', 2, 'B'),
(6336, 62, 'AASAS DDSA KSA KDSA KKSA KD AKDSKA KD A3 SAD LASL SALDSA LDSLA LDS ALD SAD', 2, 'B'),
(6337, 63, 'AASAS DDSA KSA KDSA KKSA KD AKDSKA KD A3 SAD LASL SALDSA LDSLA LDS ALD SAD', 2, 'B'),
(6338, 64, 'AASAS DDSA KSA KDSA KKSA KD AKDSKA KD A3 SAD LASL SALDSA LDSLA LDS ALD SAD', 2, 'B'),
(6339, 65, 'AASAS DDSA KSA KDSA KKSA KD AKDSKA KD A3 SAD LASL SALDSA LDSLA LDS ALD SAD', 2, 'B'),
(6340, 66, 'AASAS DDSA KSA KDSA KKSA KD AKDSKA KD A3 SAD LASL SALDSA LDSLA LDS ALD SAD', 2, 'B'),
(6341, 67, 'AASAS DDSA KSA KDSA KKSA KD AKDSKA KD A3 SAD LASL SALDSA LDSLA LDS ALD SAD', 2, 'B'),
(6342, 68, 'AASAS DDSA KSA KDSA KKSA KD AKDSKA KD A3 SAD LASL SALDSA LDSLA LDS ALD SAD', 2, 'B'),
(6343, 69, 'AASAS DDSA KSA KDSA KKSA KD AKDSKA KD A3 SAD LASL SALDSA LDSLA LDS ALD SAD', 2, 'B'),
(6344, 70, 'AASAS DDSA KSA KDSA KKSA KD AKDSKA KD A3 SAD LASL SALDSA LDSLA LDS ALD SAD', 2, 'B'),
(6345, 71, 'AASAS DDSA KSA KDSA KKSA KD AKDSKA KD A3 SAD LASL SALDSA LDSLA LDS ALD SAD', 2, 'B'),
(6346, 72, 'AASAS DDSA KSA KDSA KKSA KD AKDSKA KD A3 SAD LASL SALDSA LDSLA LDS ALD SAD', 2, 'B'),
(6347, 73, 'AASAS DDSA KSA KDSA KKSA KD AKDSKA KD A3 SAD LASL SALDSA LDSLA LDS ALD SAD', 2, 'B'),
(6348, 74, 'AASAS DDSA KSA KDSA KKSA KD AKDSKA KD A3 SAD LASL SALDSA LDSLA LDS ALD SAD', 2, 'B'),
(6349, 75, 'AASAS DDSA KSA KDSA KKSA KD AKDSKA KD A3 SAD LASL SALDSA LDSLA LDS ALD SAD', 2, 'B'),
(6350, 76, 'AASAS DDSA KSA KDSA KKSA KD AKDSKA KD A3 SAD LASL SALDSA LDSLA LDS ALD SAD', 2, 'B'),
(6351, 77, 'AASAS DDSA KSA KDSA KKSA KD AKDSKA KD A3 SAD LASL SALDSA LDSLA LDS ALD SAD', 2, 'B'),
(6352, 78, 'AASAS DDSA KSA KDSA KKSA KD AKDSKA KD A3 SAD LASL SALDSA LDSLA LDS ALD SAD', 2, 'B'),
(6353, 79, 'AASAS DDSA KSA KDSA KKSA KD AKDSKA KD A3 SAD LASL SALDSA LDSLA LDS ALD SAD', 2, 'B'),
(6354, 80, 'AASAS DDSA KSA KDSA KKSA KD AKDSKA KD A3 SAD LASL SALDSA LDSLA LDS ALD SAD', 2, 'B'),
(6355, 81, 'AASAS DDSA KSA KDSA KKSA KD AKDSKA KD A3 SAD LASL SALDSA LDSLA LDS ALD SAD', 2, 'B'),
(6356, 82, 'AASAS DDSA KSA KDSA KKSA KD AKDSKA KD A3 SAD LASL SALDSA LDSLA LDS ALD SAD', 2, 'B'),
(6357, 83, 'AASAS DDSA KSA KDSA KKSA KD AKDSKA KD A3 SAD LASL SALDSA LDSLA LDS ALD SAD', 2, 'B'),
(6358, 84, 'AASAS DDSA KSA KDSA KKSA KD AKDSKA KD A3 SAD LASL SALDSA LDSLA LDS ALD SAD', 2, 'B'),
(6359, 85, 'AASAS DDSA KSA KDSA KKSA KD AKDSKA KD A3 SAD LASL SALDSA LDSLA LDS ALD SAD', 2, 'B'),
(6360, 86, 'AASAS DDSA KSA KDSA KKSA KD AKDSKA KD A3 SAD LASL SALDSA LDSLA LDS ALD SAD', 2, 'B'),
(6361, 87, 'AASAS DDSA KSA KDSA KKSA KD AKDSKA KD A3 SAD LASL SALDSA LDSLA LDS ALD SAD', 2, 'B'),
(6362, 88, 'AASAS DDSA KSA KDSA KKSA KD AKDSKA KD A3 SAD LASL SALDSA LDSLA LDS ALD SAD', 2, 'B'),
(6363, 89, 'AASAS DDSA KSA KDSA KKSA KD AKDSKA KD A3 SAD LASL SALDSA LDSLA LDS ALD SAD', 2, 'B'),
(6364, 90, 'AASAS DDSA KSA KDSA KKSA KD AKDSKA KD A3 SAD LASL SALDSA LDSLA LDS ALD SAD', 2, 'B'),
(6365, 91, 'AASAS DDSA KSA KDSA KKSA KD AKDSKA KD A3 SAD LASL SALDSA LDSLA LDS ALD SAD', 2, 'B'),
(6366, 92, 'AASAS DDSA KSA KDSA KKSA KD AKDSKA KD A3 SAD LASL SALDSA LDSLA LDS ALD SAD', 2, 'B'),
(6367, 93, 'AASAS DDSA KSA KDSA KKSA KD AKDSKA KD A3 SAD LASL SALDSA LDSLA LDS ALD SAD', 2, 'B'),
(6368, 94, 'AASAS DDSA KSA KDSA KKSA KD AKDSKA KD A3 SAD LASL SALDSA LDSLA LDS ALD SAD', 2, 'B'),
(6369, 95, 'AASAS DDSA KSA KDSA KKSA KD AKDSKA KD A3 SAD LASL SALDSA LDSLA LDS ALD SAD', 2, 'B'),
(6370, 96, 'AASAS DDSA KSA KDSA KKSA KD AKDSKA KD A3 SAD LASL SALDSA LDSLA LDS ALD SAD', 2, 'B'),
(6371, 97, 'AASAS DDSA KSA KDSA KKSA KD AKDSKA KD A3 SAD LASL SALDSA LDSLA LDS ALD SAD', 2, 'B'),
(6372, 98, 'AASAS DDSA KSA KDSA KKSA KD AKDSKA KD A3 SAD LASL SALDSA LDSLA LDS ALD SAD', 2, 'B'),
(6373, 99, 'AASAS DDSA KSA KDSA KKSA KD AKDSKA KD A3 SAD LASL SALDSA LDSLA LDS ALD SAD', 2, 'B'),
(6374, 100, 'AASAS DDSA KSA KDSA KKSA KD AKDSKA KD A3 SAD LASL SALDSA LD100', 2, 'D');

-- --------------------------------------------------------

--
-- Estructura de tabla para la tabla `sede`
--

CREATE TABLE `sede` (
  `codSede` int(11) NOT NULL,
  `nombre` varchar(70) NOT NULL
) ENGINE=InnoDB DEFAULT CHARSET=utf8mb4;

--
-- Volcado de datos para la tabla `sede`
--

INSERT INTO `sede` (`codSede`, `nombre`) VALUES
(4, 'Trujillo'),
(5, 'Huamachuco');

-- --------------------------------------------------------

--
-- Estructura de tabla para la tabla `tasa`
--

CREATE TABLE `tasa` (
  `codTasa` int(11) NOT NULL,
  `valorMinimo` float NOT NULL,
  `valorMaximo` float NOT NULL,
  `valorTasa` float NOT NULL
) ENGINE=InnoDB DEFAULT CHARSET=utf8mb4;

--
-- Volcado de datos para la tabla `tasa`
--

INSERT INTO `tasa` (`codTasa`, `valorMinimo`, `valorMaximo`, `valorTasa`) VALUES
(1, 0, 50, 0.45),
(2, 50, 100, 0.5),
(7, 100, 150, 0.55),
(8, 150, 200, 0.6),
(9, 200, 250, 0.65),
(10, 250, 300, 0.7);

-- --------------------------------------------------------

--
-- Estructura de tabla para la tabla `tipo_actor`
--

CREATE TABLE `tipo_actor` (
  `codTipoActor` int(11) NOT NULL,
  `nombre` varchar(100) NOT NULL
) ENGINE=InnoDB DEFAULT CHARSET=utf8mb4;

--
-- Volcado de datos para la tabla `tipo_actor`
--

INSERT INTO `tipo_actor` (`codTipoActor`, `nombre`) VALUES
(1, 'Postulante'),
(2, 'Consejo Universitario');

-- --------------------------------------------------------

--
-- Estructura de tabla para la tabla `usuario`
--

CREATE TABLE `usuario` (
  `codUsuario` int(11) NOT NULL,
  `usuario` varchar(50) NOT NULL,
  `contraseña` varchar(200) NOT NULL,
  `password` varchar(200) NOT NULL
) ENGINE=InnoDB DEFAULT CHARSET=utf8mb4;

--
-- Volcado de datos para la tabla `usuario`
--

INSERT INTO `usuario` (`codUsuario`, `usuario`, `contraseña`, `password`) VALUES
(26061, 'CONSEJO', '', '$2y$10$92IXUNpkjO0rOQ5byMi.Ye4oKoEa3Ro9llC/.og/at2.uheWG/igi'),
(28780, 'LUCANO 2468', '123', '123'),
(28781, 'REAÑO T9156', '123', '123'),
(28782, 'FERNAND2505', '123', '123'),
(28783, 'MURILLO2097', '123', '123'),
(28784, 'GARCIA 9873', '123', '123'),
(28785, 'CUEVA E2427', '123', '123'),
(28786, 'POEMAPE8717', '123', '123'),
(28787, 'RODAS C4314', '123', '123'),
(28788, 'BORDA R1838', '123', '123'),
(28789, 'PINTO A9435', '123', '123'),
(28790, 'RODRIGU7396', '123', '123'),
(28791, 'BALAREZ5550', '123', '123'),
(28792, 'CHAMAY 7748', '123', '123'),
(28793, 'OLIVERA5940', '123', '123'),
(28794, 'CRUZ HE3537', '123', '123'),
(28795, 'SALAZAR9533', '123', '123'),
(28796, 'ILDEFON4792', '123', '123'),
(28797, 'PACHECO8362', '123', '123'),
(28798, 'ARAUJO 5024', '123', '123'),
(28799, 'SALVADO4860', '123', '123'),
(28800, 'BARAHON4172', '123', '123'),
(28801, 'CARRASC1511', '123', '123'),
(28802, 'BAZAN C4837', '123', '123'),
(28803, 'SILVA C9356', '123', '123'),
(28804, 'RAMOS M6823', '123', '123'),
(28805, 'MENDEZ 2545', '123', '123'),
(28806, 'CRUZADO6473', '123', '123'),
(28807, 'MALCA S9127', '123', '123'),
(28808, 'GONZALE3600', '123', '123'),
(28809, 'FLORES 4876', '123', '123'),
(28810, 'REYES R6550', '123', '123'),
(28811, 'CAMPOS 2931', '123', '123'),
(28812, 'ESCOBAR9611', '123', '123'),
(28813, 'HOYOS C6821', '123', '123'),
(28814, 'LEON YN7970', '123', '123'),
(28815, 'AGUILAR7006', '123', '123'),
(28816, 'GODOY P4776', '123', '123'),
(28817, 'REYES P4691', '123', '123'),
(28818, 'VILCHEZ6967', '123', '123'),
(28819, 'LLENQUE2528', '123', '123'),
(28820, 'AGRAMON7424', '123', '123'),
(28821, 'ARANDA 3805', '123', '123'),
(28822, 'VEGA AL7260', '123', '123'),
(28823, 'JARA FI8450', '123', '123'),
(28824, 'MENDOZA7250', '123', '123'),
(28825, 'HERNAND9457', '123', '123'),
(28826, 'SAGAL C2974', '123', '123'),
(28827, 'ROQUE R1440', '123', '123'),
(28828, 'MENDOZA8300', '123', '123'),
(28829, 'CULQUE 8721', '123', '123'),
(28830, 'BACA SA8921', '123', '123'),
(28831, 'CUEVA H7012', '123', '123'),
(28832, 'HUAMAN 9963', '123', '123'),
(28833, 'FERNAND3420', '123', '123'),
(28834, 'PAREDES4506', '123', '123'),
(28835, 'RODRIGU1694', '123', '123'),
(28836, 'HERNAND3926', '123', '123'),
(28837, 'TIRADO 5338', '123', '123'),
(28838, 'HERNAND9892', '123', '123'),
(28839, 'LOPEZ N6335', '123', '123'),
(28840, 'NUREÑA 5637', '123', '123'),
(28841, 'GRANDEZ9502', '123', '123'),
(28842, 'PEREA A3378', '123', '123'),
(28843, 'MOSTACE2651', '123', '123'),
(28844, 'DIAZ RU9427', '123', '123'),
(28845, 'VASQUEZ8315', '123', '123'),
(28846, 'TORRES 5712', '123', '123'),
(28847, 'LEON AS9443', '123', '123'),
(28848, 'RUIZ DE8645', '123', '123'),
(28849, 'CHAVEZ 3378', '123', '123'),
(28850, 'HUAMAN 3916', '123', '123'),
(28851, 'NUÑEZ L2569', '123', '123'),
(28852, 'CORTIJO6406', '123', '123'),
(28853, 'RUIZ VE9862', '123', '123'),
(28854, 'AREVALO4840', '123', '123'),
(28855, 'GUTIERR4409', '123', '123'),
(28856, 'MOSQUER2767', '123', '123'),
(28857, 'BELTRAN1835', '123', '123'),
(28858, 'CULQUIT5808', '123', '123'),
(28859, 'ANGEL J6289', '123', '123'),
(28860, 'VALDERR4894', '123', '123'),
(28861, 'TUESTA 8493', '123', '123'),
(28862, 'GARGURE5905', '123', '123'),
(28863, 'SEGURA 2742', '123', '123'),
(28864, 'SALAZAR5186', '123', '123'),
(28865, 'DE LA C7959', '123', '123'),
(28866, 'VASQUEZ6533', '123', '123'),
(28867, 'BALLENA3899', '123', '123'),
(28868, 'MARQUEZ8874', '123', '123'),
(28869, 'SUAREZ 3882', '123', '123'),
(28870, 'ESPINOZ2634', '123', '123'),
(28871, 'QUISPE 1284', '123', '123'),
(28872, 'NIETO V4645', '123', '123'),
(28873, 'CHOLAN 9109', '123', '123'),
(28874, 'GONZALE2975', '123', '123'),
(28875, 'MORAN J9390', '123', '123'),
(28876, 'MARKY Z1259', '123', '123'),
(28877, 'DEZA VI8259', '123', '123'),
(28878, 'LUJAN R7251', '123', '123'),
(28879, 'ANGULO 3445', '123', '123'),
(28880, 'ZUÑIGA 1697', '123', '123'),
(28881, 'GAMBOA 1444', '123', '123'),
(28882, 'CANCINO9019', '123', '123'),
(28883, 'RODRIGU2363', '123', '123'),
(28884, 'RIOS JU6197', '123', '123'),
(28885, 'SOLANO 8002', '123', '123'),
(28886, 'ROMERO 7364', '123', '123'),
(28887, 'MOSTACE4542', '123', '123'),
(28888, 'LEYVA G2133', '123', '123'),
(28889, 'CAMPERO9015', '123', '123'),
(28890, 'VASQUEZ3170', '123', '123'),
(28891, 'SANCHEZ7556', '123', '123'),
(28892, 'GASTELO9790', '123', '123'),
(28893, 'PEREZ Y4317', '123', '123'),
(28894, 'RAMÍREZ5236', '123', '123'),
(28895, 'LEON GA6475', '123', '123'),
(28896, 'SAAVEDR7664', '123', '123'),
(28897, 'BRICEÑO5233', '123', '123'),
(28898, 'CASTILL3940', '123', '123'),
(28899, 'TERRONE1397', '123', '123'),
(28900, 'HILARIO3551', '123', '123'),
(28901, 'DE LA C4863', '123', '123'),
(28902, 'TORRES 6545', '123', '123'),
(28903, 'ZAPATA 4414', '123', '123'),
(28904, 'AGUILAR7073', '123', '123'),
(28905, 'QUIÑONE7428', '123', '123'),
(28906, 'CARRION9146', '123', '123'),
(28907, 'FLORENT1921', '123', '123'),
(28908, 'GARCIA 2707', '123', '123'),
(28909, 'DÍAZ MU9647', '123', '123'),
(28910, 'HUERTA 6059', '123', '123'),
(28911, 'CRUZ GU2575', '123', '123'),
(28912, 'RODRIGU3241', '123', '123'),
(28913, 'ALVARAD7143', '123', '123'),
(28914, 'VIDAL V8141', '123', '123'),
(28915, 'CORTEZ 7046', '123', '123'),
(28916, 'DÍAZ CA7164', '123', '123'),
(28917, 'VILLARR3063', '123', '123'),
(28918, 'CARRANZ6772', '123', '123'),
(28919, 'HARO AV8966', '123', '123'),
(28920, 'SEVILLA2260', '123', '123'),
(28921, 'RODRIGU6655', '123', '123'),
(28922, 'CESPEDE3034', '123', '123'),
(28923, 'VASQUEZ5796', '123', '123'),
(28924, 'CRUZ DO1070', '123', '123'),
(28925, 'RODRIGU8449', '123', '123'),
(28926, 'VASQUEZ3867', '123', '123'),
(28927, 'ROSALES7053', '123', '123'),
(28928, 'IMAMURA9373', '123', '123'),
(28929, 'HILARIO4671', '123', '123'),
(28930, 'MEZA RU4826', '123', '123');

--
-- Índices para tablas volcadas
--

--
-- Indices de la tabla `actor`
--
ALTER TABLE `actor`
  ADD PRIMARY KEY (`codActor`);

--
-- Indices de la tabla `analisis_examen`
--
ALTER TABLE `analisis_examen`
  ADD PRIMARY KEY (`codAnalisis`);

--
-- Indices de la tabla `area`
--
ALTER TABLE `area`
  ADD PRIMARY KEY (`codArea`);

--
-- Indices de la tabla `carrera`
--
ALTER TABLE `carrera`
  ADD PRIMARY KEY (`codCarrera`);

--
-- Indices de la tabla `carrera_examen`
--
ALTER TABLE `carrera_examen`
  ADD PRIMARY KEY (`codCarreraExamen`);

--
-- Indices de la tabla `condicion_postulacion`
--
ALTER TABLE `condicion_postulacion`
  ADD PRIMARY KEY (`codCondicion`);

--
-- Indices de la tabla `estado_examen`
--
ALTER TABLE `estado_examen`
  ADD PRIMARY KEY (`codEstado`);

--
-- Indices de la tabla `examen`
--
ALTER TABLE `examen`
  ADD PRIMARY KEY (`codExamen`);

--
-- Indices de la tabla `examen_postulante`
--
ALTER TABLE `examen_postulante`
  ADD PRIMARY KEY (`codExamenPostulante`);

--
-- Indices de la tabla `facultad`
--
ALTER TABLE `facultad`
  ADD PRIMARY KEY (`codFacultad`);

--
-- Indices de la tabla `grupo_iguales`
--
ALTER TABLE `grupo_iguales`
  ADD PRIMARY KEY (`codGrupo`);

--
-- Indices de la tabla `grupo_patron`
--
ALTER TABLE `grupo_patron`
  ADD PRIMARY KEY (`codGrupoPatron`);

--
-- Indices de la tabla `modalidad`
--
ALTER TABLE `modalidad`
  ADD PRIMARY KEY (`codModalidad`);

--
-- Indices de la tabla `parametros`
--
ALTER TABLE `parametros`
  ADD PRIMARY KEY (`codParametro`);

--
-- Indices de la tabla `postulantes_elevados`
--
ALTER TABLE `postulantes_elevados`
  ADD PRIMARY KEY (`codPostulanteElevado`);

--
-- Indices de la tabla `pregunta`
--
ALTER TABLE `pregunta`
  ADD PRIMARY KEY (`codPregunta`);

--
-- Indices de la tabla `sede`
--
ALTER TABLE `sede`
  ADD PRIMARY KEY (`codSede`);

--
-- Indices de la tabla `tasa`
--
ALTER TABLE `tasa`
  ADD PRIMARY KEY (`codTasa`);

--
-- Indices de la tabla `tipo_actor`
--
ALTER TABLE `tipo_actor`
  ADD PRIMARY KEY (`codTipoActor`);

--
-- Indices de la tabla `usuario`
--
ALTER TABLE `usuario`
  ADD PRIMARY KEY (`codUsuario`);

--
-- AUTO_INCREMENT de las tablas volcadas
--

--
-- AUTO_INCREMENT de la tabla `actor`
--
ALTER TABLE `actor`
  MODIFY `codActor` int(11) NOT NULL AUTO_INCREMENT, AUTO_INCREMENT=28915;

--
-- AUTO_INCREMENT de la tabla `analisis_examen`
--
ALTER TABLE `analisis_examen`
  MODIFY `codAnalisis` int(11) NOT NULL AUTO_INCREMENT, AUTO_INCREMENT=88;

--
-- AUTO_INCREMENT de la tabla `area`
--
ALTER TABLE `area`
  MODIFY `codArea` int(11) NOT NULL AUTO_INCREMENT, AUTO_INCREMENT=5;

--
-- AUTO_INCREMENT de la tabla `carrera`
--
ALTER TABLE `carrera`
  MODIFY `codCarrera` int(11) NOT NULL AUTO_INCREMENT, AUTO_INCREMENT=11;

--
-- AUTO_INCREMENT de la tabla `carrera_examen`
--
ALTER TABLE `carrera_examen`
  MODIFY `codCarreraExamen` int(11) NOT NULL AUTO_INCREMENT, AUTO_INCREMENT=11;

--
-- AUTO_INCREMENT de la tabla `condicion_postulacion`
--
ALTER TABLE `condicion_postulacion`
  MODIFY `codCondicion` int(11) NOT NULL AUTO_INCREMENT, AUTO_INCREMENT=5;

--
-- AUTO_INCREMENT de la tabla `estado_examen`
--
ALTER TABLE `estado_examen`
  MODIFY `codEstado` int(11) NOT NULL AUTO_INCREMENT, AUTO_INCREMENT=9;

--
-- AUTO_INCREMENT de la tabla `examen`
--
ALTER TABLE `examen`
  MODIFY `codExamen` int(11) NOT NULL AUTO_INCREMENT, AUTO_INCREMENT=5;

--
-- AUTO_INCREMENT de la tabla `examen_postulante`
--
ALTER TABLE `examen_postulante`
  MODIFY `codExamenPostulante` int(11) NOT NULL AUTO_INCREMENT, AUTO_INCREMENT=30570;

--
-- AUTO_INCREMENT de la tabla `facultad`
--
ALTER TABLE `facultad`
  MODIFY `codFacultad` int(11) NOT NULL AUTO_INCREMENT, AUTO_INCREMENT=12;

--
-- AUTO_INCREMENT de la tabla `grupo_iguales`
--
ALTER TABLE `grupo_iguales`
  MODIFY `codGrupo` int(11) NOT NULL AUTO_INCREMENT, AUTO_INCREMENT=276;

--
-- AUTO_INCREMENT de la tabla `grupo_patron`
--
ALTER TABLE `grupo_patron`
  MODIFY `codGrupoPatron` int(11) NOT NULL AUTO_INCREMENT, AUTO_INCREMENT=732;

--
-- AUTO_INCREMENT de la tabla `modalidad`
--
ALTER TABLE `modalidad`
  MODIFY `codModalidad` int(11) NOT NULL AUTO_INCREMENT, AUTO_INCREMENT=8;

--
-- AUTO_INCREMENT de la tabla `parametros`
--
ALTER TABLE `parametros`
  MODIFY `codParametro` int(11) NOT NULL AUTO_INCREMENT, AUTO_INCREMENT=8;

--
-- AUTO_INCREMENT de la tabla `postulantes_elevados`
--
ALTER TABLE `postulantes_elevados`
  MODIFY `codPostulanteElevado` int(11) NOT NULL AUTO_INCREMENT, AUTO_INCREMENT=13;

--
-- AUTO_INCREMENT de la tabla `pregunta`
--
ALTER TABLE `pregunta`
  MODIFY `codPregunta` int(11) NOT NULL AUTO_INCREMENT, AUTO_INCREMENT=6375;

--
-- AUTO_INCREMENT de la tabla `sede`
--
ALTER TABLE `sede`
  MODIFY `codSede` int(11) NOT NULL AUTO_INCREMENT, AUTO_INCREMENT=6;

--
-- AUTO_INCREMENT de la tabla `tasa`
--
ALTER TABLE `tasa`
  MODIFY `codTasa` int(11) NOT NULL AUTO_INCREMENT, AUTO_INCREMENT=16;

--
-- AUTO_INCREMENT de la tabla `tipo_actor`
--
ALTER TABLE `tipo_actor`
  MODIFY `codTipoActor` int(11) NOT NULL AUTO_INCREMENT, AUTO_INCREMENT=3;

--
-- AUTO_INCREMENT de la tabla `usuario`
--
ALTER TABLE `usuario`
  MODIFY `codUsuario` int(11) NOT NULL AUTO_INCREMENT, AUTO_INCREMENT=28931;
COMMIT;

/*!40101 SET CHARACTER_SET_CLIENT=@OLD_CHARACTER_SET_CLIENT */;
/*!40101 SET CHARACTER_SET_RESULTS=@OLD_CHARACTER_SET_RESULTS */;
/*!40101 SET COLLATION_CONNECTION=@OLD_COLLATION_CONNECTION */;
