-- phpMyAdmin SQL Dump
-- version 5.0.2
-- https://www.phpmyadmin.net/
--
-- Servidor: 127.0.0.1
-- Tiempo de generación: 05-08-2021 a las 08:07:05
-- Versión del servidor: 5.7.32-log
-- Versión de PHP: 7.4.10

SET SQL_MODE = "NO_AUTO_VALUE_ON_ZERO";
START TRANSACTION;
SET time_zone = "+00:00";


/*!40101 SET @OLD_CHARACTER_SET_CLIENT=@@CHARACTER_SET_CLIENT */;
/*!40101 SET @OLD_CHARACTER_SET_RESULTS=@@CHARACTER_SET_RESULTS */;
/*!40101 SET @OLD_COLLATION_CONNECTION=@@COLLATION_CONNECTION */;
/*!40101 SET NAMES utf8mb4 */;

--
-- Base de datos: `sidiraunt`
--

-- --------------------------------------------------------

--
-- Estructura de tabla para la tabla `actor`
--

CREATE TABLE `actor` (
  `codActor` int(11) NOT NULL,
  `apellidosYnombres` varchar(500) NOT NULL,
  `codUsuario` int(11) NOT NULL,
  `codTipoActor` int(11) NOT NULL
) ENGINE=InnoDB DEFAULT CHARSET=utf8mb4;

--
-- Volcado de datos para la tabla `actor`
--

INSERT INTO `actor` (`codActor`, `apellidosYnombres`, `codUsuario`, `codTipoActor`) VALUES
(26045, 'CONSEJO UNIVERSITARIO', 26061, 2),
(28009, 'LUCANO NIEVES DANIEL HANANI JOED', 28025, 1),
(28010, 'REAÑO TORRES JUAN ANSELMO', 28026, 1),
(28011, 'FERNANDEZ GUEVARA JOHN DE JESUS', 28027, 1),
(28012, 'MURILLO LOZANO DIEGO ARON', 28028, 1),
(28013, 'GARCIA CRUZ STEVEN ALEXANDER', 28029, 1),
(28014, 'CUEVA ESCOBEDO JENNIFER ARELI', 28030, 1),
(28015, 'POEMAPE GARCIA JOSEPH ANTONIO', 28031, 1),
(28016, 'RODAS CASTILLO ANTHONELLA NATALY', 28032, 1),
(28017, 'BORDA RIVEROS LISBETH DAYSI', 28033, 1),
(28018, 'PINTO ALVA NICOLE KAORI', 28034, 1),
(28019, 'RODRIGUEZ ARTEAGA PIERO ALEXANDER', 28035, 1),
(28020, 'BALAREZO LUNA YAMELY ESMERALDA', 28036, 1),
(28021, 'CHAMAY ARZABE FRANK JHORDAN', 28037, 1),
(28022, 'OLIVERA ESPINOZA MIRELLA LISSETH', 28038, 1),
(28023, 'CRUZ HENRIQUEZ GEORGINA ANAIS', 28039, 1),
(28024, 'SALAZAR MARIN ISABAUT GIULIANA', 28040, 1),
(28025, 'ILDEFONSO ALVARADO PABLO ALBERTH', 28041, 1),
(28026, 'PACHECO ROJAS PABLO OSWALDO JHAIR', 28042, 1),
(28027, 'ARAUJO CHOMBA MICHAEL JHONATAN', 28043, 1),
(28028, 'SALVADOR FLOREANO DEMMY BRIAN', 28044, 1),
(28029, 'BARAHONA MORILLAS ANDRE PAULET', 28045, 1),
(28030, 'CARRASCO PEREZ JOCABED SURIEL', 28046, 1),
(28031, 'BAZAN CASTILLO ALDO JAK', 28047, 1),
(28032, 'SILVA CARUAJULCA ERLAND OSCAR', 28048, 1),
(28033, 'RAMOS MALAVER MARIANA ELIZABETH', 28049, 1),
(28034, 'MENDEZ TORRES DANIELA MARÍA ILLARY', 28050, 1),
(28035, 'CRUZADO RISCO ROSA MERCEDES', 28051, 1),
(28036, 'MALCA SILVA LEANDRO ARTURO', 28052, 1),
(28037, 'GONZALES CARRASCO JESUS MIGUEL IDELSO', 28053, 1),
(28038, 'FLORES AGUIRRE RENZO ANDERSON', 28054, 1),
(28039, 'REYES RUBIO LILIANA HAYDEE', 28055, 1),
(28040, 'CAMPOS RODRIGUEZ PAOLA ANETTE', 28056, 1),
(28041, 'ESCOBAR GONZALES DIEGO ARNIE', 28057, 1),
(28042, 'HOYOS CRUZ EMERSON MIGUEL', 28058, 1),
(28043, 'LEON YNOQUIO JORGE LUIS', 28059, 1),
(28044, 'AGUILAR MOSTACERO ISABEL CRISTINA', 28060, 1),
(28045, 'GODOY PAREDES KEVIN ANDRES', 28061, 1),
(28046, 'REYES POLO KAROLYNE BRITHNEY CHANTAL', 28062, 1),
(28047, 'VILCHEZ BALDERA LUCERO DEL MILAGRO', 28063, 1),
(28048, 'LLENQUE LLENQUE JORGE DAVID', 28064, 1),
(28049, 'AGRAMONTE SANCHEZ XIOMARA YHOSCIMAR', 28065, 1),
(28050, 'ARANDA RAMOS ARIANA JAEL', 28066, 1),
(28051, 'VEGA ALVAREZ ALEJANDRA ELIZABETH', 28067, 1),
(28052, 'JARA FIGUEROA XIOMARA ANTONELLA', 28068, 1),
(28053, 'MENDOZA PEREZ CLAUDIA ISABEL', 28069, 1),
(28054, 'HERNANDEZ VALENCIA KAROL ALESSANDRA', 28070, 1),
(28055, 'SAGAL CASTILLO GLORIA MARIA', 28071, 1),
(28056, 'ROQUE RODRIGUEZ SEGUNDO ELIAS', 28072, 1),
(28057, 'MENDOZA SANDOVAL SANTOS FRANCISCA', 28073, 1),
(28058, 'CULQUE ANTICONA MARIA FERNANDA', 28074, 1),
(28059, 'BACA SANCHEZ OSCAR MILTON', 28075, 1),
(28060, 'CUEVA HERRERA LUCCAS ENRIQUE', 28076, 1),
(28061, 'HUAMAN CORONADO VICTOR ANDRES', 28077, 1),
(28062, 'FERNANDEZ TORRES ALEXIS MANUEL', 28078, 1),
(28063, 'PAREDES SANCHEZ LEONIDAS ESTTIBEN', 28079, 1),
(28064, 'RODRIGUEZ ZAVALETA DANIXA JASMIN', 28080, 1),
(28065, 'HERNANDEZ LLANOS JOSE JULIO GABRIEL', 28081, 1),
(28066, 'TIRADO ALBITRES MIGUEL ENRIQUE', 28082, 1),
(28067, 'HERNANDEZ HUAMAN WILLY ALDAIR', 28083, 1),
(28068, 'LOPEZ NAVEZ ALBA CAMILE', 28084, 1),
(28069, 'NUREÑA CASTILLO KAROL YAMELI', 28085, 1),
(28070, 'GRANDEZ VELASQUEZ GUIANELLA MAKENSY', 28086, 1),
(28071, 'PEREA ALVA AUREA LYZ', 28087, 1),
(28072, 'MOSTACERO JIMENEZ KARLA JACKELINE', 28088, 1),
(28073, 'DIAZ RUBIRA ANDREA FERNANDA', 28089, 1),
(28074, 'VASQUEZ AGUIRRE CARLOS ALEXANDER', 28090, 1),
(28075, 'TORRES ALDAVE NAHOMI OSMARI BELHEN', 28091, 1),
(28076, 'LEON ASCATE EDUARDO YAIR SEBASTIAN', 28092, 1),
(28077, 'RUIZ DE LA CRUZ STACY ALISSON', 28093, 1),
(28078, 'CHAVEZ VILLARREAL GERALDINE LISSET', 28094, 1),
(28079, 'HUAMAN MERCADO VIOLETA DEL RUBI', 28095, 1),
(28080, 'NUÑEZ LLAJARUNA BRIGITTE ANGELINE', 28096, 1),
(28081, 'CORTIJO RUIZ ANGELO SEGUNDO', 28097, 1),
(28082, 'RUIZ VERA ERIKA ELIZABETH', 28098, 1),
(28083, 'AREVALO LLAPAPASCA CRISTHIAN DANIEL', 28099, 1),
(28084, 'GUTIERREZ PAREDES FATIMA LIZBETH', 28100, 1),
(28085, 'MOSQUERA PERALTA ROSITA DEL MILAGRO', 28101, 1),
(28086, 'BELTRAN RODRIGUEZ JUANY STEPHANY', 28102, 1),
(28087, 'CULQUITANTE ANTICONA DENIS SMITH', 28103, 1),
(28088, 'ANGEL JARA MARIA TERESA', 28104, 1),
(28089, 'VALDERRAMA ESPINOLA RUTH CAMILA', 28105, 1),
(28090, 'TUESTA REYNA KARYN MARIA', 28106, 1),
(28091, 'GARGUREVICH NUÑEZ THEO IBAR', 28107, 1),
(28092, 'SEGURA SILVESTRE ELVIRA DAYANNE', 28108, 1),
(28093, 'SALAZAR REYES GLORIA ESTHER', 28109, 1),
(28094, 'DE LA CRUZ BARRUETO MARIESTHER DE LOS AN', 28110, 1),
(28095, 'VASQUEZ CABRERA FLOR DE MARIA', 28111, 1),
(28096, 'BALLENA GONZALES JACKELINE BEL', 28112, 1),
(28097, 'MARQUEZ DAMIAN NAYELY MARIEL', 28113, 1),
(28098, 'SUAREZ MURILLO DAIRA MARYFE', 28114, 1),
(28099, 'ESPINOZA VITAL LUZ MARIA DE FATIMA', 28115, 1),
(28100, 'QUISPE GOMEZ KATHERINE ESTER', 28116, 1),
(28101, 'NIETO VEGA KATE ALICIA', 28117, 1),
(28102, 'CHOLAN HUATAY LESLY MARIBEL', 28118, 1),
(28103, 'GONZALES MAVILA ALEXIS PAVEL', 28119, 1),
(28104, 'MORAN JULCA JACKELIN YANIRA', 28120, 1),
(28105, 'MARKY ZEGARRA EVELY JANELLY', 28121, 1),
(28106, 'DEZA VILELA JOSUE JONATAN', 28122, 1),
(28107, 'LUJAN ROJAS ALEXIA CRISTINA', 28123, 1),
(28108, 'ANGULO ESPINO NIKOLLE STEPHANY', 28124, 1),
(28109, 'ZUÑIGA CIEZA MARCIA JAHAIRA', 28125, 1),
(28110, 'GAMBOA ALFARO ROMINA MILI', 28126, 1),
(28111, 'CANCINO PRETEL YADHIRA CANCINO', 28127, 1),
(28112, 'RODRIGUEZ CISNEROS JHOSELYN PAMELA', 28128, 1),
(28113, 'RIOS JULCA JENNYFER ARIANA', 28129, 1),
(28114, 'SOLANO RODRÌGUEZ KARLA MARÌA VICTORIA', 28130, 1),
(28115, 'ROMERO ROJAS LESLIE ISABELINA', 28131, 1),
(28116, 'MOSTACERO BLAS CARLOS JONATHAN', 28132, 1),
(28117, 'LEYVA GONZALES LORENA LIZETH', 28133, 1),
(28118, 'CAMPERO MURGA SANDRA SUSANA', 28134, 1),
(28119, 'VASQUEZ MATUTE VALERIA ISABEL', 28135, 1),
(28120, 'SANCHEZ OLIVA NOHELY ALEXANDRA', 28136, 1),
(28121, 'GASTELO MERINO NAYELLI DARIANA', 28137, 1),
(28122, 'PEREZ YRIGOIN ALEXANDRA NICOLE', 28138, 1),
(28123, 'RAMÍREZ SAAVEDRA ANDREA MABEL', 28139, 1),
(28124, 'LEON GALVEZ KAREN JOHANA', 28140, 1),
(28125, 'SAAVEDRA ZAMORA CARLA PATRICIA', 28141, 1),
(28126, 'BRICEÑO GONZALES KATHERINE NICOL', 28142, 1),
(28127, 'CASTILLO SANCHEZ JHOYSY SULEYKA', 28143, 1),
(28128, 'TERRONES BALTODANO MERCEDES ANILU', 28144, 1),
(28129, 'HILARIO ROJAS AMPARITO ELIZABETH', 28145, 1),
(28130, 'DE LA CRUZ TERRONES QUITERIA YESSADORA', 28146, 1),
(28131, 'TORRES VARAS PAULA FABIANA', 28147, 1),
(28132, 'ZAPATA GUEVARA LESLI KATERINE', 28148, 1),
(28133, 'AGUILAR RIVEROS DINA LIZBETH', 28149, 1),
(28134, 'QUIÑONES RIOS MARIA FERNANDA', 28150, 1),
(28135, 'CARRION VEGA ARLETH NOELIA', 28151, 1),
(28136, 'FLORENTINO MENDOZA MARIA ROSA DE LOS ANG', 28152, 1),
(28137, 'GARCIA HUACCHILLO FLAVIA RUBI', 28153, 1),
(28138, 'DÍAZ MUÑOZ NAYELI BRIGHIT', 28154, 1),
(28139, 'HUERTA ARTEAGA JESSICA NICOLLE', 28155, 1),
(28140, 'CRUZ GUTIERREZ ANTONELLA SARAI', 28156, 1),
(28141, 'RODRIGUEZ VERGARAY MAYLEN VIVIANA', 28157, 1),
(28142, 'ALVARADO AMAYA JESUS MARINA', 28158, 1),
(28143, 'VIDAL VARAS SANTOS MELITA', 28159, 1),
(28144, 'CORTEZ VERA MARIA EMILIA DEL MILAGRO', 28160, 1),
(28145, 'DÍAZ CARRANZA ITATI EVA NAHIARA', 28161, 1),
(28146, 'VILLARREAL MALDONADO DIEGO JULINHO', 28162, 1),
(28147, 'CARRANZA CARRANZA FIORELLA ALEXANDRA', 28163, 1),
(28148, 'HARO AVALOS ESTHEFANY MELISSA', 28164, 1),
(28149, 'SEVILLANO BERNABE KAREN ROSA', 28165, 1),
(28150, 'RODRIGUEZ DIAZ ARIANA JULIET', 28166, 1),
(28151, 'CESPEDES PEREZ XIOMARA IBETH', 28167, 1),
(28152, 'VASQUEZ MARQUINA VICTOR HUSSID', 28168, 1),
(28153, 'CRUZ DOMINGUEZ ANA ELIZABETH', 28169, 1),
(28154, 'RODRIGUEZ ALFARO YADHIRA DAYELI', 28170, 1),
(28155, 'VASQUEZ VASQUEZ JOANA NICOL', 28171, 1),
(28156, 'ROSALES SANCHEZ TALITA MISHELL', 28172, 1),
(28157, 'IMAMURA URIOL AIRI SILVANA', 28173, 1),
(28158, 'HILARIO SULLON ESTELA BRISETH', 28174, 1),
(28159, 'MEZA RUIZ EVELYN MARGARITA', 28175, 1);

-- --------------------------------------------------------

--
-- Estructura de tabla para la tabla `analisis_examen`
--

CREATE TABLE `analisis_examen` (
  `codAnalisis` int(11) NOT NULL,
  `tasaIrregularidad` float DEFAULT NULL,
  `codExamen` int(11) NOT NULL,
  `tasaGI` float DEFAULT NULL,
  `tasaGP` float DEFAULT NULL,
  `tasaPE` float DEFAULT NULL
) ENGINE=InnoDB DEFAULT CHARSET=utf8mb4;

--
-- Volcado de datos para la tabla `analisis_examen`
--

INSERT INTO `analisis_examen` (`codAnalisis`, `tasaIrregularidad`, `codExamen`, `tasaGI`, `tasaGP`, `tasaPE`) VALUES
(85, 0.162472, 1, 0.1766, 0.370861, 0),
(86, 0.18234, 2, 0.1766, 0.370861, 0.0662252);

-- --------------------------------------------------------

--
-- Estructura de tabla para la tabla `area`
--

CREATE TABLE `area` (
  `codArea` int(11) NOT NULL,
  `descripcion` varchar(200) NOT NULL,
  `area` varchar(2) NOT NULL
) ENGINE=InnoDB DEFAULT CHARSET=utf8mb4;

--
-- Volcado de datos para la tabla `area`
--

INSERT INTO `area` (`codArea`, `descripcion`, `area`) VALUES
(1, 'CIENCIAS DE LA VIDA Y DE LA SALUD', 'A'),
(2, 'CIENCIAS BÁSICAS Y TECNOLÓGICAS', 'B'),
(3, 'CIENCIAS DE LA PERSONA', 'C'),
(4, 'CIENCIAS ECONÓMICAS', 'D');

-- --------------------------------------------------------

--
-- Estructura de tabla para la tabla `carrera`
--

CREATE TABLE `carrera` (
  `codCarrera` int(11) NOT NULL,
  `nombre` varchar(200) NOT NULL,
  `codAreaActual` char(1) NOT NULL,
  `codFacultad` int(11) NOT NULL,
  `abreviacionMayus` varchar(50) NOT NULL
) ENGINE=InnoDB DEFAULT CHARSET=utf8mb4;

--
-- Volcado de datos para la tabla `carrera`
--

INSERT INTO `carrera` (`codCarrera`, `nombre`, `codAreaActual`, `codFacultad`, `abreviacionMayus`) VALUES
(1, 'Ingenieria de Sistemas', '2', 7, 'IS'),
(2, 'Ciencias Biológicas', '1', 1, 'CCAS.BIOLOGICAS'),
(3, 'Enfermería', '1', 1, 'ENFERMERIA'),
(4, 'Farmacia y Bioquímica', '1', 1, 'FARMACIA y BBQQ.'),
(7, 'Medicina', '1', 1, 'MEDICINA'),
(8, 'Microbiología y Parasitologia', '1', 1, 'MICROBIOL.y PARAS.'),
(9, 'Estomatología', '1', 1, 'ESTOMATOLOGIA'),
(10, 'Biología pesquera', '1', 1, 'BIOLOGIA PESQUERA');

-- --------------------------------------------------------

--
-- Estructura de tabla para la tabla `carrera_examen`
--

CREATE TABLE `carrera_examen` (
  `codCarreraExamen` int(11) NOT NULL,
  `cantidadVacantes` int(11) NOT NULL,
  `codExamen` int(11) NOT NULL,
  `codCarrera` int(11) NOT NULL,
  `puntajeMinimoPostulante` float NOT NULL,
  `puntajeMaximoPostulante` float NOT NULL,
  `puntajeMinimoPermitido` float NOT NULL
) ENGINE=InnoDB DEFAULT CHARSET=utf8mb4;

--
-- Volcado de datos para la tabla `carrera_examen`
--

INSERT INTO `carrera_examen` (`codCarreraExamen`, `cantidadVacantes`, `codExamen`, `codCarrera`, `puntajeMinimoPostulante`, `puntajeMaximoPostulante`, `puntajeMinimoPermitido`) VALUES
(1, 10, 1, 1, 120, 200, 100),
(2, 11, 2, 1, 130, 220, 100);

-- --------------------------------------------------------

--
-- Estructura de tabla para la tabla `condicion_postulacion`
--

CREATE TABLE `condicion_postulacion` (
  `codCondicion` int(11) NOT NULL,
  `nombre` varchar(50) NOT NULL
) ENGINE=InnoDB DEFAULT CHARSET=utf8mb4;

--
-- Volcado de datos para la tabla `condicion_postulacion`
--

INSERT INTO `condicion_postulacion` (`codCondicion`, `nombre`) VALUES
(1, 'INGRESA'),
(2, 'ING. 2-OPC'),
(3, 'NO INGRESA'),
(4, 'AUSENTE');

-- --------------------------------------------------------

--
-- Estructura de tabla para la tabla `estado_examen`
--

CREATE TABLE `estado_examen` (
  `codEstado` int(11) NOT NULL,
  `descripcion` varchar(50) NOT NULL
) ENGINE=InnoDB DEFAULT CHARSET=utf8mb4;

--
-- Volcado de datos para la tabla `estado_examen`
--

INSERT INTO `estado_examen` (`codEstado`, `descripcion`) VALUES
(1, 'Creado'),
(3, 'Procesando'),
(4, 'Aprobado'),
(5, 'Cancelado'),
(6, 'Analizado'),
(7, 'Datos Insertados'),
(8, 'Archivos Cargados');

-- --------------------------------------------------------

--
-- Estructura de tabla para la tabla `examen`
--

CREATE TABLE `examen` (
  `codExamen` int(11) NOT NULL,
  `año` int(11) NOT NULL,
  `fechaRendicion` date NOT NULL,
  `nroVacantes` int(11) DEFAULT NULL,
  `nroPostulantes` int(11) DEFAULT NULL,
  `asistentes` int(11) DEFAULT NULL,
  `ausentes` int(11) DEFAULT NULL,
  `codModalidad` int(11) NOT NULL,
  `codSede` int(11) NOT NULL,
  `codEstado` int(11) NOT NULL,
  `valoracionPositivaCON` float NOT NULL,
  `valoracionPositivaAPT` float NOT NULL,
  `valoracionNegativaCON` float NOT NULL,
  `valoracionNegativaAPT` float NOT NULL,
  `periodo` varchar(20) DEFAULT NULL,
  `codArea` int(11) NOT NULL
) ENGINE=InnoDB DEFAULT CHARSET=utf8mb4;

--
-- Volcado de datos para la tabla `examen`
--

INSERT INTO `examen` (`codExamen`, `año`, `fechaRendicion`, `nroVacantes`, `nroPostulantes`, `asistentes`, `ausentes`, `codModalidad`, `codSede`, `codEstado`, `valoracionPositivaCON`, `valoracionPositivaAPT`, `valoracionNegativaCON`, `valoracionNegativaAPT`, `periodo`, `codArea`) VALUES
(1, 2021, '2021-01-28', 53, 151, 151, 0, 1, 1, 6, 4.079, 4.07, -1.021, -1.019, '2021-I', 2),
(2, 2021, '2021-07-28', 53, 151, 151, 0, 1, 1, 6, 215, 152, 21, 21, '2021-II', 2),
(3, 2021, '2021-08-04', NULL, NULL, NULL, NULL, 1, 4, 8, 4.079, 4.07, 1.021, 1.019, '2020-I', 1);

-- --------------------------------------------------------

--
-- Estructura de tabla para la tabla `examen_postulante`
--

CREATE TABLE `examen_postulante` (
  `codExamenPostulante` int(11) NOT NULL,
  `orden` int(11) NOT NULL,
  `nroCarnet` varchar(10) NOT NULL,
  `codActor` int(11) NOT NULL,
  `puntajeAPT` float NOT NULL,
  `puntajeCON` float NOT NULL,
  `puntajeTotal` float NOT NULL,
  `codCarrera` int(11) NOT NULL,
  `codCondicion` int(11) NOT NULL,
  `respuestasJSON` varchar(1000) NOT NULL,
  `codExamen` int(11) NOT NULL,
  `nroCorrectas` int(11) NOT NULL,
  `nroIncorrectas` int(11) NOT NULL
) ENGINE=InnoDB DEFAULT CHARSET=utf8mb4;

--
-- Volcado de datos para la tabla `examen_postulante`
--

INSERT INTO `examen_postulante` (`codExamenPostulante`, `orden`, `nroCarnet`, `codActor`, `puntajeAPT`, `puntajeCON`, `puntajeTotal`, `codCarrera`, `codCondicion`, `respuestasJSON`, `codExamen`, `nroCorrectas`, `nroIncorrectas`) VALUES
(29211, 1, '013814', 28009, 67.152, 105.028, 172.18, 2, 1, ' ABBBBBBXAXXXBXXBXBBABBXBDBBXXXXBXXXBBBXBXBBXXXBBXEBXXXXXEXBXXBXBXBBBXXXCXXBXXBXXXBXXBBBXXEXBBXXBCXBD', 1, 44, 7),
(29212, 2, '009161', 28010, 49.847, 93.792, 143.639, 2, 1, ' CADBXXDBXXBBBBXBABXCBBBBXXBXBEXBXBBBBCDBXXXAXCXBBXBDXXBCBXXBXBBXBCXBBBBAECXBBBXBBBXXADCXBXEEEBABECXB', 1, 42, 27),
(29213, 3, '017841', 28011, 55.955, 73.407, 129.362, 2, 1, ' XXBBXEBBBCXBBDXBBBBABEXEXBXXXBXXXXBBDXXBBAXBAAXBBBBBXXBXEXXBDXXXBEXXBBXXXXXBBXXXXXDEBEDEXBXBBXXXXXXX', 1, 36, 17),
(29214, 4, '030871', 28012, 83.432, 43.838, 127.27, 2, 1, ' AXBBBBBBBABABXXBBBBBBBXXBBBXBXCCBEXXXDXCXXXXXXXXXXXXXXXXXDXXXBXBXBXXBEBXXXXXXXBXXEBXXBBXBXXBBXXXXXDX', 1, 34, 11),
(29215, 5, '027263', 28013, 65.114, 53.017, 118.131, 2, 1, ' CBBXBBBBBAXXEXBXBABXBXBBBBAXBXXXXBXBXEBXXXXXXXXXXXXXXDXEEXXXBXXBBBXBBBBAXBXXXXXBDCBXXXXXXEXXXXBXXXXX', 1, 32, 12),
(29216, 6, '024097', 28014, 63.076, 53.012, 116.088, 2, 1, ' BBXABXBBBABDBXBXBEBAEXBABBBXBXBEXAXXBXCXBEXXXXXXXXBXXBXBXBBXBXXBXXXXXXXXAAAXBXBXAEXEXBXXEXXBBCXXBXXX', 1, 33, 18),
(29217, 7, '047438', 28015, 45.783, 69.333, 115.116, 2, 1, ' AXXBBXBXBDBXBXXXXBXABXBBXEXXAXXXAXXXBXXBXBBXXXBBBDCAEBXXXEXBEBXBXXBXXXXXXBXXXXXBXXXXXXXBBEXXXBXBBXXX', 1, 31, 11),
(29218, 8, '023827', 28016, 45.783, 69.333, 115.116, 2, 1, ' AXXBBXBXBDBXBXXXXBXABXBBXEXXAXXXAXXXBXXBXBBXXXBBBDCAEBXXXEXBEBXBXXBXXXXXXBXXXXXBXXXXXXXBBEXXXBXBBXXX', 1, 31, 11),
(29219, 9, '052793', 28017, 47.809, 66.28, 114.089, 2, 1, ' XBBBXXAXBECBEBBBBXBDAEBBXCXBDBCXBXXXXBBXXXBBXXXBXXXXBXBXXXBXBXXBXXXXXBBBXBXCXXBXXXXXXXXXXXXXXXBCXXXX', 1, 31, 12),
(29220, 10, '030509', 28018, 45.777, 68.307, 114.084, 2, 1, ' XBCXBDXXBDXBAXBEXBBBXBXBBBDBXBBDXXXXBXXXXXXXXXXXXBXBEXBBXBXDBXXXBBCDXXCXXXXBDBXAXXBBBABAXBXAXDXXBBAD', 1, 33, 20),
(29221, 11, '048263', 28019, 59, 53.012, 112.012, 2, 1, ' ABBXXBBABDCBBEBCBXBAEBABBBACEBBAXBXXXEDBXXXXXBXXXXXCXXXXBBXBABXABBXXXXCCBXXXXXBXXBXXCBBBXXXDXXXXXDXA', 1, 33, 22),
(29222, 12, '047925', 28020, 66.127, 41.806, 107.933, 2, 1, ' AAXBCDXABDBBXBBBXBBABBBBBCXBABBXBXXBXXBXXXXXXXXXXXXXBXXXBCXXXXBXXXXXXXXXXXXDXXXXXAXXBXXXXXXBXBXXXBXX', 1, 29, 10),
(29223, 13, '029839', 28021, 56.974, 47.927, 104.901, 2, 1, ' XXBXXBBBBABXBBABXBXAXXBDAXXBCBXXXXBXXBXXXXXXBXBXBXXXXBBXXXXXXXXXBXXBXXXXXXXCBXXXBXXXXBXXXXXXXXXXXXXX', 1, 27, 5),
(29224, 14, '018245', 28022, 35.587, 66.23, 101.817, 2, 1, ' ABBBEBACBBADCCBDECADBEBBCCBBBEEEBDCBBBDBABBBABEECEDDBBDBBAAAAAABAEBDAABDBADBBABAABAEBBEEBDCBBAEEEBAC', 1, 40, 60),
(29225, 15, '019283', 28023, 54.936, 46.881, 101.817, 2, 1, ' ABXXXXDEBXBBXBBABXBXBBXECABBBBXDBXCXBDXBXXXBAXDXXEBXXXECXABXBBEEBXXXBBXXXXAXBABCEECDBXBXXXBXEXCXACXD', 1, 32, 28),
(29226, 16, '038761', 28024, 49.847, 50.965, 100.812, 2, 1, ' BBBBBXBAXAXBXBXEBXDXXEBBEBBEBXBXBBXBXACBXXXEDBABXBXBBXXDXXBAXXXDXXXXXXDXBXXXBXBABXCEEBXXXECXBACCXXXX', 1, 31, 25),
(29227, 17, '039006', 28025, 53.923, 45.885, 99.808, 2, 1, ' XXBXBBXBBABBDBXDBBDAXBBXXXXXXXXBXXXXXXXXXXBXBXCXCXXXXXXXXXXXXXXXBXXXBBBXXXXXXXDXXBXXXXXXBBXXXXXXBXBX', 1, 26, 6),
(29228, 18, '004849', 28026, 48.828, 50.975, 99.803, 2, 1, ' DXBEXBCEBAAXABBBXABCBBXBBXXBXBEXBXXBXXXBXXXXXXXXXXXABXXXXBXXXBBXXXXEBBBXXXXXEXCXXCEDCXBBBXXAXXXBBXXX', 1, 29, 18),
(29229, 19, '001432', 28027, 64.095, 31.611, 95.706, 2, 1, ' ADBBXBBBBAEBDXXXXBBADBXABBXBXBXXXXXXXXAXXXXXXXXXXBBXXXXXXXXXXXXXXXXBXXXBXXXXXXXBBXXXXXXXXXXXXXXBBXXX', 1, 25, 6),
(29230, 20, '032447', 28028, 30.516, 64.233, 94.749, 2, 1, ' XBEXADBXBXBXBBABXBXEXAXXXXXXXBBXBXBXBEXXEBAXXXXXXXBXXXXABXXBXXXBADXAXBXXXXBXBBXBXXBXBAXXDXXBXXBXXXXX', 1, 27, 15),
(29231, 21, '015074', 28029, 60.025, 34.654, 94.679, 2, 1, ' ABBXXBBDCEBXBEBBXXBABABXXBXBXBXXXXAAXBEBCBXXXAAXXBAXBXXXXXEXXDXXXBXXXBBBXXXXXXXCXXAXXBXXXBDXBCXXDXXX', 1, 28, 19),
(29232, 22, '022813', 28030, 46.796, 35.68, 82.476, 2, 1, ' XXBBXDXXDDXBXXCBDABABBBBXXBBBXXXXCXXBXXAXXXXAXXXXXXXXXXAXXXXXBXXXBBXXXXDXDXBBBCXXXXXBBDXXXXXXXCBXXBX', 1, 24, 15),
(29233, 23, '027426', 28031, 40.688, 39.759, 80.447, 2, 1, ' AXBXAXXDBAXBCXBXXEAAXBXBABDCBBXXBXXXXXBXEXXXXXBXEXBXXXXXXXXXBXEBXXXXXXXXXAXXDXXCCEBBXEXBXXXXXXXXBXBD', 1, 24, 17),
(29234, 24, '002779', 28032, 29.491, 49.939, 79.43, 2, 1, ' BBXXXBCBEABEAEBXABXXXDBXECBXBDXABXAXBBBCABXBDXXXXCXCXAXXEXAXXXADAXBXXDCCBBXXAXCEXXXCCXBXBBCBBBBEXBXD', 1, 28, 34),
(29235, 25, '030774', 28033, 46.802, 31.606, 78.408, 2, 1, ' AXBCBXXBBABXEXXXXXXAXXXBXBBBXXCXXXXBBXXXXBXXXBXXXXXXXXXDXBEXXXXBXXXXXXXXXXXXXXXXXXXXBXXBCXXXXBXXXXCX', 1, 21, 7),
(29236, 26, '050514', 28034, 42.72, 35.675, 78.395, 2, 1, ' XDABBBBBCXCABBBXBCEBBBXXXXAEBBEXXBXXXDXXXXXXXXXXBBXXBXXXBXDXEBXXXDAXBAXXBXXXEXXCXXBXXXADXXAXXBXBXXAD', 1, 25, 23),
(29237, 27, '036889', 28035, 49.847, 26.511, 76.358, 2, 1, ' ABBDBXDAXABXBBXXXXDXBBCBXBBCBEXBXXXXBXXXXXXXXXXXXXXXXXXXXXXXXXXXXXXBXBCBXBXXXXXXXDXXXXXXBXXXXXXXXXXX', 1, 21, 9),
(29238, 28, '041484', 28036, 44.752, 31.601, 76.353, 2, 1, ' XBBBBXXBDXABBBAABAECEBBBABAEBDXXXXXCXXXXXXXBXXXXXBBXXXXXXBXAAXEXBXXXXXXXBCDXXXXXXAXXXXXXXXCXDBXBXBBX', 1, 24, 21),
(29239, 29, '039014', 28037, 47.815, 27.527, 75.342, 2, 1, ' XBXBXXXBBAXBBBBXAAXXBAXEBXEBBXBXXXXXXDDXXXXXXXXXXXXXXXXBDXXXXXXXXBAXXXXXXBCXXXXXXXXXBXXXXXXXBXXXBBXX', 1, 21, 10),
(29240, 30, '027922', 28038, 36.618, 37.712, 74.33, 2, 1, ' XBBDBXXBBCXXAXBAAXBABXEAABXXXBXDBAXXXXXXBXXXXXBXXXDXXXXXXDCBBXXXBXXBBXBXDXXEADXXEXDXXXXABDXDBABXXXXD', 1, 24, 23),
(29241, 31, '030183', 28039, 33.567, 39.759, 73.326, 2, 1, ' XXXXBCXBBXBCBCXEBBXEEXBXBXXBEXXXXXXXXDXBXXXAXXXXXCCXXBBXBXBBXXBBXXXXEXAEXXXXXXXBXXBXBXXBXXXXEXCXXXXX', 1, 22, 16),
(29242, 32, '001925', 28040, 37.637, 31.596, 69.233, 2, 2, ' ACBBXBXXXXEBXXXBBBDXBBABXCXCDXXXXEXXXXBXXBXXXEDEXABBBXXXXXXXXXCXXXXEXBAXXBXDXXXXXBXXAXXXXBXDXDBXAXBX', 1, 22, 20),
(29243, 33, '038145', 28041, 37.637, 31.596, 69.233, 2, 3, ' ACBBXBXXXXEBXXXBBBDXBBABXCXCDXXXXEXXXXBXXBXXXEDEXABBBXXXXXXXXXCXXXXEXBAXXBXDXXXXXBXXAXXXXBXDXDBXAXBX', 1, 22, 20),
(29244, 34, '002232', 28042, 34.586, 32.627, 67.213, 2, 3, ' AABDBXBBXXEXXXXXBBXBDXBXBXBXXCXXXXXXXXXDXXXXXXBXXXXBXXBBXAXBXXXXXXXXCXXXXXXXXXXBXXXXBAXXXXXXBBXXXXXX', 1, 19, 10),
(29245, 35, '049315', 28043, 30.522, 35.685, 66.207, 2, 3, ' XXXXBBXBXXXDXXBXAXBABXXBXXXXXXAXXXXXBXXXEXXXBBXXXXXXXXCXXBXXXXXXXXXXXXBBXXBBXXXXEXXBXXXXBXXXXXXXXEXX', 1, 18, 7),
(29246, 36, '039941', 28044, 33.573, 31.606, 65.179, 2, 2, ' EBXXBXBXXXBBCXXBXAXAXXBXXXXBXXXXBXXXXXBXBXXXXXXBXXXCXXXXXEXXXEXXXXXXXBXXXXXBXXXXXXXDXXXXDBXBXXXXXBXX', 1, 18, 8),
(29247, 37, '027094', 28045, 29.497, 35.68, 65.177, 2, 3, ' AXAXXDXBXXXEXCXXXEBABBXABEBXBXDBXXXXBBXXAXXXXXXXBXXXXBXXDXBXXXXBXXXBXXXXCXCCCXAXBXXXEBBXXXXXXXXXXXXX', 1, 20, 16),
(29248, 38, '029244', 28046, 24.396, 40.745, 65.141, 2, 3, ' DCBXDBBDCECBXDAADCBAEBEBDBDBXXAXECBEXXDBABADBDXCDBACDXBCCBCADXBEXDXEBXECAXDXDBCCCBDXDXAXXBACBBBBBBBA', 1, 29, 52),
(29249, 39, '028248', 28047, 40.688, 24.449, 65.137, 2, 3, ' EDBXBBXXDXXBDXCEBBCXXBXAXBBBBBCXDAXXXXXBXDXXCAXXXXXXEDXDXXEXBBXEXEDEDXXEBBEXBBXXBBBXXXBXXXCXXXXXDXDX', 1, 23, 28),
(29250, 40, '010508', 28048, 31.529, 32.607, 64.136, 2, 2, ' DXXBCBBXXAXDCABBAXBCXXXXCXBEBBEXXBXBDBXXXXAXXXXXXXCBXDXXBBBCCAEXEDBXXABAEBEXXXXXBXXXACXXBXXXCXEXXXBE', 1, 23, 29),
(29251, 41, '028553', 28049, 21.345, 37.672, 59.017, 2, 3, ' BAXDACXCAADBEBXBXAXABBCEBBAAXACBBCDBDAABCABECDBCBDDEDCCEEBDBBDDDAEDDEXABCBXAEDDACAABABBBBCCDCBEBBCED', 1, 30, 62),
(29252, 42, '018262', 28050, 44.758, 14.224, 58.982, 2, 2, ' BXXDBAXBBCBXBBDBBABDXBXBCXXBBXEXEBAADDDDXECBXABAEDBBABADDCCCXAXEXXABBXBEABDECDAXXCXDAXCDXBCCCBDEBXDD', 1, 27, 50),
(29253, 43, '040853', 28051, 41.713, 13.228, 54.941, 2, 2, ' ABBAXBXBBXXXCXXXXBXAXXBXEBXXXBXXXXBAXXAXBXCCXDAXXCXBXBAXXDBXXAXAXBBEXCXXEDXXXCBXCEXEXXXXXXDBXDXDXXCX', 1, 20, 26),
(29254, 44, '026726', 28052, 23.395, 30.58, 53.975, 2, 3, ' AXXXXXXEXAXEXBXDXXAXBBXAXXXBBXDXXXXXXDXXBXXXDXXCXBXXXXXBXBXXXXXXBXXBABDXXXXXCXXXEXXBXXXXXXBXDXBEXXXX', 1, 17, 15),
(29255, 45, '041499', 28053, 29.497, 24.444, 53.941, 2, 3, ' ABXDXXXBXBXBBXXCBXDCCXXBXXXABBCXBXXBDDXXCXXXDXXEXXXAXCDXXXXDBCBXXCXEDCXBBABXCXXAXBXXXXCXBCXDBXBBCXAA', 1, 21, 31),
(29256, 46, '029394', 28054, 32.542, 21.396, 53.938, 2, 3, ' ECXDXEBBDAXXAXXEBBDABCCBBBCXBCXXXBCXBXXEXEEXXXEXXXXXXEAXXCXXXBXXXXEBXCXXXXXXEXXCXDBXXDXXAXXBXBBXXBXX', 1, 20, 27),
(29257, 47, '047357', 28055, 34.58, 19.349, 53.929, 2, 3, ' ABXXXXBXAXEBBEDCAXXDBACCBBBXBBXXBCDAXXXBBXEXXXEDXXXXADAXACXXBXBXXXAXXXXXXXCDBXXXXDBXXAXXXBEBCXEXEXBC', 1, 21, 31),
(29258, 48, '050329', 28056, 26.446, 23.433, 49.879, 2, 3, ' XXEXXBBXBBXEXBXXXBXXBXBXXDAXDBXXBBCBDXXCXEBEXXXXXCXXBEXXAXAXXXDXXXBXXAXBXXEBXXXXXEXBXXDXECCXXBXXXXXX', 1, 18, 23),
(29259, 49, '028851', 28057, 33.567, 16.306, 49.873, 2, 3, ' AXXXXDBXXAXXXADDBBXEBBBXBAEBXXXXXBXXXAXXXXXAXXXXXXXXXBXBBXABXXXXXXXXCXXCXXXXDXXDXXXXXXXXXXXXBXXXXEXX', 1, 16, 15),
(29260, 50, '045288', 28058, 30.516, 18.348, 48.864, 2, 3, ' XBXBBXAXXBXXXXXBXBXXXCBBEEXBBAXXXXXXXXXXXXXXXXXXXAXXXXXXXXXXXEXXBXXCEBXXEEXXXXXXXXXXBXBXXXXXXXBXXBXX', 1, 15, 12),
(29261, 51, '031385', 28059, 29.497, 18.348, 47.845, 2, 3, ' XXXBBXCXCCDXBXBXDBXXXBXXBDCBBXXXXXBXXXXXXXXXXXXXBDCXXXXXXXXXBXXXXBAXXXXXXEXXXDXXXXAXXXXXXXXXBXBXXXXX', 1, 15, 13),
(29262, 52, '010992', 28060, 18.3, 28.543, 46.843, 2, 3, ' EXXXXBAXXABXABDDBAXEDBXXBXXEEXXXXXDXXXXBXDXXXXXXEXXBXXXXXXXXXXXABXXXXXXXXBCXXAXXBXXBXXBBXXXCXDXXBXXX', 1, 16, 18),
(29263, 53, '034541', 28061, 26.446, 20.38, 46.826, 2, 3, ' XXXBXXBXXXBBAXDEXBXXXBXXXDBCBAXXXBXXDXXXEXXCXXXXXDDBXXXEXBXXBXXXXXXCXBXXAXXXAXEXXXXBXXXXXXBXXXXDBCXX', 1, 16, 18),
(29264, 54, '012922', 28062, 26.446, 19.364, 45.81, 2, 3, ' ACCXXXXXAXBXBBXBXAXXXXXXCBBXDBAXBXXXXXXBXXXXXXBEXXXXXEXXXXXXXXAXXBXDXXXXXXBEXXBXXXCXXXDBXXXEXXXXXXXX', 1, 15, 15),
(29265, 55, '032284', 28063, 34.58, 10.175, 44.755, 2, 2, ' CBDABXBBXEBDECBBXBBXEBXXABXXAXCDXXDXXXXXXXXDACXXXBXXXXCXBACEBXCXEXACXXXXXXBXBABXXAXCXDXXXXXXXXBXXXXX', 1, 18, 28),
(29266, 56, '020364', 28064, 21.363, 22.422, 43.785, 2, 3, ' XXEXXXXBXEBXDXBBBXXXXXXXXXXBXXXXBXXCBBXXXXXEBXBXXXXXXEXXAXEXXAXXXXXXXBXBXXDXXXXXBXXXXXXXXXXAAXXXXXXA', 1, 14, 13),
(29267, 57, '012197', 28065, 26.44, 17.317, 43.757, 2, 3, ' AXBCXEABAXACXADBXXXABDXXBBBXEXXXXXXXEDXAXXAXXDEXBBXEXXXABBXDXXXXXXXXCBXXXXXAXXXBAEXXEXAXXXXXXXXXBXXD', 1, 17, 25),
(29268, 58, '040961', 28066, 26.452, 15.285, 41.737, 2, 3, ' AXXXXBDXDXXXXXXXBXXABXBBXXXXXXXXXAXEBXXXXDDXXXXXXXXXDXXXXXAXXXXEXBXXXXXXXXXXXXBXXXXDBXXXXXXBXBEXXXXX', 1, 13, 11),
(29269, 59, '043066', 28067, 25.427, 16.296, 41.723, 2, 3, ' AXXBBXXDXXDXBEXXXXBXBABBXXXDECXEBXXXXBXAXXXDXXEXXXBBDXXXAXXDDXDXXDXXXXXCXXXEXXCEXXBXXXXXXEXBXXBBEXXX', 1, 16, 23),
(29270, 60, '029599', 28068, 33.567, 8.148, 41.715, 2, 2, ' XXEBBBXXEXBECXDXBBXXXCBBBDXXXBBXXXXXXXXXXXXXXXCXXXXXXDXXBXXXXXXXXXXXXXAAEXXBXXXXXXXXXXXXBAAXXXXXXXXC', 1, 14, 15),
(29271, 61, '014175', 28069, 13.211, 24.464, 37.675, 2, 3, ' ECBXDADXBABBXXXBXXADEDDXXXDXXXBXXXXDCXDXXXXXXXXXXXXXXBBBXXXAXXAXXBXXXXXAXXXXCXXBBXXXXXXXXXXBXXXEXXXX', 1, 14, 19),
(29272, 62, '007556', 28070, 33.567, -0.01, 33.557, 2, 3, ' XXBXXXEBXXDEBXBBBEXDBBBXXXBXDEXXEXXXXXDXXXXXXXEXXDXXXBXXXXXXXXDXXXXXXXXXXBXXXXXXXAXXXXXXDXCXXXXXXXXX', 1, 12, 15),
(29273, 63, '042883', 28071, 11.185, 21.401, 32.586, 2, 3, ' XXEXXXXXBXXXDXXDCXBXXXXXBBXEXXXXXXXXXADXXXXXXABBXXCBXXBXBXAXXXXEXXXXEXXXXXXXBBXAXXXXXXXXXBCXCXXXCXXX', 1, 12, 16),
(29274, 64, '037578', 28072, 30.516, 2.012, 32.528, 2, 3, ' ABBXACBCXXBXXBBXBXAXXECXXXXBXXXXBAXXXAXCXAXBXCXXAXXXEEECBEBBDXCXXXXXXXDXXCXXXDXEXBEXDXXXXXXEXXXEXCXX', 1, 15, 28),
(29275, 65, '009389', 28073, 28.478, -0.02, 28.458, 2, 3, ' XBXXBXXAXXBXAXXBXXBDEBXCBDBEEBCXXBBXXXXXXXEXXXXEXXXXXBXXXXXXDXXXXXXDCXDACDXXCXXXAXXXXXXCXXXEXXXXDXBC', 1, 13, 24),
(29276, 66, '015812', 28074, 11.173, 14.264, 25.437, 2, 3, ' ECCBCBEEXXBDDBXXXXDAEXDEXXDBXXBBCXCXXXXXXXXBAXXXXXXCXXCXXXDXDXXXXXXXXXXXXXXXXCXXDXXXBXCBXXBXXXXXXXXX', 1, 12, 23),
(29277, 67, '028527', 28075, 10.142, 10.13, 20.272, 2, 3, ' AEBABADBADBCAAECECDADAABACEBACCBCDCEBEADCDEEEDBBCCBADABEBDEBABCEBCDADABEEDEDDEBCBBECDAADDDBCCACBECCB', 1, 24, 76),
(29278, 68, '042069', 28076, 6.084, 11.186, 17.27, 2, 3, ' XAXDBXXXCCBDXXEXXBBBDDEDCBCCXXXBAXXEXXCXXXDXXXXXXABXEAEXBBDXAXXEEBDXXEXAEXXXXBXDXXBBXAXCCAXCDXXDEBXX', 1, 14, 39),
(29279, 1, '053096', 28077, 81.394, 124.397, 205.791, 3, 1, ' ADBBBBABXABBBXXBBBBEXBBDXBBBBBXBBBBXBCBXXBBBBXECBXBCCAXBXBXXXXBEBBBBBBXBXXXBXXXBDBBXBEBBXXXXBBBXBXCX', 1, 54, 14),
(29280, 2, '045847', 28078, 88.515, 115.208, 203.723, 3, 1, ' EBBBBBBCBACCBBBBBBBABXBBBBBDXBCXADBBBEDXBBCBBCCBXBXBXXEAXXBXDBBXBCBXXBBDBBBXXEBBBBBABDDDBBXXEXBBBBXD', 1, 56, 24),
(29281, 3, '049686', 28079, 54.936, 117.255, 172.191, 3, 1, ' ABXXBBXBBABBXXBBBXXXBDADAEXBCBXDBXBBBBBXXXXBBBEXXBXBBBEBBXBXCEBBXBXBXBXXBEXXABBXEABBBBXBXABXDXAXAXBD', 1, 47, 19),
(29282, 4, '016445', 28080, 85.464, 76.46, 161.924, 3, 1, ' XBBBBBAXBABBCBBBXBBABXBCBDBBBBBXEDCAXBBXXXXDXBXXXXEBCXXABBXXDBXCEXXDBBXBBXBBBXBBXXBEEXXDEBBXCXXBBXXD', 1, 45, 21),
(29283, 5, '021679', 28081, 75.286, 79.533, 154.819, 3, 1, ' ACBBBXBBBXXBBBBBACEEBBBCXBBBBBXXXXEBXBXBEXXXBBXXXXXXXXAXXBXXXBXEBEBXBXBXBBXBBXXXBXXXXXBXXXBDBBXBXXXX', 1, 41, 12),
(29284, 6, '040466', 28082, 81.394, 63.212, 144.606, 3, 1, ' ABBXBBBBAXBBXBBBCBXABBBBBXABCBXXEDBXXXXEXXCXXBXXBXDBXXXBBBXBXXBXXBXBXBXXXXXXXDXXBBXCXXXXCXBXXDBEBXXD', 1, 39, 14),
(29285, 7, '029698', 28083, 54.936, 85.639, 140.575, 3, 1, ' XBBCEBBXDAXXDBXXBBBABBBXBXCCXBBXXXBXXXBXXEBBEEXXBXXABBXXCBXEXBXBBBBXEXBXEDEXCBBXDXBXXBBXBDBADABXXBBX', 1, 40, 22),
(29286, 8, '023223', 28084, 76.305, 64.228, 140.533, 3, 1, ' AXBBBBBBBACXCDXBCBBXXBBBBCBBBBEXBXXXDXXXBABBBBEXBXDBXXXBXXDXBBXBBXAXBXCCBXXXBDBXXDDXXEXXXXXXXBXXXXXD', 1, 39, 18),
(29287, 9, '049459', 28085, 62.063, 76.48, 138.543, 3, 1, ' ABBBXAXDBAEBXBXBXXBXBBBBXXXXBBXXXXDXXXXXBXXBXXXXXBBXXXXXBXXBXXBXXBXXXXXBXBBXBBBXXBXXXBXXXXXXBXXXBXXD', 1, 35, 4),
(29288, 10, '042091', 28086, 65.114, 70.354, 135.468, 3, 1, ' ABEXBBBXBXBBXXEXXBBABBBBDXBDXBABBXAXXBXBXXABBBXXXDXXXXXXBEBXBDXXXXXXXXXXBBXBXXXBXXXXXBXBBXXXXXBXXDXD', 1, 36, 11),
(29289, 11, '011831', 28087, 63.076, 66.28, 129.356, 3, 1, ' BBBBBBEXXXEBBBDXBBXXXDBBBBDBBBXCXXBBXBXXBXXXXXBXBBXXXXXXXXXXXXXXXXBXXXXBXXXBBBXXBXBXXXABXEBBXXXXXXXX', 1, 34, 9),
(29290, 12, '013836', 28088, 50.866, 77.491, 128.357, 3, 1, ' EBXBXBXBXAXXBBBXAXBACXBBBDCXBAXBBXXXXXXXXXXXBAXXAXBBBXXBXEXBXCXBXXBXXDBCXBBXXBXAXXXXBXBBBXXABXXXXBBX', 1, 35, 14),
(29291, 13, '031503', 28089, 60.031, 65.259, 125.29, 3, 1, ' AXDXBBBBBXXBXXXBBXXABXXBXXBBXBXXXXBXEXBXBXXBBXXXXXXXXXBXBXBXXBXXXXXXXXXBBBXXXBXXXXBBXXXXXXXBCXXXXCBE', 1, 32, 5),
(29292, 14, '049437', 28090, 48.834, 74.428, 123.262, 3, 1, ' ABXXXBBBBXBXBXDXBXXAEAXBXDBBXXXXBXXBXBBXXXBBXBXCXBXDBXBXBDXBXXECBBXXCXXDBBBXXXXXXCXXXXDXDXXABXXBXXBD', 1, 34, 15),
(29293, 15, '033438', 28091, 40.688, 81.56, 122.248, 3, 1, ' AXBXBBXEBEBBXBXXAACBXXBEBXEXBBABXXXXCDXXBXXBCCBEBBDXXXBBXXXBXXXXEBAXBCBDBCBBBXCAXBBXXBXBDXXXBCXBBXXD', 1, 36, 24),
(29294, 16, '020066', 28092, 65.114, 55.049, 120.163, 3, 1, ' AXCCEBXXBABXBBBAXXXABBXBBBBXBBBXAXXCXXXXXBXXCXBBXCEXXADXXEBBBXXXBBXBBXXXXBXCXXXCXXBCXXAEXBXXXBXBXDBX', 1, 34, 18),
(29295, 17, '011781', 28093, 63.076, 54.023, 117.099, 3, 1, ' AEBBEXXBBAXBBDAEBXBABBEBBXBXBXBXBXCBXXBXXDXAXAXDXBAXXBBXBXCBAXDBXXXCXXDAXAXBXXCEXXXBDXBXBBXXDBXBXCBC', 1, 35, 25),
(29296, 18, '005501', 28094, 60.025, 56.075, 116.1, 3, 1, ' AXBDDXBXBABXXXBBBBXABBBEBAXXEBBXBEXBXXBBXBBDXBXBCXXXEBXEXXXXXXXCXBXXXEXXXXXXXXXCDXXXXXXXBBBXXXXBBXXX', 1, 32, 14),
(29297, 19, '045131', 28095, 79.362, 34.669, 114.031, 3, 1, ' ABBXBBBXBXBBCXBABXXABBBXBBXBBBXXXXXXXXXXXXXXBXXBXXXXXXXXXBAXBXXXXXXXXXXXXBXXBXXXXXXXXBXXXBXBDXXXXXXX', 1, 29, 4),
(29298, 20, '025252', 28096, 38.65, 74.423, 113.073, 3, 1, ' XDXBXBDDEAABBEEBBEBXBXXBCXBBDXDXXAXBEXAAXXEXXBXXBBXXACBXBBXBBABBBXXXDXXBXXBXAXXBCBXBXXCBAXXBXXDBBBXX', 1, 34, 25),
(29299, 21, '049113', 28097, 47.815, 63.207, 111.022, 3, 1, ' AXXBBBXDAAXBBBBBXDXABXDXXXCXXBXBXBXDBCBXXBXXBAXEXBBAXCBXBEXXXXXXXBXEXXBXXXBBAXXDBXXBXXBXXAXXXAXDXBBE', 1, 32, 19),
(29300, 22, '015723', 28098, 61.044, 47.917, 108.961, 3, 1, ' ABBXCBCBBABXXBXXBXXAXXBBBXACBBBAXXXXBXCXDXBBXBBXXXXXXDXXXXXXXBXXXBXXXXXBXXXXXXXBXXEXXXXXDXBXXBCEBABX', 1, 30, 13),
(29301, 23, '010013', 28099, 72.241, 36.706, 108.947, 3, 3, ' AXXXBBXBXAXXXBABXBBAXBBBBBBBXBXXXXXXBXBXXXXXXXXXXXXXXXXXXXXXXXXXXXXXXDXXBABXXXXAXXXBXXXBBXXXBBXBAXXX', 1, 28, 5),
(29302, 24, '029817', 28100, 70.203, 37.727, 107.93, 3, 3, ' ABBXEXXXBABBBBXBXCBAXBXBXABBBBXXXXBXXBXBXXXXXXBXBBXXAXXXXBXXXXXBBXXXXCXXXXXXXXXXXXXXXXXXXXXBXXXEXXXX', 1, 28, 6),
(29303, 25, '019571', 28101, 75.292, 29.559, 104.851, 3, 3, ' XBXXBBXBXAXBBBBBBEBABBBXXCBBXBXBXBEBXBXBXXXXXXXXXXXXXXXXXXXXAXBXEXXXXEXXXXXXXXXXBEXEEXXDBXXXDBXCXCXD', 1, 29, 13),
(29304, 26, '046258', 28102, 63.076, 39.759, 102.835, 3, 3, ' EBBXBBBEBABAXEBBXBBXBXBEXBXBBDXBXXDXXXXXXXXBXAXXBBXBXDEBXBXXXXEXXBXEXXBXXXCXXBXXXXXXEXXXXDXXXBXBXXXX', 1, 29, 15),
(29305, 27, '050234', 28103, 45.771, 56.075, 101.846, 3, 3, ' BABBAXBXBXBBBBDDBCXADBDEBDCBBXDXXBXXEXBXBXXXABBBXXEXXXXXXXCXXXXXCBXXXXXXXXXXBXXXXEXBBBXXBXXBBXBXXEBC', 1, 30, 20),
(29306, 28, '026087', 28104, 53.911, 46.871, 100.782, 3, 3, ' EBBEBXACBCABEBEBBBDABBXXABBBEBDXXBBDDXDXXXBXCXBXBCECBXEBCDCXXXXBABCBEBBABACEBEXAXXEBXBXBXXCDAAECBBAA', 1, 35, 41),
(29307, 29, '038841', 28105, 78.343, 22.432, 100.775, 3, 3, ' XBBXXBBBBAEBABBBBBEXBXBBBBXBBXCXXXXXXXXXXXXXXXXXXXXXXXXBBXXXXXXCBXXXXXXXXXBXXXXXXXXXXXXXXXXXBXXXBXXX', 1, 26, 5),
(29308, 30, '043922', 28106, 68.165, 31.601, 99.766, 3, 3, ' ABAXABBABXCBBBBBXXEXXBBBBBBXBBXCXXXXXBXXXXXEXBAAXBBXXXEXXXXXXBXXXXXDXXBXAXXXXXXXEXXBXXXXBXXBXXXEXXBX', 1, 28, 14),
(29309, 31, '021754', 28107, 47.815, 50.98, 98.795, 3, 3, ' DBBBXXXXXAXXBBEBDCBXXBXBBBXBXCXXBBXCXXXXXXBXXXXXXXXEXXBXBBEXXAXXBBXXBXXXXXXXCXXXXXXXXBXXBXXXDXBBBXXX', 1, 27, 11),
(29310, 32, '040713', 28108, 38.65, 60.124, 98.774, 3, 3, ' EBXCBBBBXDBEXXCCEDBAXBXXCBDBXBCBXDXBEECEXADXBBAACBADCBADXDXEBBDBCBXXBBXBDXBBBEXEEEABBCABBAEXXXBBDABA', 1, 35, 43),
(29311, 33, '025614', 28109, 34.574, 63.197, 97.771, 3, 3, ' BABABAABEABCBBBXECXDEEXBBEBBXAXXXXBDCABCXXCBBBAXDXAEEXXBXAXXXCBEBXXABBBBDBEBBCXXXDCXXBBEXXBBAXBXXABX', 1, 33, 36),
(29312, 34, '001849', 28110, 45.783, 50.965, 96.748, 3, 3, ' ABXDXXDXBXXXXXBBXBXAXXCBBBBXXBCXXBXXXBAXBBDXEXXCCBDXXBDXXCAXXXBXXEXBXXXBXXXBDXDEBXXXEBXDXBBBXCBXAXBX', 1, 29, 21),
(29313, 35, '047643', 28111, 42.726, 53.012, 95.738, 3, 3, ' XBBXBEBBXXEBXBBXBXXADEBXXXABEXXXXXBXXXXEXXXBXAXEBBBXXCXXXXXECXBXBXBXXBXCXBXXXXXXBBXXXBBBDXABXXCXXXDE', 1, 28, 18),
(29314, 36, '043811', 28112, 53.923, 40.78, 94.703, 3, 3, ' XBBXXXXXCXBBBXEBXBBAXCXBBBXBXBXBXXXXXXXBXXXXXBXXBBBXXXXXXXXXXBXXXXXXBBDDXEXBXXXXXXXDXBXXXEXXXXCXCXAD', 1, 26, 11),
(29315, 37, '043708', 28113, 60.025, 34.659, 94.684, 3, 3, ' AXBXBEXXBABXCBBXBCBABXBBEBXXBDXXCXXXBDBXXXXXXXXXXAXXXXXXXXEXXXBBXBXXBXXEBEXXXXBXBBXDXCXEXBXXXXXXXXDX', 1, 27, 15),
(29316, 38, '015505', 28114, 63.076, 31.596, 94.672, 3, 3, ' XBCCCBXXBABXBBBXABBXBXBBCBABBBAXXDXXXXXXXXXXXBBDXCXXBDXAAXXXXEXXXXXBBXXAXXXXXBXACXXXXXBXXXXBDXXBBXBA', 1, 28, 19),
(29317, 39, '014447', 28115, 40.682, 51.966, 92.648, 3, 3, ' AEEEXXBBABEBXBBBCBBBAXAXBBCCBBXBBEXXBAXABXCEBXCCACBACDCACABXDABCXXDDCCACXBEBBXBBEXXXDEBCBEEBXBBXBBCD', 1, 34, 45),
(29318, 40, '046992', 28116, 50.866, 39.759, 90.625, 3, 3, ' AXBBCXBXBADXBXXBXBXABAXBXBDBDEXXXBXBXXXXXBXXXXBXBXXXDXXXEXAXBXXXXXXXBBCAXXXXDXBXXEBXXXXCXBXXBDXXXXXX', 1, 26, 15),
(29319, 41, '010258', 28117, 61.044, 29.564, 90.608, 3, 3, ' ACBBXBBXDABXXEBBBXCXXBXXXBBBBBXXXXXBXXXXEXXXCXXXXXXXXXXXXXXBXXXXBXXBXXXBBXXBBXXDCAXXBXXXAXXXXXXEXXXX', 1, 25, 11),
(29320, 42, '035089', 28118, 38.656, 50.965, 89.621, 3, 3, ' XXBXXECBXEDXBAXXXBBAXABXXXBBBBDDXBBCXXXDXXBBADEDXXXXEEXAXXXXABBBAXXBXBBXXCBAXXXXBXXXCDXXXBBXBBEXXXBX', 1, 28, 24),
(29321, 43, '039334', 28119, 35.605, 53.022, 88.627, 3, 3, ' DXEXDXXBXBXCBXXBBBBAXXBBXXXBXXCXXBBBXXXXXXXBXXBXXXXBXXXXBXXBXXXXXBABXXXBXXXBXXXXXXXXXXAAXXXXBXXBXXXX', 1, 24, 9),
(29322, 44, '044531', 28120, 54.942, 32.627, 87.569, 3, 2, ' AAXXXXBBBABBXXXBXXBABXBXXBBEXXXXXXXBXBXBXABXXXXXXXXXXXXDXXXXAXXXXXBXXXXBXXCBXXXXBXXXBXXXXXXXXXXXXXXX', 1, 23, 6),
(29323, 45, '022377', 28121, 50.866, 36.696, 87.562, 3, 3, ' ABXXXBBBDAEBBEXAXXXAXBBBBBXAEXXXXXXXBCXBXXXXDBDXXCBXXXXBXXXXXEXBXXEXXBXXXCEEEXXBXBXXXXXXXBXXXXAXBCXD', 1, 26, 18),
(29324, 46, '013496', 28122, 51.885, 34.649, 86.534, 3, 3, ' ABCBXEXBXAXBBAXXBAXXEBBXBBXXBBXXBXEXBXCXBBXABXCBXXXXXCXXBBCXXXBXBXCDXXXDXDXBXCCAXXXEBXCXXXEXXXEBDXXX', 1, 27, 23),
(29325, 47, '024959', 28123, 61.044, 25.485, 86.529, 3, 3, ' ABBBXBBBAXXBXEXBBBEABBEXXBXXXBBXXBXXBXXXXXXXXAXBXAXXACXXXBXXXXBXXXXXEXXDXXXXXXXXXXXCXXXXXXBXXXXXBXXX', 1, 24, 11),
(29326, 48, '005603', 28124, 35.587, 50.93, 86.517, 3, 3, ' DBDCECBBBCCBEBEBCBEAACEDEBBBBCCBEBBBAADEDBCEEDABECEABBABDBBAEBBDAEBBBDBCAAAEDBDEDBBEDDBDCBEECBEDBCDE', 1, 37, 63),
(29327, 49, '003814', 28125, 54.936, 30.57, 85.506, 3, 3, ' XXBDBBBBBXXXXDBBBXACBBAXXDBBBBADCXXAABXXXBBBBACXXEXBEXXXXXXBBXXXXXCXDXXBXXXXAXDCXXXXXAEEBXXXXXXXBCXD', 1, 27, 24),
(29328, 50, '025625', 28126, 50.866, 32.622, 83.488, 3, 3, ' AABXBXXBBXXXXBABBEBABBBXDXDBXAXBXXXXXXBXXBBXXXXBXXXXXXABXXXXXBXXAEXXAXXXXDXXXXXEXXXXXXBXBXXXDBEXXXXX', 1, 24, 14),
(29329, 51, '040709', 28127, 46.796, 35.69, 82.486, 3, 3, ' ABBBBBXXBXEXXXXDXXBACAABXDBBBXXXBXXXXXBXXXXXBXXXXXXXXBXXCXXXXXXXXXXXXXBXBXXXBBBXXXXXXXXXXXXXXXXXXXXX', 1, 22, 7),
(29330, 52, '034194', 28128, 50.866, 31.596, 82.462, 3, 3, ' ABXAXXAXDAXXBBBDBBCXDBBBXBXXBBXXEXXXXXXXXXBBXXBEAXAXXXBBXCCXXBXBXBXXXBDXXEXXXBXDDXXCXCXXXDXBXXXXXXXX', 1, 25, 19),
(29331, 53, '047466', 28129, 35.593, 45.85, 81.443, 3, 3, ' BDBCBBBBXCCBXBEXBBAAADXADEXABBDDBXDEADBBDCACDBXEBEXCXCCXBEXBDXAXXXXXXEBXCCADBXXBCBBXDBDEXBBBBBXEDBEX', 1, 31, 44),
(29332, 54, '036537', 28130, 47.815, 31.596, 79.411, 3, 3, ' EEBCXXXBXABBBBXXBXBAXXBXAXAXBBBXXXXBBXXXXXXXBBXXXEXADXXCXXAXXCXXBEXXBXXXEBXXXAXDXBXXXXDXXXBXXDXXCXBX', 1, 24, 18),
(29333, 55, '000207', 28131, 40.688, 36.686, 77.374, 3, 3, ' DXXBBXBBBAXABEAXBCCDXBXBBBXXCXDXXCXXBAEXBDXXXXABXDBBXXBBBXXXAXAXBXXXXXEBBXCCDXXXBEXAXXXXEDBCXXEXXXCD', 1, 26, 28),
(29334, 56, '050548', 28132, 47.809, 29.529, 77.338, 3, 3, ' XXBBABBBBABXBCBBBBXCDEBDDCXXEXEBEBABXBEADXDXCXACBCXCCXEXXXCDXDEDBEXXDBABXAXBAAXXBEDEEBEBXDCBBBACXBDX', 1, 30, 44),
(29335, 57, '044694', 28133, 38.656, 35.685, 74.341, 3, 3, ' EBXXXBXXAABBXXCDXBDXXBBBBDBXXXXXXXBXXXXXBXDXXXXXBBXBXXXDXCXXXXXXXBXXXXXXXAXBXBXXXXXXXXBXBXXXXXXDXXXX', 1, 21, 11),
(29336, 58, '037791', 28134, 46.796, 27.522, 74.318, 3, 3, ' ABAXBABBXAADBXCXXBBXBBXXAXBXXBXCBXXBXBCXBBXXXXXXXXXXXXXAXXXXXXXXEXXXABXXBAEXXXXBXXBXXXXXXXXXXXXEXXXB', 1, 22, 15),
(29337, 59, '053856', 28135, 61.038, 12.217, 73.255, 3, 3, ' AXXEXCBBADBXBBBBBDBABBBXBEBCBCXXXCXXXXXXXEXXXXXXDCXXAXBXXXBDXEXDXXXCBEXXBBXXXBBDXDXXXXCXXAXXXDXXXXXA', 1, 24, 24),
(29338, 60, '047563', 28136, 52.904, 19.374, 72.278, 3, 2, ' XXBBBXXBBAXBBBXXBDCBXXBBBCBXXXXXXBXXXXAXBXXXBXXXXXXXXXXXXXXXXXXXXBXXXXXXXXXXXXXXXXXXXXXXXBXXXXXXXXXX', 1, 19, 5),
(29339, 61, '025222', 28137, 29.497, 41.791, 71.288, 3, 3, ' BXBAXCBXBXXXXBDXXXEXBXBBBXEBCXBXAXEXXXXXXXBBXBXXXBDXXXDBDXAXCBXXXXDCAXBXBXXXBXXXXAXDBXABXCAXXBXXXXBX', 1, 23, 22),
(29340, 62, '022404', 28138, 46.796, 23.448, 70.244, 3, 3, ' XXXBBXXXBDXCBBXBBBBAACBXDBEXXBXXXXXXXXAXXBXXXAXBXXXXXXXXXXXXBXXXXCXXAXXBXCXXXBXXBXXXXXXXXXXBXXXXXXXX', 1, 20, 11),
(29341, 63, '003569', 28139, 33.567, 35.68, 69.247, 3, 3, ' ADBXBBXXDAXBABEAEXXXXXXBXXBAXBXXXXXXXDBXAXBXXBXBXXXDXXXXXBXXCXXXXXXXBXBCBXXDXXXCXBXBEXXXAXBXXXXXXXXX', 1, 21, 16),
(29342, 64, '027316', 28140, 46.796, 22.432, 69.228, 3, 3, ' EBXXXDBXAAXBBXXBBBBAXCBABXXBDXXXBXXXXXXXBXXBXXXXXXBXXXXXXXEXXXXXXXXXXXXXBXBXXCXXXXXXXXXXXXXXXXXXXXXX', 1, 19, 8),
(29343, 65, '035255', 28141, 38.656, 30.565, 69.221, 3, 3, ' ABXXXXBCXADEEBXEXXXABBBXCBXXBXXADXEXXXBAXXBXEXXAXBXDXXXXBXBXBXDCXXBXDAXECABBXXDCDXDXXXXDBBXEXAXBXXBE', 1, 24, 28),
(29344, 66, '039638', 28142, 28.478, 38.743, 67.221, 3, 3, ' EBBBXCCAXABEXXXAABXAXAXBXXXBXXBXXXXXXXXXEXXXBXXXXXXXBBXXXXXXBXXXAXAXXXXXCEXXXXXXBXXBXXXXXXXXXBXBBBCX', 1, 20, 14),
(29345, 67, '043413', 28143, 34.586, 31.591, 66.177, 3, 3, ' XBXXAXBXXCBCBCXBBBXXBBXXCXXXBDBXXXXBBACXBXXBDXXXCXXXXXXAEXDXXCCXXBXXXXBDXXBDXEBAXXXBXXXXADBEEXXXXXBX', 1, 22, 23),
(29346, 68, '030388', 28144, 51.885, 14.239, 66.124, 3, 3, ' XXXBDBBBBAABBXXBXBEABABXXAXXBXBXEXAXXBECXXDAXEACCECBXXXXXBCAXXBXXXXEXAXEBXAXDBXXDAABXEXXBEDDEXBXDBDB', 1, 25, 35),
(29347, 69, '040479', 28145, 40.676, 25.43, 66.106, 3, 3, ' ABEDBBBEBDACECBECBBDBEABECBBEBBCCEADBBEBEEECEDBEBABBEEAADAEBBCBAAECCCADCEBDDBBDAEBCBDCEBBDDDDAEEAEBA', 1, 33, 67),
(29348, 70, '017421', 28146, 39.669, 25.48, 65.149, 3, 3, ' AXEXBBAXBXEXDAEXBABXBBEXCBXBBBXXXXXABXXXXXXXBXCXXXXXXBBXAXBXDXXXXXXXAXXBXCXXCXXBXXEXXEXXXXXXXXDDBXXD', 1, 21, 20),
(29349, 71, '051774', 28147, 26.446, 36.696, 63.142, 3, 3, ' AXBXXXXCXEBXXXXEBXBXXAXXDABBBXXBXXXEXBXECXXBXXXXXXAXDXXXXBEXXXXXXXXAXXXXXEBBBXDXDBXXXXXDXXXXCBBXXBBX', 1, 20, 18),
(29350, 72, '013721', 28148, 34.58, 28.538, 63.118, 3, 3, ' ABXBDEEXXXBBXXAABBEEABDXBXXBBEXXXXXXEBCXXXEXXXXAXXXXXAXXXBXBXAXXCXXBXBXXAXXABXXXBXXXBXXXDXXXXXXAXBAD', 1, 21, 22),
(29351, 73, '041686', 28149, 40.694, 21.391, 62.085, 3, 3, ' XXBXXXBXBABAXBCXCXXABXBBXXBAXXXXXXXXXDXXAXXXXBXCCXXXAXECCXXBXBXCBXCABXXXXXACXBXXXEBXDBXCXEXXXDXBEBXX', 1, 21, 23),
(29352, 74, '018946', 28150, 35.587, 26.456, 62.043, 3, 3, ' BAEBBCECADBEBBCCCBDADABBBBBCBCAEXEBDBAEBDDBABBBBXACAEABCBAAEADECADBBABDAACDAEDBACBXXEABAECXDDXABBCAC', 1, 31, 63),
(29353, 75, '006474', 28151, 40.694, 19.359, 60.053, 3, 3, ' XBBEABXXXXCXBXXXBBAAXBBXXXBXXBXXXXXXXXXXAXXXXXXDXCXBXXCBXEDXAXXCXBXXXXXEBXXXXXXEXXBXDCBXXXBBXXXEXXXX', 1, 19, 17),
(29354, 76, '046012', 28152, 39.669, 20.38, 60.049, 3, 3, ' ABXXXABXXAEBXBXBBBAACABBXDEDDXCBBBXXEXXAXXXXXDXDXXXDXXXXXXXABXXXXXAXXXXXXXXXBXEXXXBXXXXCXBXBEXXXXCXX', 1, 20, 21),
(29355, 77, '051051', 28153, 25.409, 34.619, 60.028, 3, 3, ' DBBBECEBDCDCCADBCEBDBCBBCDBCBAAECXAEXAECADBXCACBCBXBABBEABXXXECEBBABEBEBXXDABBEBCCDEABDACDBAAAEDCBBE', 1, 30, 61),
(29356, 78, '020784', 28154, 27.447, 31.566, 59.013, 3, 3, ' ACBBBCDBCAXEBEBAEDACDBBEXDBEDEDDCDXEBBCEXEBXDXDBXCDBAXAEBXABBCXDEDCDBCBCBBXDBDDXDCDXXBAXCXXBEEBBXEAB', 1, 28, 54),
(29357, 79, '011266', 28155, 45.771, 13.208, 58.979, 3, 3, ' BBBECBBXDBBBBEXBBBCDXBXBCDABXBEXABACXAXDXBDDDBEXBCXADEBABXDXBXEDACCXAXDDXCBDXEABBBCBECABDCEAEXXXDAXX', 1, 27, 50),
(29358, 80, '053294', 28156, 19.325, 38.743, 58.068, 3, 3, ' XBABXXXXDXDXXBXBBXEBXBXXXXXXXXBXBBBXXBXXXXXXEXBXXCAXBXAXXXXXXXXXXXXXXXXXBDXXXBXXBXCXXXXXXXXXXXXXXXXD', 1, 17, 11),
(29359, 81, '017382', 28157, 30.51, 27.527, 58.037, 3, 3, ' ADBABXBXXCBECBCXBXXBBBBXAXXXADXXXXXXXXXXXXXBBXXBXDXXXXXXXAXBXXXXXXXXXXXXAXAXXXXXEXXXXBBXXXXXBXBXXXXX', 1, 18, 15),
(29360, 82, '042355', 28158, 37.643, 20.38, 58.023, 3, 3, ' XBBBXXXXBXBXEXBAXEBXBXXXXBXBXXEXXBAXEBXXXDXAXXXBXXBXXXBXAEXXXEXXXXCBXXXXCXXDXXXBXXXXXXCXXXXBXXXXXXXX', 1, 18, 15),
(29361, 83, '028311', 28159, 40.688, 17.317, 58.005, 3, 3, ' DBDBBAXDXAXBXXXBXBBXBADBXCBBCXXAXBXBXDXAXXXXBDXEXXXXAXXXXXXXAXBXXXCXXXXXAXXXAXEBXBXXDXXXXXXCXBCXXBEX', 1, 20, 23),
(29362, 1, '013814', 28159, 67.152, 105.028, 172.18, 2, 1, ' ABBBBBBXAXXXBXXBXBBABBXBDBBXXXXBXXXBBBXBXBBXXXBBXEBXXXXXEXBXXBXBXBBBXXXCXXBXXBXXXBXXBBBXXEXBBXXBCXBD', 2, 44, 7),
(29363, 2, '009161', 28010, 49.847, 93.792, 143.639, 2, 1, ' CADBXXDBXXBBBBXBABXCBBBBXXBXBEXBXBBBBCDBXXXAXCXBBXBDXXBCBXXBXBBXBCXBBBBAECXBBBXBBBXXADCXBXEEEBABECXB', 2, 42, 27),
(29364, 3, '017841', 28011, 55.955, 73.407, 129.362, 2, 1, ' XXBBXEBBBCXBBDXBBBBABEXEXBXXXBXXXXBBDXXBBAXBAAXBBBBBXXBXEXXBDXXXBEXXBBXXXXXBBXXXXXDEBEDEXBXBBXXXXXXX', 2, 36, 17),
(29365, 4, '030871', 28012, 83.432, 43.838, 127.27, 2, 1, ' AXBBBBBBBABABXXBBBBBBBXXBBBXBXCCBEXXXDXCXXXXXXXXXXXXXXXXXDXXXBXBXBXXBEBXXXXXXXBXXEBXXBBXBXXBBXXXXXDX', 2, 34, 11),
(29366, 5, '027263', 28013, 65.114, 53.017, 118.131, 2, 1, ' CBBXBBBBBAXXEXBXBABXBXBBBBAXBXXXXBXBXEBXXXXXXXXXXXXXXDXEEXXXBXXBBBXBBBBAXBXXXXXBDCBXXXXXXEXXXXBXXXXX', 2, 32, 12),
(29367, 6, '024097', 28158, 63.076, 53.012, 116.088, 2, 1, ' BBXABXBBBABDBXBXBEBAEXBABBBXBXBEXAXXBXCXBEXXXXXXXXBXXBXBXBBXBXXBXXXXXXXXAAAXBXBXAEXEXBXXEXXBBCXXBXXX', 2, 33, 18),
(29368, 7, '047438', 28015, 45.783, 69.333, 115.116, 2, 1, ' AXXBBXBXBDBXBXXXXBXABXBBXEXXAXXXAXXXBXXBXBBXXXBBBDCAEBXXXEXBEBXBXXBXXXXXXBXXXXXBXXXXXXXBBEXXXBXBBXXX', 2, 31, 11),
(29369, 8, '023827', 28016, 45.783, 69.333, 115.116, 2, 1, ' AXXBBXBXBDBXBXXXXBXABXBBXEXXAXXXAXXXBXXBXBBXXXBBBDCAEBXXXEXBEBXBXXBXXXXXXBXXXXXBXXXXXXXBBEXXXBXBBXXX', 2, 31, 11),
(29370, 9, '052793', 28017, 47.809, 66.28, 114.089, 2, 1, ' XBBBXXAXBECBEBBBBXBDAEBBXCXBDBCXBXXXXBBXXXBBXXXBXXXXBXBXXXBXBXXBXXXXXBBBXBXCXXBXXXXXXXXXXXXXXXBCXXXX', 2, 31, 12),
(29371, 10, '030509', 28018, 45.777, 68.307, 114.084, 2, 1, ' XBCXBDXXBDXBAXBEXBBBXBXBBBDBXBBDXXXXBXXXXXXXXXXXXBXBEXBBXBXDBXXXBBCDXXCXXXXBDBXAXXBBBABAXBXAXDXXBBAD', 2, 33, 20),
(29372, 11, '048263', 28019, 59, 53.012, 112.012, 2, 1, ' ABBXXBBABDCBBEBCBXBAEBABBBACEBBAXBXXXEDBXXXXXBXXXXXCXXXXBBXBABXABBXXXXCCBXXXXXBXXBXXCBBBXXXDXXXXXDXA', 2, 33, 22),
(29373, 12, '047925', 28020, 66.127, 41.806, 107.933, 2, 1, ' AAXBCDXABDBBXBBBXBBABBBBBCXBABBXBXXBXXBXXXXXXXXXXXXXBXXXBCXXXXBXXXXXXXXXXXXDXXXXXAXXBXXXXXXBXBXXXBXX', 2, 29, 10),
(29374, 13, '029839', 28021, 56.974, 47.927, 104.901, 2, 1, ' XXBXXBBBBABXBBABXBXAXXBDAXXBCBXXXXBXXBXXXXXXBXBXBXXXXBBXXXXXXXXXBXXBXXXXXXXCBXXXBXXXXBXXXXXXXXXXXXXX', 2, 27, 5),
(29375, 14, '018245', 28022, 35.587, 66.23, 101.817, 2, 1, ' ABBBEBACBBADCCBDECADBEBBCCBBBEEEBDCBBBDBABBBABEECEDDBBDBBAAAAAABAEBDAABDBADBBABAABAEBBEEBDCBBAEEEBAC', 2, 40, 60),
(29376, 15, '019283', 28023, 54.936, 46.881, 101.817, 2, 1, ' ABXXXXDEBXBBXBBABXBXBBXECABBBBXDBXCXBDXBXXXBAXDXXEBXXXECXABXBBEEBXXXBBXXXXAXBABCEECDBXBXXXBXEXCXACXD', 2, 32, 28),
(29377, 16, '038761', 28024, 49.847, 50.965, 100.812, 2, 1, ' BBBBBXBAXAXBXBXEBXDXXEBBEBBEBXBXBBXBXACBXXXEDBABXBXBBXXDXXBAXXXDXXXXXXDXBXXXBXBABXCEEBXXXECXBACCXXXX', 2, 31, 25),
(29378, 17, '039006', 28025, 53.923, 45.885, 99.808, 2, 1, ' XXBXBBXBBABBDBXDBBDAXBBXXXXXXXXBXXXXXXXXXXBXBXCXCXXXXXXXXXXXXXXXBXXXBBBXXXXXXXDXXBXXXXXXBBXXXXXXBXBX', 2, 26, 6),
(29379, 18, '004849', 28026, 48.828, 50.975, 99.803, 2, 1, ' DXBEXBCEBAAXABBBXABCBBXBBXXBXBEXBXXBXXXBXXXXXXXXXXXABXXXXBXXXBBXXXXEBBBXXXXXEXCXXCEDCXBBBXXAXXXBBXXX', 2, 29, 18),
(29380, 19, '001432', 28027, 64.095, 31.611, 95.706, 2, 1, ' ADBBXBBBBAEBDXXXXBBADBXABBXBXBXXXXXXXXAXXXXXXXXXXBBXXXXXXXXXXXXXXXXBXXXBXXXXXXXBBXXXXXXXXXXXXXXBBXXX', 2, 25, 6),
(29381, 20, '032447', 28028, 30.516, 64.233, 94.749, 2, 1, ' XBEXADBXBXBXBBABXBXEXAXXXXXXXBBXBXBXBEXXEBAXXXXXXXBXXXXABXXBXXXBADXAXBXXXXBXBBXBXXBXBAXXDXXBXXBXXXXX', 2, 27, 15),
(29382, 21, '015074', 28029, 60.025, 34.654, 94.679, 2, 1, ' ABBXXBBDCEBXBEBBXXBABABXXBXBXBXXXXAAXBEBCBXXXAAXXBAXBXXXXXEXXDXXXBXXXBBBXXXXXXXCXXAXXBXXXBDXBCXXDXXX', 2, 28, 19),
(29383, 22, '022813', 28030, 46.796, 35.68, 82.476, 2, 1, ' XXBBXDXXDDXBXXCBDABABBBBXXBBBXXXXCXXBXXAXXXXAXXXXXXXXXXAXXXXXBXXXBBXXXXDXDXBBBCXXXXXBBDXXXXXXXCBXXBX', 2, 24, 15),
(29384, 23, '027426', 28031, 40.688, 39.759, 80.447, 2, 1, ' AXBXAXXDBAXBCXBXXEAAXBXBABDCBBXXBXXXXXBXEXXXXXBXEXBXXXXXXXXXBXEBXXXXXXXXXAXXDXXCCEBBXEXBXXXXXXXXBXBD', 2, 24, 17),
(29385, 24, '002779', 28032, 29.491, 49.939, 79.43, 2, 1, ' BBXXXBCBEABEAEBXABXXXDBXECBXBDXABXAXBBBCABXBDXXXXCXCXAXXEXAXXXADAXBXXDCCBBXXAXCEXXXCCXBXBBCBBBBEXBXD', 2, 28, 34),
(29386, 25, '030774', 28033, 46.802, 31.606, 78.408, 2, 1, ' AXBCBXXBBABXEXXXXXXAXXXBXBBBXXCXXXXBBXXXXBXXXBXXXXXXXXXDXBEXXXXBXXXXXXXXXXXXXXXXXXXXBXXBCXXXXBXXXXCX', 2, 21, 7),
(29387, 26, '050514', 28034, 42.72, 35.675, 78.395, 2, 1, ' XDABBBBBCXCABBBXBCEBBBXXXXAEBBEXXBXXXDXXXXXXXXXXBBXXBXXXBXDXEBXXXDAXBAXXBXXXEXXCXXBXXXADXXAXXBXBXXAD', 2, 25, 23),
(29388, 27, '036889', 28035, 49.847, 26.511, 76.358, 2, 1, ' ABBDBXDAXABXBBXXXXDXBBCBXBBCBEXBXXXXBXXXXXXXXXXXXXXXXXXXXXXXXXXXXXXBXBCBXBXXXXXXXDXXXXXXBXXXXXXXXXXX', 2, 21, 9),
(29389, 28, '041484', 28036, 44.752, 31.601, 76.353, 2, 1, ' XBBBBXXBDXABBBAABAECEBBBABAEBDXXXXXCXXXXXXXBXXXXXBBXXXXXXBXAAXEXBXXXXXXXBCDXXXXXXAXXXXXXXXCXDBXBXBBX', 2, 24, 21),
(29390, 29, '039014', 28037, 47.815, 27.527, 75.342, 2, 1, ' XBXBXXXBBAXBBBBXAAXXBAXEBXEBBXBXXXXXXDDXXXXXXXXXXXXXXXXBDXXXXXXXXBAXXXXXXBCXXXXXXXXXBXXXXXXXBXXXBBXX', 2, 21, 10),
(29391, 30, '027922', 28038, 36.618, 37.712, 74.33, 2, 1, ' XBBDBXXBBCXXAXBAAXBABXEAABXXXBXDBAXXXXXXBXXXXXBXXXDXXXXXXDCBBXXXBXXBBXBXDXXEADXXEXDXXXXABDXDBABXXXXD', 2, 24, 23),
(29392, 31, '030183', 28039, 33.567, 39.759, 73.326, 2, 1, ' XXXXBCXBBXBCBCXEBBXEEXBXBXXBEXXXXXXXXDXBXXXAXXXXXCCXXBBXBXBBXXBBXXXXEXAEXXXXXXXBXXBXBXXBXXXXEXCXXXXX', 2, 22, 16),
(29393, 32, '001925', 28040, 37.637, 31.596, 69.233, 2, 2, ' ACBBXBXXXXEBXXXBBBDXBBABXCXCDXXXXEXXXXBXXBXXXEDEXABBBXXXXXXXXXCXXXXEXBAXXBXDXXXXXBXXAXXXXBXDXDBXAXBX', 2, 22, 20),
(29394, 33, '038145', 28041, 37.637, 31.596, 69.233, 2, 3, ' ACBBXBXXXXEBXXXBBBDXBBABXCXCDXXXXEXXXXBXXBXXXEDEXABBBXXXXXXXXXCXXXXEXBAXXBXDXXXXXBXXAXXXXBXDXDBXAXBX', 2, 22, 20),
(29395, 34, '002232', 28042, 34.586, 32.627, 67.213, 2, 3, ' AABDBXBBXXEXXXXXBBXBDXBXBXBXXCXXXXXXXXXDXXXXXXBXXXXBXXBBXAXBXXXXXXXXCXXXXXXXXXXBXXXXBAXXXXXXBBXXXXXX', 2, 19, 10),
(29396, 35, '049315', 28043, 30.522, 35.685, 66.207, 2, 3, ' XXXXBBXBXXXDXXBXAXBABXXBXXXXXXAXXXXXBXXXEXXXBBXXXXXXXXCXXBXXXXXXXXXXXXBBXXBBXXXXEXXBXXXXBXXXXXXXXEXX', 2, 18, 7),
(29397, 36, '039941', 28044, 33.573, 31.606, 65.179, 2, 2, ' EBXXBXBXXXBBCXXBXAXAXXBXXXXBXXXXBXXXXXBXBXXXXXXBXXXCXXXXXEXXXEXXXXXXXBXXXXXBXXXXXXXDXXXXDBXBXXXXXBXX', 2, 18, 8),
(29398, 37, '027094', 28045, 29.497, 35.68, 65.177, 2, 3, ' AXAXXDXBXXXEXCXXXEBABBXABEBXBXDBXXXXBBXXAXXXXXXXBXXXXBXXDXBXXXXBXXXBXXXXCXCCCXAXBXXXEBBXXXXXXXXXXXXX', 2, 20, 16),
(29399, 38, '029244', 28046, 24.396, 40.745, 65.141, 2, 3, ' DCBXDBBDCECBXDAADCBAEBEBDBDBXXAXECBEXXDBABADBDXCDBACDXBCCBCADXBEXDXEBXECAXDXDBCCCBDXDXAXXBACBBBBBBBA', 2, 29, 52),
(29400, 39, '028248', 28047, 40.688, 24.449, 65.137, 2, 3, ' EDBXBBXXDXXBDXCEBBCXXBXAXBBBBBCXDAXXXXXBXDXXCAXXXXXXEDXDXXEXBBXEXEDEDXXEBBEXBBXXBBBXXXBXXXCXXXXXDXDX', 2, 23, 28),
(29401, 40, '010508', 28048, 31.529, 32.607, 64.136, 2, 2, ' DXXBCBBXXAXDCABBAXBCXXXXCXBEBBEXXBXBDBXXXXAXXXXXXXCBXDXXBBBCCAEXEDBXXABAEBEXXXXXBXXXACXXBXXXCXEXXXBE', 2, 23, 29),
(29402, 41, '028553', 28049, 21.345, 37.672, 59.017, 2, 3, ' BAXDACXCAADBEBXBXAXABBCEBBAAXACBBCDBDAABCABECDBCBDDEDCCEEBDBBDDDAEDDEXABCBXAEDDACAABABBBBCCDCBEBBCED', 2, 30, 62),
(29403, 42, '018262', 28050, 44.758, 14.224, 58.982, 2, 2, ' BXXDBAXBBCBXBBDBBABDXBXBCXXBBXEXEBAADDDDXECBXABAEDBBABADDCCCXAXEXXABBXBEABDECDAXXCXDAXCDXBCCCBDEBXDD', 2, 27, 50),
(29404, 43, '040853', 28051, 41.713, 13.228, 54.941, 2, 2, ' ABBAXBXBBXXXCXXXXBXAXXBXEBXXXBXXXXBAXXAXBXCCXDAXXCXBXBAXXDBXXAXAXBBEXCXXEDXXXCBXCEXEXXXXXXDBXDXDXXCX', 2, 20, 26),
(29405, 44, '026726', 28052, 23.395, 30.58, 53.975, 2, 3, ' AXXXXXXEXAXEXBXDXXAXBBXAXXXBBXDXXXXXXDXXBXXXDXXCXBXXXXXBXBXXXXXXBXXBABDXXXXXCXXXEXXBXXXXXXBXDXBEXXXX', 2, 17, 15),
(29406, 45, '041499', 28053, 29.497, 24.444, 53.941, 2, 3, ' ABXDXXXBXBXBBXXCBXDCCXXBXXXABBCXBXXBDDXXCXXXDXXEXXXAXCDXXXXDBCBXXCXEDCXBBABXCXXAXBXXXXCXBCXDBXBBCXAA', 2, 21, 31),
(29407, 46, '029394', 28054, 32.542, 21.396, 53.938, 2, 3, ' ECXDXEBBDAXXAXXEBBDABCCBBBCXBCXXXBCXBXXEXEEXXXEXXXXXXEAXXCXXXBXXXXEBXCXXXXXXEXXCXDBXXDXXAXXBXBBXXBXX', 2, 20, 27),
(29408, 47, '047357', 28055, 34.58, 19.349, 53.929, 2, 3, ' ABXXXXBXAXEBBEDCAXXDBACCBBBXBBXXBCDAXXXBBXEXXXEDXXXXADAXACXXBXBXXXAXXXXXXXCDBXXXXDBXXAXXXBEBCXEXEXBC', 2, 21, 31),
(29409, 48, '050329', 28056, 26.446, 23.433, 49.879, 2, 3, ' XXEXXBBXBBXEXBXXXBXXBXBXXDAXDBXXBBCBDXXCXEBEXXXXXCXXBEXXAXAXXXDXXXBXXAXBXXEBXXXXXEXBXXDXECCXXBXXXXXX', 2, 18, 23),
(29410, 49, '028851', 28057, 33.567, 16.306, 49.873, 2, 3, ' AXXXXDBXXAXXXADDBBXEBBBXBAEBXXXXXBXXXAXXXXXAXXXXXXXXXBXBBXABXXXXXXXXCXXCXXXXDXXDXXXXXXXXXXXXBXXXXEXX', 2, 16, 15),
(29411, 50, '045288', 28058, 30.516, 18.348, 48.864, 2, 3, ' XBXBBXAXXBXXXXXBXBXXXCBBEEXBBAXXXXXXXXXXXXXXXXXXXAXXXXXXXXXXXEXXBXXCEBXXEEXXXXXXXXXXBXBXXXXXXXBXXBXX', 2, 15, 12),
(29412, 51, '031385', 28059, 29.497, 18.348, 47.845, 2, 3, ' XXXBBXCXCCDXBXBXDBXXXBXXBDCBBXXXXXBXXXXXXXXXXXXXBDCXXXXXXXXXBXXXXBAXXXXXXEXXXDXXXXAXXXXXXXXXBXBXXXXX', 2, 15, 13),
(29413, 52, '010992', 28060, 18.3, 28.543, 46.843, 2, 3, ' EXXXXBAXXABXABDDBAXEDBXXBXXEEXXXXXDXXXXBXDXXXXXXEXXBXXXXXXXXXXXABXXXXXXXXBCXXAXXBXXBXXBBXXXCXDXXBXXX', 2, 16, 18),
(29414, 53, '034541', 28061, 26.446, 20.38, 46.826, 2, 3, ' XXXBXXBXXXBBAXDEXBXXXBXXXDBCBAXXXBXXDXXXEXXCXXXXXDDBXXXEXBXXBXXXXXXCXBXXAXXXAXEXXXXBXXXXXXBXXXXDBCXX', 2, 16, 18),
(29415, 54, '012922', 28062, 26.446, 19.364, 45.81, 2, 3, ' ACCXXXXXAXBXBBXBXAXXXXXXCBBXDBAXBXXXXXXBXXXXXXBEXXXXXEXXXXXXXXAXXBXDXXXXXXBEXXBXXXCXXXDBXXXEXXXXXXXX', 2, 15, 15),
(29416, 55, '032284', 28063, 34.58, 10.175, 44.755, 2, 2, ' CBDABXBBXEBDECBBXBBXEBXXABXXAXCDXXDXXXXXXXXDACXXXBXXXXCXBACEBXCXEXACXXXXXXBXBABXXAXCXDXXXXXXXXBXXXXX', 2, 18, 28),
(29417, 56, '020364', 28064, 21.363, 22.422, 43.785, 2, 3, ' XXEXXXXBXEBXDXBBBXXXXXXXXXXBXXXXBXXCBBXXXXXEBXBXXXXXXEXXAXEXXAXXXXXXXBXBXXDXXXXXBXXXXXXXXXXAAXXXXXXA', 2, 14, 13),
(29418, 57, '012197', 28065, 26.44, 17.317, 43.757, 2, 3, ' AXBCXEABAXACXADBXXXABDXXBBBXEXXXXXXXEDXAXXAXXDEXBBXEXXXABBXDXXXXXXXXCBXXXXXAXXXBAEXXEXAXXXXXXXXXBXXD', 2, 17, 25),
(29419, 58, '040961', 28066, 26.452, 15.285, 41.737, 2, 3, ' AXXXXBDXDXXXXXXXBXXABXBBXXXXXXXXXAXEBXXXXDDXXXXXXXXXDXXXXXAXXXXEXBXXXXXXXXXXXXBXXXXDBXXXXXXBXBEXXXXX', 2, 13, 11),
(29420, 59, '043066', 28067, 25.427, 16.296, 41.723, 2, 3, ' AXXBBXXDXXDXBEXXXXBXBABBXXXDECXEBXXXXBXAXXXDXXEXXXBBDXXXAXXDDXDXXDXXXXXCXXXEXXCEXXBXXXXXXEXBXXBBEXXX', 2, 16, 23),
(29421, 60, '029599', 28068, 33.567, 8.148, 41.715, 2, 2, ' XXEBBBXXEXBECXDXBBXXXCBBBDXXXBBXXXXXXXXXXXXXXXCXXXXXXDXXBXXXXXXXXXXXXXAAEXXBXXXXXXXXXXXXBAAXXXXXXXXC', 2, 14, 15),
(29422, 61, '014175', 28069, 13.211, 24.464, 37.675, 2, 3, ' ECBXDADXBABBXXXBXXADEDDXXXDXXXBXXXXDCXDXXXXXXXXXXXXXXBBBXXXAXXAXXBXXXXXAXXXXCXXBBXXXXXXXXXXBXXXEXXXX', 2, 14, 19),
(29423, 62, '007556', 28070, 33.567, -0.01, 33.557, 2, 3, ' XXBXXXEBXXDEBXBBBEXDBBBXXXBXDEXXEXXXXXDXXXXXXXEXXDXXXBXXXXXXXXDXXXXXXXXXXBXXXXXXXAXXXXXXDXCXXXXXXXXX', 2, 12, 15),
(29424, 63, '042883', 28071, 11.185, 21.401, 32.586, 2, 3, ' XXEXXXXXBXXXDXXDCXBXXXXXBBXEXXXXXXXXXADXXXXXXABBXXCBXXBXBXAXXXXEXXXXEXXXXXXXBBXAXXXXXXXXXBCXCXXXCXXX', 2, 12, 16),
(29425, 64, '037578', 28072, 30.516, 2.012, 32.528, 2, 3, ' ABBXACBCXXBXXBBXBXAXXECXXXXBXXXXBAXXXAXCXAXBXCXXAXXXEEECBEBBDXCXXXXXXXDXXCXXXDXEXBEXDXXXXXXEXXXEXCXX', 2, 15, 28),
(29426, 65, '009389', 28073, 28.478, -0.02, 28.458, 2, 3, ' XBXXBXXAXXBXAXXBXXBDEBXCBDBEEBCXXBBXXXXXXXEXXXXEXXXXXBXXXXXXDXXXXXXDCXDACDXXCXXXAXXXXXXCXXXEXXXXDXBC', 2, 13, 24),
(29427, 66, '015812', 28074, 11.173, 14.264, 25.437, 2, 3, ' ECCBCBEEXXBDDBXXXXDAEXDEXXDBXXBBCXCXXXXXXXXBAXXXXXXCXXCXXXDXDXXXXXXXXXXXXXXXXCXXDXXXBXCBXXBXXXXXXXXX', 2, 12, 23),
(29428, 67, '028527', 28075, 10.142, 10.13, 20.272, 2, 3, ' AEBABADBADBCAAECECDADAABACEBACCBCDCEBEADCDEEEDBBCCBADABEBDEBABCEBCDADABEEDEDDEBCBBECDAADDDBCCACBECCB', 2, 24, 76),
(29429, 68, '042069', 28076, 6.084, 11.186, 17.27, 2, 3, ' XAXDBXXXCCBDXXEXXBBBDDEDCBCCXXXBAXXEXXCXXXDXXXXXXABXEAEXBBDXAXXEEBDXXEXAEXXXXBXDXXBBXAXCCAXCDXXDEBXX', 2, 14, 39),
(29430, 1, '053096', 28077, 81.394, 124.397, 205.791, 3, 1, ' ADBBBBABXABBBXXBBBBEXBBDXBBBBBXBBBBXBCBXXBBBBXECBXBCCAXBXBXXXXBEBBBBBBXBXXXBXXXBDBBXBEBBXXXXBBBXBXCX', 2, 54, 14),
(29431, 2, '045847', 28078, 88.515, 115.208, 203.723, 3, 1, ' EBBBBBBCBACCBBBBBBBABXBBBBBDXBCXADBBBEDXBBCBBCCBXBXBXXEAXXBXDBBXBCBXXBBDBBBXXEBBBBBABDDDBBXXEXBBBBXD', 2, 56, 24),
(29432, 3, '049686', 28079, 54.936, 117.255, 172.191, 3, 1, ' ABXXBBXBBABBXXBBBXXXBDADAEXBCBXDBXBBBBBXXXXBBBEXXBXBBBEBBXBXCEBBXBXBXBXXBEXXABBXEABBBBXBXABXDXAXAXBD', 2, 47, 19),
(29433, 4, '016445', 28080, 85.464, 76.46, 161.924, 3, 1, ' XBBBBBAXBABBCBBBXBBABXBCBDBBBBBXEDCAXBBXXXXDXBXXXXEBCXXABBXXDBXCEXXDBBXBBXBBBXBBXXBEEXXDEBBXCXXBBXXD', 2, 45, 21),
(29434, 5, '021679', 28081, 75.286, 79.533, 154.819, 3, 1, ' ACBBBXBBBXXBBBBBACEEBBBCXBBBBBXXXXEBXBXBEXXXBBXXXXXXXXAXXBXXXBXEBEBXBXBXBBXBBXXXBXXXXXBXXXBDBBXBXXXX', 2, 41, 12),
(29435, 6, '040466', 28082, 81.394, 63.212, 144.606, 3, 1, ' ABBXBBBBAXBBXBBBCBXABBBBBXABCBXXEDBXXXXEXXCXXBXXBXDBXXXBBBXBXXBXXBXBXBXXXXXXXDXXBBXCXXXXCXBXXDBEBXXD', 2, 39, 14),
(29436, 7, '029698', 28083, 54.936, 85.639, 140.575, 3, 1, ' XBBCEBBXDAXXDBXXBBBABBBXBXCCXBBXXXBXXXBXXEBBEEXXBXXABBXXCBXEXBXBBBBXEXBXEDEXCBBXDXBXXBBXBDBADABXXBBX', 2, 40, 22),
(29437, 8, '023223', 28084, 76.305, 64.228, 140.533, 3, 1, ' AXBBBBBBBACXCDXBCBBXXBBBBCBBBBEXBXXXDXXXBABBBBEXBXDBXXXBXXDXBBXBBXAXBXCCBXXXBDBXXDDXXEXXXXXXXBXXXXXD', 2, 39, 18),
(29438, 9, '049459', 28085, 62.063, 76.48, 138.543, 3, 1, ' ABBBXAXDBAEBXBXBXXBXBBBBXXXXBBXXXXDXXXXXBXXBXXXXXBBXXXXXBXXBXXBXXBXXXXXBXBBXBBBXXBXXXBXXXXXXBXXXBXXD', 2, 35, 4),
(29439, 10, '042091', 28086, 65.114, 70.354, 135.468, 3, 1, ' ABEXBBBXBXBBXXEXXBBABBBBDXBDXBABBXAXXBXBXXABBBXXXDXXXXXXBEBXBDXXXXXXXXXXBBXBXXXBXXXXXBXBBXXXXXBXXDXD', 2, 36, 11),
(29440, 11, '011831', 28087, 63.076, 66.28, 129.356, 3, 1, ' BBBBBBEXXXEBBBDXBBXXXDBBBBDBBBXCXXBBXBXXBXXXXXBXBBXXXXXXXXXXXXXXXXBXXXXBXXXBBBXXBXBXXXABXEBBXXXXXXXX', 2, 34, 9),
(29441, 12, '013836', 28088, 50.866, 77.491, 128.357, 3, 1, ' EBXBXBXBXAXXBBBXAXBACXBBBDCXBAXBBXXXXXXXXXXXBAXXAXBBBXXBXEXBXCXBXXBXXDBCXBBXXBXAXXXXBXBBBXXABXXXXBBX', 2, 35, 14),
(29442, 13, '031503', 28089, 60.031, 65.259, 125.29, 3, 1, ' AXDXBBBBBXXBXXXBBXXABXXBXXBBXBXXXXBXEXBXBXXBBXXXXXXXXXBXBXBXXBXXXXXXXXXBBBXXXBXXXXBBXXXXXXXBCXXXXCBE', 2, 32, 5),
(29443, 14, '049437', 28090, 48.834, 74.428, 123.262, 3, 1, ' ABXXXBBBBXBXBXDXBXXAEAXBXDBBXXXXBXXBXBBXXXBBXBXCXBXDBXBXBDXBXXECBBXXCXXDBBBXXXXXXCXXXXDXDXXABXXBXXBD', 2, 34, 15),
(29444, 15, '033438', 28091, 40.688, 81.56, 122.248, 3, 1, ' AXBXBBXEBEBBXBXXAACBXXBEBXEXBBABXXXXCDXXBXXBCCBEBBDXXXBBXXXBXXXXEBAXBCBDBCBBBXCAXBBXXBXBDXXXBCXBBXXD', 2, 36, 24),
(29445, 16, '020066', 28092, 65.114, 55.049, 120.163, 3, 1, ' AXCCEBXXBABXBBBAXXXABBXBBBBXBBBXAXXCXXXXXBXXCXBBXCEXXADXXEBBBXXXBBXBBXXXXBXCXXXCXXBCXXAEXBXXXBXBXDBX', 2, 34, 18),
(29446, 17, '011781', 28093, 63.076, 54.023, 117.099, 3, 1, ' AEBBEXXBBAXBBDAEBXBABBEBBXBXBXBXBXCBXXBXXDXAXAXDXBAXXBBXBXCBAXDBXXXCXXDAXAXBXXCEXXXBDXBXBBXXDBXBXCBC', 2, 35, 25),
(29447, 18, '005501', 28094, 60.025, 56.075, 116.1, 3, 1, ' AXBDDXBXBABXXXBBBBXABBBEBAXXEBBXBEXBXXBBXBBDXBXBCXXXEBXEXXXXXXXCXBXXXEXXXXXXXXXCDXXXXXXXBBBXXXXBBXXX', 2, 32, 14),
(29448, 19, '045131', 28095, 79.362, 34.669, 114.031, 3, 1, ' ABBXBBBXBXBBCXBABXXABBBXBBXBBBXXXXXXXXXXXXXXBXXBXXXXXXXXXBAXBXXXXXXXXXXXXBXXBXXXXXXXXBXXXBXBDXXXXXXX', 2, 29, 4),
(29449, 20, '025252', 28096, 38.65, 74.423, 113.073, 3, 1, ' XDXBXBDDEAABBEEBBEBXBXXBCXBBDXDXXAXBEXAAXXEXXBXXBBXXACBXBBXBBABBBXXXDXXBXXBXAXXBCBXBXXCBAXXBXXDBBBXX', 2, 34, 25),
(29450, 21, '049113', 28097, 47.815, 63.207, 111.022, 3, 1, ' AXXBBBXDAAXBBBBBXDXABXDXXXCXXBXBXBXDBCBXXBXXBAXEXBBAXCBXBEXXXXXXXBXEXXBXXXBBAXXDBXXBXXBXXAXXXAXDXBBE', 2, 32, 19),
(29451, 22, '015723', 28098, 61.044, 47.917, 108.961, 3, 1, ' ABBXCBCBBABXXBXXBXXAXXBBBXACBBBAXXXXBXCXDXBBXBBXXXXXXDXXXXXXXBXXXBXXXXXBXXXXXXXBXXEXXXXXDXBXXBCEBABX', 2, 30, 13),
(29452, 23, '010013', 28099, 72.241, 36.706, 108.947, 3, 3, ' AXXXBBXBXAXXXBABXBBAXBBBBBBBXBXXXXXXBXBXXXXXXXXXXXXXXXXXXXXXXXXXXXXXXDXXBABXXXXAXXXBXXXBBXXXBBXBAXXX', 2, 28, 5),
(29453, 24, '029817', 28100, 70.203, 37.727, 107.93, 3, 3, ' ABBXEXXXBABBBBXBXCBAXBXBXABBBBXXXXBXXBXBXXXXXXBXBBXXAXXXXBXXXXXBBXXXXCXXXXXXXXXXXXXXXXXXXXXBXXXEXXXX', 2, 28, 6),
(29454, 25, '019571', 28101, 75.292, 29.559, 104.851, 3, 3, ' XBXXBBXBXAXBBBBBBEBABBBXXCBBXBXBXBEBXBXBXXXXXXXXXXXXXXXXXXXXAXBXEXXXXEXXXXXXXXXXBEXEEXXDBXXXDBXCXCXD', 2, 29, 13),
(29455, 26, '046258', 28102, 63.076, 39.759, 102.835, 3, 3, ' EBBXBBBEBABAXEBBXBBXBXBEXBXBBDXBXXDXXXXXXXXBXAXXBBXBXDEBXBXXXXEXXBXEXXBXXXCXXBXXXXXXEXXXXDXXXBXBXXXX', 2, 29, 15),
(29456, 27, '050234', 28103, 45.771, 56.075, 101.846, 3, 3, ' BABBAXBXBXBBBBDDBCXADBDEBDCBBXDXXBXXEXBXBXXXABBBXXEXXXXXXXCXXXXXCBXXXXXXXXXXBXXXXEXBBBXXBXXBBXBXXEBC', 2, 30, 20),
(29457, 28, '026087', 28104, 53.911, 46.871, 100.782, 3, 3, ' EBBEBXACBCABEBEBBBDABBXXABBBEBDXXBBDDXDXXXBXCXBXBCECBXEBCDCXXXXBABCBEBBABACEBEXAXXEBXBXBXXCDAAECBBAA', 2, 35, 41),
(29458, 29, '038841', 28105, 78.343, 22.432, 100.775, 3, 3, ' XBBXXBBBBAEBABBBBBEXBXBBBBXBBXCXXXXXXXXXXXXXXXXXXXXXXXXBBXXXXXXCBXXXXXXXXXBXXXXXXXXXXXXXXXXXBXXXBXXX', 2, 26, 5),
(29459, 30, '043922', 28106, 68.165, 31.601, 99.766, 3, 3, ' ABAXABBABXCBBBBBXXEXXBBBBBBXBBXCXXXXXBXXXXXEXBAAXBBXXXEXXXXXXBXXXXXDXXBXAXXXXXXXEXXBXXXXBXXBXXXEXXBX', 2, 28, 14),
(29460, 31, '021754', 28107, 47.815, 50.98, 98.795, 3, 3, ' DBBBXXXXXAXXBBEBDCBXXBXBBBXBXCXXBBXCXXXXXXBXXXXXXXXEXXBXBBEXXAXXBBXXBXXXXXXXCXXXXXXXXBXXBXXXDXBBBXXX', 2, 27, 11),
(29461, 32, '040713', 28108, 38.65, 60.124, 98.774, 3, 3, ' EBXCBBBBXDBEXXCCEDBAXBXXCBDBXBCBXDXBEECEXADXBBAACBADCBADXDXEBBDBCBXXBBXBDXBBBEXEEEABBCABBAEXXXBBDABA', 2, 35, 43),
(29462, 33, '025614', 28109, 34.574, 63.197, 97.771, 3, 3, ' BABABAABEABCBBBXECXDEEXBBEBBXAXXXXBDCABCXXCBBBAXDXAEEXXBXAXXXCBEBXXABBBBDBEBBCXXXDCXXBBEXXBBAXBXXABX', 2, 33, 36),
(29463, 34, '001849', 28110, 45.783, 50.965, 96.748, 3, 3, ' ABXDXXDXBXXXXXBBXBXAXXCBBBBXXBCXXBXXXBAXBBDXEXXCCBDXXBDXXCAXXXBXXEXBXXXBXXXBDXDEBXXXEBXDXBBBXCBXAXBX', 2, 29, 21),
(29464, 35, '047643', 28111, 42.726, 53.012, 95.738, 3, 3, ' XBBXBEBBXXEBXBBXBXXADEBXXXABEXXXXXBXXXXEXXXBXAXEBBBXXCXXXXXECXBXBXBXXBXCXBXXXXXXBBXXXBBBDXABXXCXXXDE', 2, 28, 18),
(29465, 36, '043811', 28112, 53.923, 40.78, 94.703, 3, 3, ' XBBXXXXXCXBBBXEBXBBAXCXBBBXBXBXBXXXXXXXBXXXXXBXXBBBXXXXXXXXXXBXXXXXXBBDDXEXBXXXXXXXDXBXXXEXXXXCXCXAD', 2, 26, 11),
(29466, 37, '043708', 28113, 60.025, 34.659, 94.684, 3, 3, ' AXBXBEXXBABXCBBXBCBABXBBEBXXBDXXCXXXBDBXXXXXXXXXXAXXXXXXXXEXXXBBXBXXBXXEBEXXXXBXBBXDXCXEXBXXXXXXXXDX', 2, 27, 15),
(29467, 38, '015505', 28114, 63.076, 31.596, 94.672, 3, 3, ' XBCCCBXXBABXBBBXABBXBXBBCBABBBAXXDXXXXXXXXXXXBBDXCXXBDXAAXXXXEXXXXXBBXXAXXXXXBXACXXXXXBXXXXBDXXBBXBA', 2, 28, 19),
(29468, 39, '014447', 28115, 40.682, 51.966, 92.648, 3, 3, ' AEEEXXBBABEBXBBBCBBBAXAXBBCCBBXBBEXXBAXABXCEBXCCACBACDCACABXDABCXXDDCCACXBEBBXBBEXXXDEBCBEEBXBBXBBCD', 2, 34, 45),
(29469, 40, '046992', 28116, 50.866, 39.759, 90.625, 3, 3, ' AXBBCXBXBADXBXXBXBXABAXBXBDBDEXXXBXBXXXXXBXXXXBXBXXXDXXXEXAXBXXXXXXXBBCAXXXXDXBXXEBXXXXCXBXXBDXXXXXX', 2, 26, 15),
(29470, 41, '010258', 28117, 61.044, 29.564, 90.608, 3, 3, ' ACBBXBBXDABXXEBBBXCXXBXXXBBBBBXXXXXBXXXXEXXXCXXXXXXXXXXXXXXBXXXXBXXBXXXBBXXBBXXDCAXXBXXXAXXXXXXEXXXX', 2, 25, 11),
(29471, 42, '035089', 28118, 38.656, 50.965, 89.621, 3, 3, ' XXBXXECBXEDXBAXXXBBAXABXXXBBBBDDXBBCXXXDXXBBADEDXXXXEEXAXXXXABBBAXXBXBBXXCBAXXXXBXXXCDXXXBBXBBEXXXBX', 2, 28, 24),
(29472, 43, '039334', 28119, 35.605, 53.022, 88.627, 3, 3, ' DXEXDXXBXBXCBXXBBBBAXXBBXXXBXXCXXBBBXXXXXXXBXXBXXXXBXXXXBXXBXXXXXBABXXXBXXXBXXXXXXXXXXAAXXXXBXXBXXXX', 2, 24, 9),
(29473, 44, '044531', 28120, 54.942, 32.627, 87.569, 3, 2, ' AAXXXXBBBABBXXXBXXBABXBXXBBEXXXXXXXBXBXBXABXXXXXXXXXXXXDXXXXAXXXXXBXXXXBXXCBXXXXBXXXBXXXXXXXXXXXXXXX', 2, 23, 6),
(29474, 45, '022377', 28121, 50.866, 36.696, 87.562, 3, 3, ' ABXXXBBBDAEBBEXAXXXAXBBBBBXAEXXXXXXXBCXBXXXXDBDXXCBXXXXBXXXXXEXBXXEXXBXXXCEEEXXBXBXXXXXXXBXXXXAXBCXD', 2, 26, 18),
(29475, 46, '013496', 28122, 51.885, 34.649, 86.534, 3, 3, ' ABCBXEXBXAXBBAXXBAXXEBBXBBXXBBXXBXEXBXCXBBXABXCBXXXXXCXXBBCXXXBXBXCDXXXDXDXBXCCAXXXEBXCXXXEXXXEBDXXX', 2, 27, 23),
(29476, 47, '024959', 28123, 61.044, 25.485, 86.529, 3, 3, ' ABBBXBBBAXXBXEXBBBEABBEXXBXXXBBXXBXXBXXXXXXXXAXBXAXXACXXXBXXXXBXXXXXEXXDXXXXXXXXXXXCXXXXXXBXXXXXBXXX', 2, 24, 11),
(29477, 48, '005603', 28124, 35.587, 50.93, 86.517, 3, 3, ' DBDCECBBBCCBEBEBCBEAACEDEBBBBCCBEBBBAADEDBCEEDABECEABBABDBBAEBBDAEBBBDBCAAAEDBDEDBBEDDBDCBEECBEDBCDE', 2, 37, 63),
(29478, 49, '003814', 28125, 54.936, 30.57, 85.506, 3, 3, ' XXBDBBBBBXXXXDBBBXACBBAXXDBBBBADCXXAABXXXBBBBACXXEXBEXXXXXXBBXXXXXCXDXXBXXXXAXDCXXXXXAEEBXXXXXXXBCXD', 2, 27, 24),
(29479, 50, '025625', 28126, 50.866, 32.622, 83.488, 3, 3, ' AABXBXXBBXXXXBABBEBABBBXDXDBXAXBXXXXXXBXXBBXXXXBXXXXXXABXXXXXBXXAEXXAXXXXDXXXXXEXXXXXXBXBXXXDBEXXXXX', 2, 24, 14),
(29480, 51, '040709', 28127, 46.796, 35.69, 82.486, 3, 3, ' ABBBBBXXBXEXXXXDXXBACAABXDBBBXXXBXXXXXBXXXXXBXXXXXXXXBXXCXXXXXXXXXXXXXBXBXXXBBBXXXXXXXXXXXXXXXXXXXXX', 2, 22, 7),
(29481, 52, '034194', 28128, 50.866, 31.596, 82.462, 3, 3, ' ABXAXXAXDAXXBBBDBBCXDBBBXBXXBBXXEXXXXXXXXXBBXXBEAXAXXXBBXCCXXBXBXBXXXBDXXEXXXBXDDXXCXCXXXDXBXXXXXXXX', 2, 25, 19),
(29482, 53, '047466', 28129, 35.593, 45.85, 81.443, 3, 3, ' BDBCBBBBXCCBXBEXBBAAADXADEXABBDDBXDEADBBDCACDBXEBEXCXCCXBEXBDXAXXXXXXEBXCCADBXXBCBBXDBDEXBBBBBXEDBEX', 2, 31, 44),
(29483, 54, '036537', 28130, 47.815, 31.596, 79.411, 3, 3, ' EEBCXXXBXABBBBXXBXBAXXBXAXAXBBBXXXXBBXXXXXXXBBXXXEXADXXCXXAXXCXXBEXXBXXXEBXXXAXDXBXXXXDXXXBXXDXXCXBX', 2, 24, 18),
(29484, 55, '000207', 28131, 40.688, 36.686, 77.374, 3, 3, ' DXXBBXBBBAXABEAXBCCDXBXBBBXXCXDXXCXXBAEXBDXXXXABXDBBXXBBBXXXAXAXBXXXXXEBBXCCDXXXBEXAXXXXEDBCXXEXXXCD', 2, 26, 28),
(29485, 56, '050548', 28132, 47.809, 29.529, 77.338, 3, 3, ' XXBBABBBBABXBCBBBBXCDEBDDCXXEXEBEBABXBEADXDXCXACBCXCCXEXXXCDXDEDBEXXDBABXAXBAAXXBEDEEBEBXDCBBBACXBDX', 2, 30, 44),
(29486, 57, '044694', 28133, 38.656, 35.685, 74.341, 3, 3, ' EBXXXBXXAABBXXCDXBDXXBBBBDBXXXXXXXBXXXXXBXDXXXXXBBXBXXXDXCXXXXXXXBXXXXXXXAXBXBXXXXXXXXBXBXXXXXXDXXXX', 2, 21, 11),
(29487, 58, '037791', 28134, 46.796, 27.522, 74.318, 3, 3, ' ABAXBABBXAADBXCXXBBXBBXXAXBXXBXCBXXBXBCXBBXXXXXXXXXXXXXAXXXXXXXXEXXXABXXBAEXXXXBXXBXXXXXXXXXXXXEXXXB', 2, 22, 15),
(29488, 59, '053856', 28135, 61.038, 12.217, 73.255, 3, 3, ' AXXEXCBBADBXBBBBBDBABBBXBEBCBCXXXCXXXXXXXEXXXXXXDCXXAXBXXXBDXEXDXXXCBEXXBBXXXBBDXDXXXXCXXAXXXDXXXXXA', 2, 24, 24),
(29489, 60, '047563', 28136, 52.904, 19.374, 72.278, 3, 2, ' XXBBBXXBBAXBBBXXBDCBXXBBBCBXXXXXXBXXXXAXBXXXBXXXXXXXXXXXXXXXXXXXXBXXXXXXXXXXXXXXXXXXXXXXXBXXXXXXXXXX', 2, 19, 5),
(29490, 61, '025222', 28137, 29.497, 41.791, 71.288, 3, 3, ' BXBAXCBXBXXXXBDXXXEXBXBBBXEBCXBXAXEXXXXXXXBBXBXXXBDXXXDBDXAXCBXXXXDCAXBXBXXXBXXXXAXDBXABXCAXXBXXXXBX', 2, 23, 22),
(29491, 62, '022404', 28138, 46.796, 23.448, 70.244, 3, 3, ' XXXBBXXXBDXCBBXBBBBAACBXDBEXXBXXXXXXXXAXXBXXXAXBXXXXXXXXXXXXBXXXXCXXAXXBXCXXXBXXBXXXXXXXXXXBXXXXXXXX', 2, 20, 11),
(29492, 63, '003569', 28139, 33.567, 35.68, 69.247, 3, 3, ' ADBXBBXXDAXBABEAEXXXXXXBXXBAXBXXXXXXXDBXAXBXXBXBXXXDXXXXXBXXCXXXXXXXBXBCBXXDXXXCXBXBEXXXAXBXXXXXXXXX', 2, 21, 16),
(29493, 64, '027316', 28140, 46.796, 22.432, 69.228, 3, 3, ' EBXXXDBXAAXBBXXBBBBAXCBABXXBDXXXBXXXXXXXBXXBXXXXXXBXXXXXXXEXXXXXXXXXXXXXBXBXXCXXXXXXXXXXXXXXXXXXXXXX', 2, 19, 8),
(29494, 65, '035255', 28141, 38.656, 30.565, 69.221, 3, 3, ' ABXXXXBCXADEEBXEXXXABBBXCBXXBXXADXEXXXBAXXBXEXXAXBXDXXXXBXBXBXDCXXBXDAXECABBXXDCDXDXXXXDBBXEXAXBXXBE', 2, 24, 28),
(29495, 66, '039638', 28142, 28.478, 38.743, 67.221, 3, 3, ' EBBBXCCAXABEXXXAABXAXAXBXXXBXXBXXXXXXXXXEXXXBXXXXXXXBBXXXXXXBXXXAXAXXXXXCEXXXXXXBXXBXXXXXXXXXBXBBBCX', 2, 20, 14),
(29496, 67, '043413', 28143, 34.586, 31.591, 66.177, 3, 3, ' XBXXAXBXXCBCBCXBBBXXBBXXCXXXBDBXXXXBBACXBXXBDXXXCXXXXXXAEXDXXCCXXBXXXXBDXXBDXEBAXXXBXXXXADBEEXXXXXBX', 2, 22, 23);
INSERT INTO `examen_postulante` (`codExamenPostulante`, `orden`, `nroCarnet`, `codActor`, `puntajeAPT`, `puntajeCON`, `puntajeTotal`, `codCarrera`, `codCondicion`, `respuestasJSON`, `codExamen`, `nroCorrectas`, `nroIncorrectas`) VALUES
(29497, 68, '030388', 28144, 51.885, 14.239, 66.124, 3, 3, ' XXXBDBBBBAABBXXBXBEABABXXAXXBXBXEXAXXBECXXDAXEACCECBXXXXXBCAXXBXXXXEXAXEBXAXDBXXDAABXEXXBEDDEXBXDBDB', 2, 25, 35),
(29498, 69, '040479', 28145, 40.676, 25.43, 66.106, 3, 3, ' ABEDBBBEBDACECBECBBDBEABECBBEBBCCEADBBEBEEECEDBEBABBEEAADAEBBCBAAECCCADCEBDDBBDAEBCBDCEBBDDDDAEEAEBA', 2, 33, 67),
(29499, 70, '017421', 28146, 39.669, 25.48, 65.149, 3, 3, ' AXEXBBAXBXEXDAEXBABXBBEXCBXBBBXXXXXABXXXXXXXBXCXXXXXXBBXAXBXDXXXXXXXAXXBXCXXCXXBXXEXXEXXXXXXXXDDBXXD', 2, 21, 20),
(29500, 71, '051774', 28147, 26.446, 36.696, 63.142, 3, 3, ' AXBXXXXCXEBXXXXEBXBXXAXXDABBBXXBXXXEXBXECXXBXXXXXXAXDXXXXBEXXXXXXXXAXXXXXEBBBXDXDBXXXXXDXXXXCBBXXBBX', 2, 20, 18),
(29501, 72, '013721', 28148, 34.58, 28.538, 63.118, 3, 3, ' ABXBDEEXXXBBXXAABBEEABDXBXXBBEXXXXXXEBCXXXEXXXXAXXXXXAXXXBXBXAXXCXXBXBXXAXXABXXXBXXXBXXXDXXXXXXAXBAD', 2, 21, 22),
(29502, 73, '041686', 28149, 40.694, 21.391, 62.085, 3, 3, ' XXBXXXBXBABAXBCXCXXABXBBXXBAXXXXXXXXXDXXAXXXXBXCCXXXAXECCXXBXBXCBXCABXXXXXACXBXXXEBXDBXCXEXXXDXBEBXX', 2, 21, 23),
(29503, 74, '018946', 28150, 35.587, 26.456, 62.043, 3, 3, ' BAEBBCECADBEBBCCCBDADABBBBBCBCAEXEBDBAEBDDBABBBBXACAEABCBAAEADECADBBABDAACDAEDBACBXXEABAECXDDXABBCAC', 2, 31, 63),
(29504, 75, '006474', 28151, 40.694, 19.359, 60.053, 3, 3, ' XBBEABXXXXCXBXXXBBAAXBBXXXBXXBXXXXXXXXXXAXXXXXXDXCXBXXCBXEDXAXXCXBXXXXXEBXXXXXXEXXBXDCBXXXBBXXXEXXXX', 2, 19, 17),
(29505, 76, '046012', 28152, 39.669, 20.38, 60.049, 3, 3, ' ABXXXABXXAEBXBXBBBAACABBXDEDDXCBBBXXEXXAXXXXXDXDXXXDXXXXXXXABXXXXXAXXXXXXXXXBXEXXXBXXXXCXBXBEXXXXCXX', 2, 20, 21),
(29506, 77, '051051', 28153, 25.409, 34.619, 60.028, 3, 3, ' DBBBECEBDCDCCADBCEBDBCBBCDBCBAAECXAEXAECADBXCACBCBXBABBEABXXXECEBBABEBEBXXDABBEBCCDEABDACDBAAAEDCBBE', 2, 30, 61),
(29507, 78, '020784', 28154, 27.447, 31.566, 59.013, 3, 3, ' ACBBBCDBCAXEBEBAEDACDBBEXDBEDEDDCDXEBBCEXEBXDXDBXCDBAXAEBXABBCXDEDCDBCBCBBXDBDDXDCDXXBAXCXXBEEBBXEAB', 2, 28, 54),
(29508, 79, '011266', 28155, 45.771, 13.208, 58.979, 3, 3, ' BBBECBBXDBBBBEXBBBCDXBXBCDABXBEXABACXAXDXBDDDBEXBCXADEBABXDXBXEDACCXAXDDXCBDXEABBBCBECABDCEAEXXXDAXX', 2, 27, 50),
(29509, 80, '053294', 28156, 19.325, 38.743, 58.068, 3, 3, ' XBABXXXXDXDXXBXBBXEBXBXXXXXXXXBXBBBXXBXXXXXXEXBXXCAXBXAXXXXXXXXXXXXXXXXXBDXXXBXXBXCXXXXXXXXXXXXXXXXD', 2, 17, 11),
(29510, 81, '017382', 28157, 30.51, 27.527, 58.037, 3, 3, ' ADBABXBXXCBECBCXBXXBBBBXAXXXADXXXXXXXXXXXXXBBXXBXDXXXXXXXAXBXXXXXXXXXXXXAXAXXXXXEXXXXBBXXXXXBXBXXXXX', 2, 18, 15),
(29511, 82, '042355', 28014, 37.643, 20.38, 58.023, 3, 3, ' XBBBXXXXBXBXEXBAXEBXBXXXXBXBXXEXXBAXEBXXXDXAXXXBXXBXXXBXAEXXXEXXXXCBXXXXCXXDXXXBXXXXXXCXXXXBXXXXXXXX', 2, 18, 15),
(29512, 83, '028311', 28009, 40.688, 17.317, 58.005, 3, 3, ' DBDBBAXDXAXBXXXBXBBXBADBXCBBCXXAXBXBXDXAXXXXBDXEXXXXAXXXXXXXAXBXXXCXXXXXAXXXAXEBXBXXDXXXXXXCXBCXXBEX', 2, 20, 23);

-- --------------------------------------------------------

--
-- Estructura de tabla para la tabla `facultad`
--

CREATE TABLE `facultad` (
  `codFacultad` int(11) NOT NULL,
  `nombre` varchar(100) NOT NULL
) ENGINE=InnoDB DEFAULT CHARSET=utf8mb4;

--
-- Volcado de datos para la tabla `facultad`
--

INSERT INTO `facultad` (`codFacultad`, `nombre`) VALUES
(1, 'Facultad de Ciencias Biológicas'),
(2, 'Facultad de Farmacia y Bioquímica'),
(3, 'Facultad de Medicina'),
(4, 'Facultad de Estomatología'),
(5, 'Facultad de Enfermería'),
(6, 'Facultad de Ciencias Físicas y Matemáticas'),
(7, 'Facultad de Ingeniería'),
(8, 'Facultad de Ingeniería Química'),
(9, 'Facultad de Ciencias Sociales'),
(10, 'Facultad de Derecho y Ciencias Politicas'),
(11, 'Facultad de Ciencias Económicas');

-- --------------------------------------------------------

--
-- Estructura de tabla para la tabla `grupo_iguales`
--

CREATE TABLE `grupo_iguales` (
  `codGrupo` int(11) NOT NULL,
  `codAnalisis` int(11) NOT NULL,
  `puntajeAP` float NOT NULL,
  `puntajeCON` float NOT NULL,
  `puntajeTotal` float NOT NULL,
  `correctas` int(11) NOT NULL,
  `incorrectas` int(11) NOT NULL,
  `respuestasJSON` varchar(1000) NOT NULL,
  `vectorExamenPostulante` varchar(2000) NOT NULL
) ENGINE=InnoDB DEFAULT CHARSET=utf8mb4;

--
-- Volcado de datos para la tabla `grupo_iguales`
--

INSERT INTO `grupo_iguales` (`codGrupo`, `codAnalisis`, `puntajeAP`, `puntajeCON`, `puntajeTotal`, `correctas`, `incorrectas`, `respuestasJSON`, `vectorExamenPostulante`) VALUES
(270, 85, 37.637, 31.596, 69.233, 22, 20, ' ACBBXBXXXXEBXXXBBBDXBBABXCXCDXXXXEXXXXBXXBXXXEDEXABBBXXXXXXXXXCXXXXEXBAXXBXDXXXXXBXXAXXXXBXDXDBXAXBX', '29242,29243'),
(271, 85, 45.783, 69.333, 115.116, 31, 11, ' AXXBBXBXBDBXBXXXXBXABXBBXEXXAXXXAXXXBXXBXBBXXXBBBDCAEBXXXEXBEBXBXXBXXXXXXBXXXXXBXXXXXXXBBEXXXBXBBXXX', '29217,29218'),
(272, 86, 37.637, 31.596, 69.233, 22, 20, ' ACBBXBXXXXEBXXXBBBDXBBABXCXCDXXXXEXXXXBXXBXXXEDEXABBBXXXXXXXXXCXXXXEXBAXXBXDXXXXXBXXAXXXXBXDXDBXAXBX', '29393,29394'),
(273, 86, 45.783, 69.333, 115.116, 31, 11, ' AXXBBXBXBDBXBXXXXBXABXBBXEXXAXXXAXXXBXXBXBBXXXBBBDCAEBXXXEXBEBXBXXBXXXXXXBXXXXXBXXXXXXXBBEXXXBXBBXXX', '29368,29369');

-- --------------------------------------------------------

--
-- Estructura de tabla para la tabla `grupo_patron`
--

CREATE TABLE `grupo_patron` (
  `codGrupoPatron` int(11) NOT NULL,
  `codAnalisis` int(11) NOT NULL,
  `nroIncorrectas` int(11) NOT NULL,
  `nroCorrectas` int(11) NOT NULL,
  `puntajeAdquirido` float NOT NULL,
  `respuestasCoincidentesJSON` varchar(1000) NOT NULL,
  `vectorExamenPostulante` varchar(2000) NOT NULL
) ENGINE=InnoDB DEFAULT CHARSET=utf8mb4;

--
-- Volcado de datos para la tabla `grupo_patron`
--

INSERT INTO `grupo_patron` (`codGrupoPatron`, `codAnalisis`, `nroIncorrectas`, `nroCorrectas`, `puntajeAdquirido`, `respuestasCoincidentesJSON`, `vectorExamenPostulante`) VALUES
(711, 85, 11, 31, 115.116, '{\"1\":\"A\",\"4\":\"B\",\"5\":\"B\",\"7\":\"B\",\"9\":\"B\",\"10\":\"D\",\"11\":\"B\",\"13\":\"B\",\"18\":\"B\",\"20\":\"A\",\"21\":\"B\",\"23\":\"B\",\"24\":\"B\",\"26\":\"E\",\"29\":\"A\",\"33\":\"A\",\"37\":\"B\",\"40\":\"B\",\"42\":\"B\",\"43\":\"B\",\"47\":\"B\",\"48\":\"B\",\"49\":\"B\",\"50\":\"D\",\"51\":\"C\",\"52\":\"A\",\"53\":\"E\",\"54\":\"B\",\"58\":\"E\",\"60\":\"B\",\"61\":\"E\",\"62\":\"B\",\"64\":\"B\",\"67\":\"B\",\"74\":\"B\",\"80\":\"B\",\"88\":\"B\",\"89\":\"B\",\"90\":\"E\",\"94\":\"B\",\"96\":\"B\",\"97\":\"B\"}', '29217,29218'),
(712, 85, 1, 18, 72.311, '{\"3\":\"B\",\"5\":\"B\",\"6\":\"B\",\"9\":\"B\",\"10\":\"A\",\"14\":\"B\",\"17\":\"B\",\"18\":\"B\",\"20\":\"A\",\"23\":\"B\",\"45\":\"B\",\"47\":\"C\",\"65\":\"B\",\"70\":\"B\",\"71\":\"B\",\"82\":\"B\",\"89\":\"B\",\"90\":\"B\",\"97\":\"B\"}', '29227,29280'),
(713, 85, 0, 16, 65.165, '{\"3\":\"B\",\"4\":\"B\",\"6\":\"B\",\"9\":\"B\",\"10\":\"A\",\"12\":\"B\",\"18\":\"B\",\"19\":\"B\",\"20\":\"A\",\"25\":\"B\",\"28\":\"B\",\"30\":\"B\",\"72\":\"B\",\"80\":\"B\",\"96\":\"B\",\"97\":\"B\"}', '29229,29282'),
(714, 85, 1, 15, 60.083, '{\"1\":\"A\",\"3\":\"B\",\"5\":\"B\",\"8\":\"B\",\"10\":\"A\",\"11\":\"B\",\"26\":\"B\",\"27\":\"B\",\"28\":\"B\",\"37\":\"B\",\"42\":\"B\",\"58\":\"B\",\"85\":\"B\",\"88\":\"B\",\"94\":\"B\",\"99\":\"C\"}', '29235,29279'),
(715, 85, 20, 22, 69.233, '{\"1\":\"A\",\"2\":\"C\",\"3\":\"B\",\"4\":\"B\",\"6\":\"B\",\"11\":\"E\",\"12\":\"B\",\"16\":\"B\",\"17\":\"B\",\"18\":\"B\",\"19\":\"D\",\"21\":\"B\",\"22\":\"B\",\"23\":\"A\",\"24\":\"B\",\"26\":\"C\",\"28\":\"C\",\"29\":\"D\",\"34\":\"E\",\"39\":\"B\",\"42\":\"B\",\"46\":\"E\",\"47\":\"D\",\"48\":\"E\",\"50\":\"A\",\"51\":\"B\",\"52\":\"B\",\"53\":\"B\",\"63\":\"C\",\"68\":\"E\",\"70\":\"B\",\"71\":\"A\",\"74\":\"B\",\"76\":\"D\",\"82\":\"B\",\"85\":\"A\",\"90\":\"B\",\"92\":\"D\",\"94\":\"D\",\"95\":\"B\",\"97\":\"A\",\"99\":\"B\"}', '29242,29243'),
(716, 85, 1, 12, 47.882, '{\"5\":\"B\",\"6\":\"B\",\"8\":\"B\",\"19\":\"B\",\"20\":\"A\",\"45\":\"B\",\"46\":\"B\",\"72\":\"B\",\"75\":\"B\",\"76\":\"B\",\"81\":\"E\",\"84\":\"B\",\"89\":\"B\"}', '29245,29310'),
(717, 85, 4, 9, 32.575, '{\"2\":\"B\",\"4\":\"B\",\"16\":\"B\",\"22\":\"C\",\"23\":\"B\",\"24\":\"B\",\"29\":\"B\",\"30\":\"A\",\"62\":\"E\",\"65\":\"B\",\"69\":\"E\",\"70\":\"B\",\"98\":\"B\"}', '29260,29355'),
(718, 86, 11, 31, 6140, '{\"1\":\"A\",\"4\":\"B\",\"5\":\"B\",\"7\":\"B\",\"9\":\"B\",\"10\":\"D\",\"11\":\"B\",\"13\":\"B\",\"18\":\"B\",\"20\":\"A\",\"21\":\"B\",\"23\":\"B\",\"24\":\"B\",\"26\":\"E\",\"29\":\"A\",\"33\":\"A\",\"37\":\"B\",\"40\":\"B\",\"42\":\"B\",\"43\":\"B\",\"47\":\"B\",\"48\":\"B\",\"49\":\"B\",\"50\":\"D\",\"51\":\"C\",\"52\":\"A\",\"53\":\"E\",\"54\":\"B\",\"58\":\"E\",\"60\":\"B\",\"61\":\"E\",\"62\":\"B\",\"64\":\"B\",\"67\":\"B\",\"74\":\"B\",\"80\":\"B\",\"88\":\"B\",\"89\":\"B\",\"90\":\"E\",\"94\":\"B\",\"96\":\"B\",\"97\":\"B\"}', '29368,29369'),
(719, 86, 1, 18, 3261, '{\"3\":\"B\",\"5\":\"B\",\"6\":\"B\",\"9\":\"B\",\"10\":\"A\",\"14\":\"B\",\"17\":\"B\",\"18\":\"B\",\"20\":\"A\",\"23\":\"B\",\"45\":\"B\",\"47\":\"C\",\"65\":\"B\",\"70\":\"B\",\"71\":\"B\",\"82\":\"B\",\"89\":\"B\",\"90\":\"B\",\"97\":\"B\"}', '29378,29431'),
(720, 86, 0, 16, 2747, '{\"3\":\"B\",\"4\":\"B\",\"6\":\"B\",\"9\":\"B\",\"10\":\"A\",\"12\":\"B\",\"18\":\"B\",\"19\":\"B\",\"20\":\"A\",\"25\":\"B\",\"28\":\"B\",\"30\":\"B\",\"72\":\"B\",\"80\":\"B\",\"96\":\"B\",\"97\":\"B\"}', '29380,29433'),
(721, 86, 1, 15, 2679, '{\"1\":\"A\",\"3\":\"B\",\"5\":\"B\",\"8\":\"B\",\"10\":\"A\",\"11\":\"B\",\"26\":\"B\",\"27\":\"B\",\"28\":\"B\",\"37\":\"B\",\"42\":\"B\",\"58\":\"B\",\"85\":\"B\",\"88\":\"B\",\"94\":\"B\",\"99\":\"C\"}', '29386,29430'),
(722, 86, 20, 22, 4457, '{\"1\":\"A\",\"2\":\"C\",\"3\":\"B\",\"4\":\"B\",\"6\":\"B\",\"11\":\"E\",\"12\":\"B\",\"16\":\"B\",\"17\":\"B\",\"18\":\"B\",\"19\":\"D\",\"21\":\"B\",\"22\":\"B\",\"23\":\"A\",\"24\":\"B\",\"26\":\"C\",\"28\":\"C\",\"29\":\"D\",\"34\":\"E\",\"39\":\"B\",\"42\":\"B\",\"46\":\"E\",\"47\":\"D\",\"48\":\"E\",\"50\":\"A\",\"51\":\"B\",\"52\":\"B\",\"53\":\"B\",\"63\":\"C\",\"68\":\"E\",\"70\":\"B\",\"71\":\"A\",\"74\":\"B\",\"76\":\"D\",\"82\":\"B\",\"85\":\"A\",\"90\":\"B\",\"92\":\"D\",\"94\":\"D\",\"95\":\"B\",\"97\":\"A\",\"99\":\"B\"}', '29393,29394'),
(723, 86, 1, 12, 2286, '{\"5\":\"B\",\"6\":\"B\",\"8\":\"B\",\"19\":\"B\",\"20\":\"A\",\"45\":\"B\",\"46\":\"B\",\"72\":\"B\",\"75\":\"B\",\"76\":\"B\",\"81\":\"E\",\"84\":\"B\",\"89\":\"B\"}', '29396,29461'),
(724, 86, 4, 9, 1641, '{\"2\":\"B\",\"4\":\"B\",\"16\":\"B\",\"22\":\"C\",\"23\":\"B\",\"24\":\"B\",\"29\":\"B\",\"30\":\"A\",\"62\":\"E\",\"65\":\"B\",\"69\":\"E\",\"70\":\"B\",\"98\":\"B\"}', '29411,29506');

-- --------------------------------------------------------

--
-- Estructura de tabla para la tabla `modalidad`
--

CREATE TABLE `modalidad` (
  `codModalidad` int(11) NOT NULL,
  `nombre` varchar(200) NOT NULL
) ENGINE=InnoDB DEFAULT CHARSET=utf8mb4;

--
-- Volcado de datos para la tabla `modalidad`
--

INSERT INTO `modalidad` (`codModalidad`, `nombre`) VALUES
(1, 'Ordinario'),
(2, 'Cepunt');

-- --------------------------------------------------------

--
-- Estructura de tabla para la tabla `parametros`
--

CREATE TABLE `parametros` (
  `codParametro` int(11) NOT NULL,
  `campo` varchar(100) NOT NULL,
  `valor` varchar(200) NOT NULL
) ENGINE=InnoDB DEFAULT CHARSET=utf8mb4;

--
-- Volcado de datos para la tabla `parametros`
--

INSERT INTO `parametros` (`codParametro`, `campo`, `valor`) VALUES
(1, 'tasaToleranciaSubida', '0.8'),
(2, 'porcentajeUnificadorGI', '0.15'),
(3, 'porcentajeUnificadorGP', '0.25'),
(4, 'porcentajeUnificadPE', '0.2'),
(5, 'pesoTasaGI', '0.5'),
(6, 'pesoTasaGP', '0.2'),
(7, 'pesoTasaPE', '0.3');

-- --------------------------------------------------------

--
-- Estructura de tabla para la tabla `postulantes_elevados`
--

CREATE TABLE `postulantes_elevados` (
  `codPostulanteElevado` int(11) NOT NULL,
  `porcentajeElevacion` char(18) NOT NULL,
  `puntajeDiferencia` float NOT NULL,
  `codExamenPostulanteAnterior` int(11) NOT NULL,
  `codAnalisis` int(11) NOT NULL,
  `codExamenPostulante` int(11) NOT NULL
) ENGINE=InnoDB DEFAULT CHARSET=utf8mb4;

--
-- Volcado de datos para la tabla `postulantes_elevados`
--

INSERT INTO `postulantes_elevados` (`codPostulanteElevado`, `porcentajeElevacion`, `puntajeDiferencia`, `codExamenPostulanteAnterior`, `codAnalisis`, `codExamenPostulante`) VALUES
(11, '1.9683647961383', 114.175, 29361, 86, 29362),
(12, '1.0007238508867', 58.065, 29360, 86, 29367);

-- --------------------------------------------------------

--
-- Estructura de tabla para la tabla `pregunta`
--

CREATE TABLE `pregunta` (
  `codPregunta` int(11) NOT NULL,
  `nroPregunta` int(11) NOT NULL,
  `enunciado` varchar(200) NOT NULL,
  `codExamen` int(11) NOT NULL,
  `respuestaCorrecta` char(1) NOT NULL
) ENGINE=InnoDB DEFAULT CHARSET=utf8mb4;

--
-- Volcado de datos para la tabla `pregunta`
--

INSERT INTO `pregunta` (`codPregunta`, `nroPregunta`, `enunciado`, `codExamen`, `respuestaCorrecta`) VALUES
(5275, 1, 'ABC', 1, 'A'),
(5276, 2, 'ESTA ES LA PREGUNTA 2', 1, 'B'),
(5277, 3, 'ASD KADSK K AKS A3 3', 1, 'B'),
(5278, 4, 'ASKD KSA KDSA KK SAD4A', 1, 'B'),
(5279, 5, 'AASAS DDSA KSA KDSA KKSA KD AKDSKA KD A3 SAD LASL SALDSA LDSLA ', 1, 'B'),
(5280, 6, 'AASAS DDSA KSA KDSA KKSA KD AKDSKA KD A3 SAD LASL SALDSA LDSLA LDS ALD SAD', 1, 'B'),
(5281, 7, 'AASAS DDSA KSA KDSA KKSA KD AKDSKA KD A3 SAD LASL SALDSA LDSLA LDS ALD SAD', 1, 'B'),
(5282, 8, 'AASAS DDSA KSA KDSA KKSA KD AKDSKA KD A3 SAD LASL SALDSA LDSLA LDS ALD SAD', 1, 'B'),
(5283, 9, 'AASAS DDSA KSA KDSA KKSA KD AKDSKA KD A3 SAD LASL SALDSA LDSLA LDS ALD SAD', 1, 'B'),
(5284, 10, 'AASAS DDSA KSA KDSA KKSA KD AKDSKA KD A3 SAD LASL SALDSA LDSLA LDS ALD SAD', 1, 'A'),
(5285, 11, 'AASAS DDSA KSA KDSA KKSA KD AKDSKA KD A3 SAD LASL SALDSA LDSLA LDS ALD SAD', 1, 'B'),
(5286, 12, 'AASAS DDSA KSA KDSA KKSA KD AKDSKA KD A3 SAD LASL SALDSA LDSLA LDS ALD SAD', 1, 'B'),
(5287, 13, 'AASAS DDSA KSA KDSA KKSA KD AKDSKA KD A3 SAD LASL SALDSA LDSLA LDS ALD SAD', 1, 'B'),
(5288, 14, 'AASAS DDSA KSA KDSA KKSA KD AKDSKA KD A3 SAD LASL SALDSA LDSLA LDS ALD SAD', 1, 'B'),
(5289, 15, 'AASAS DDSA KSA KDSA KKSA KD AKDSKA KD A3 SAD LASL SALDSA LDSLA LDS ALD SAD', 1, 'B'),
(5290, 16, 'AASAS DDSA KSA KDSA KKSA KD AKDSKA KD A3 SAD LASL SALDSA LDSLA LDS ALD SAD', 1, 'B'),
(5291, 17, 'AASAS DDSA KSA KDSA KKSA KD AKDSKA KD A3 SAD LASL SALDSA LDSLA 17', 1, 'B'),
(5292, 18, 'AASAS DDSA KSA KDSA KKSA KD AKDSKA KD A3 SAD LASL SALDSA LDSLA LDS ALD SAD', 1, 'B'),
(5293, 19, 'AASAS DDSA KSA KDSA KKSA KD AKDSKA KD A3 SAD LASL SALDSA LDSLA LDS ALD SAD', 1, 'B'),
(5294, 20, 'AASAS DDSA KSA KDSA KKSA KD AKDSKA KD A3 SAD LASL SALDSA LDSLA LDS ALD SAD', 1, 'A'),
(5295, 21, 'AASAS DDSA KSA KDSA KKSA KD AKDSKA KD A3 SAD LASL SALDSA LDSLA LDS ALD SAD', 1, 'B'),
(5296, 22, 'AASAS DDSA KSA KDSA KKSA KD AKDSKA KD A3 SAD LASL SALDSA LDSLA LDS ALD SAD', 1, 'B'),
(5297, 23, 'AASAS DDSA KSA KDSA KKSA KD AKDSKA KD A3 SAD LASL SALDSA LDSLA LDS ALD SAD', 1, 'B'),
(5298, 24, 'AASAS DDSA KSA KDSA KKSA KD AKDSKA KD A3 SAD LASL SALDSA LDSLA LDS ALD SAD', 1, 'B'),
(5299, 25, 'AASAS DDSA KSA KDSA KKSA KD AKDSKA KD A3 SAD LASL SALDSA LDSLA LDS ALD SAD', 1, 'B'),
(5300, 26, 'AASAS DDSA KSA KDSA KKSA KD AKDSKA KD A3 SAD LASL SALDSA LDSLA LDS ALD SAD', 1, 'B'),
(5301, 27, 'AASAS DDSA KSA KDSA KKSA KD AKDSKA KD A3 SAD LASL SALDSA LDSLA LDS ALD SAD', 1, 'B'),
(5302, 28, 'AASAS DDSA KSA KDSA KKSA KD AKDSKA KD A3 SAD LASL SALDSA LDSLA LDS ALD SAD', 1, 'B'),
(5303, 29, 'AASAS DDSA KSA KDSA KKSA KD AKDSKA KD A3 SAD LASL SALDSA LDSLA LDS ALD SAD', 1, 'B'),
(5304, 30, 'AASAS DDSA KSA KDSA KKSA KD AKDSKA KD A3 SAD LASL SALDSA LDSLA LDS ALD SAD', 1, 'B'),
(5305, 31, 'AASAS DDSA KSA KDSA KKSA KD AKDSKA KD A3 SAD LASL SALDSA LDSLA LDS ALD SAD', 1, 'B'),
(5306, 32, 'AASAS DDSA KSA KDSA KKSA KD AKDSKA KD A3 SAD LASL SALDSA LDSLA 32', 1, 'B'),
(5307, 33, 'AASAS DDSA KSA KDSA KKSA KD AKDSKA KD A3 SAD LASL SALDSA LDSLA LDS ALD SAD', 1, 'B'),
(5308, 34, 'AASAS DDSA KSA KDSA KKSA KD AKDSKA KD A3 SAD LASL SALDSA LDSLA LDS ALD SAD', 1, 'B'),
(5309, 35, 'AASAS DDSA KSA KDSA KKSA KD AKDSKA KD A3 SAD LASL SALDSA LDSLA LDS ALD SAD', 1, 'B'),
(5310, 36, 'AASAS DDSA KSA KDSA KKSA KD AKDSKA KD A3 SAD LASL SALDSA LDSLA LDS ALD SAD', 1, 'B'),
(5311, 37, 'AASAS DDSA KSA KDSA KKSA KD AKDSKA KD A3 SAD LASL SALDSA LDSLA LDS ALD SAD', 1, 'B'),
(5312, 38, 'AASAS DDSA KSA KDSA KKSA KD AKDSKA KD A3 SAD LASL SALDSA LDSLA LDS ALD SAD', 1, 'B'),
(5313, 39, 'AASAS DDSA KSA KDSA KKSA KD AKDSKA KD A3 SAD LASL SALDSA LDSLA LDS ALD SAD', 1, 'B'),
(5314, 40, 'AASAS DDSA KSA KDSA KKSA KD AKDSKA KD A3 SAD LASL SALDSA LDSLA LDS ALD SAD', 1, 'B'),
(5315, 41, 'AASAS DDSA KSA KDSA KKSA KD AKDSKA KD A3 SAD LASL SALDSA LDSLA LDS ALD SAD', 1, 'B'),
(5316, 42, 'AASAS DDSA KSA KDSA KKSA KD AKDSKA KD A3 SAD LASL SALDSA LDSLA LDS ALD SAD', 1, 'B'),
(5317, 43, 'AASAS DDSA KSA KDSA KKSA KD AKDSKA KD A3 SAD LASL SALDSA LDSLA LDS ALD SAD', 1, 'B'),
(5318, 44, 'AASAS DDSA KSA KDSA KKSA KD AKDSKA KD A3 SAD LASL SALDSA LDSLA LDS ALD SAD', 1, 'B'),
(5319, 45, 'AASAS DDSA KSA KDSA KKSA KD AKDSKA KD A3 SAD LASL SALDSA LDSLA LDS ALD SAD', 1, 'B'),
(5320, 46, 'AASAS DDSA KSA KDSA KKSA KD AKDSKA KD A3 SAD LASL SALDSA LDSLA LDS ALD SAD', 1, 'B'),
(5321, 47, 'AASAS DDSA KSA KDSA KKSA KD AKDSKA KD A3 SAD LASL SALDSA LDSLA LDS ALD SAD', 1, 'B'),
(5322, 48, 'AASAS DDSA KSA KDSA KKSA KD AKDSKA KD A3 SAD LASL SALDSA LDSLA LDS ALD SAD', 1, 'B'),
(5323, 49, 'AASAS DDSA KSA KDSA KKSA KD AKDSKA KD A3 SAD LASL SALDSA LDSLA LDS ALD SAD', 1, 'B'),
(5324, 50, 'AASAS DDSA KSA KDSA KKSA KD AKDSKA KD A3 SAD LASL SALDSA LDSLA LDS ALD SAD', 1, 'B'),
(5325, 51, 'AASAS DDSA KSA KDSA KKSA KD AKDSKA KD A3 SAD LASL SALDSA LDSLA LDS ALD SAD', 1, 'B'),
(5326, 52, 'AASAS DDSA KSA KDSA KKSA KD AKDSKA KD A3 SAD LASL SALDSA LDSLA LDS ALD SAD', 1, 'B'),
(5327, 53, 'AASAS DDSA KSA KDSA KKSA KD AKDSKA KD A3 SAD LASL SALDSA LDSLA LDS ALD SAD', 1, 'B'),
(5328, 54, 'AASAS DDSA KSA KDSA KKSA KD AKDSKA KD A3 SAD LASL SALDSA LDSLA LDS ALD SAD', 1, 'B'),
(5329, 55, 'AASAS DDSA KSA KDSA KKSA KD AKDSKA KD A3 SAD LASL SALDSA LDSLA LDS ALD SAD', 1, 'B'),
(5330, 56, 'AASAS DDSA KSA KDSA KKSA KD AKDSKA KD A3 SAD LASL SALDSA LDSLA LDS ALD SAD', 1, 'B'),
(5331, 57, 'AASAS DDSA KSA KDSA KKSA KD AKDSKA KD A3 SAD LASL SALDSA LDSLA LDS ALD SAD', 1, 'B'),
(5332, 58, 'AASAS DDSA KSA KDSA KKSA KD AKDSKA KD A3 SAD LASL SALDSA LDSLA 58', 1, 'B'),
(5333, 59, 'AASAS DDSA KSA KDSA KKSA KD AKDSKA KD A3 SAD LASL SALDSA LDSLA LDS ALD SAD', 1, 'B'),
(5334, 60, 'AASAS DDSA KSA KDSA KKSA KD AKDSKA KD A3 SAD LASL SALDSA LDSLA LDS ALD SAD', 1, 'B'),
(5335, 61, 'AASAS DDSA KSA KDSA KKSA KD AKDSKA KD A3 SAD LASL SALDSA LDSLA LDS ALD SAD', 1, 'B'),
(5336, 62, 'AASAS DDSA KSA KDSA KKSA KD AKDSKA KD A3 SAD LASL SALDSA LDSLA LDS ALD SAD', 1, 'B'),
(5337, 63, 'AASAS DDSA KSA KDSA KKSA KD AKDSKA KD A3 SAD LASL SALDSA LDSLA LDS ALD SAD', 1, 'B'),
(5338, 64, 'AASAS DDSA KSA KDSA KKSA KD AKDSKA KD A3 SAD LASL SALDSA LDSLA LDS ALD SAD', 1, 'B'),
(5339, 65, 'AASAS DDSA KSA KDSA KKSA KD AKDSKA KD A3 SAD LASL SALDSA LDSLA LDS ALD SAD', 1, 'B'),
(5340, 66, 'AASAS DDSA KSA KDSA KKSA KD AKDSKA KD A3 SAD LASL SALDSA LDSLA LDS ALD SAD', 1, 'B'),
(5341, 67, 'AASAS DDSA KSA KDSA KKSA KD AKDSKA KD A3 SAD LASL SALDSA LDSLA LDS ALD SAD', 1, 'B'),
(5342, 68, 'AASAS DDSA KSA KDSA KKSA KD AKDSKA KD A3 SAD LASL SALDSA LDSLA LDS ALD SAD', 1, 'B'),
(5343, 69, 'AASAS DDSA KSA KDSA KKSA KD AKDSKA KD A3 SAD LASL SALDSA LDSLA LDS ALD SAD', 1, 'B'),
(5344, 70, 'AASAS DDSA KSA KDSA KKSA KD AKDSKA KD A3 SAD LASL SALDSA LDSLA LDS ALD SAD', 1, 'B'),
(5345, 71, 'AASAS DDSA KSA KDSA KKSA KD AKDSKA KD A3 SAD LASL SALDSA LDSLA LDS ALD SAD', 1, 'B'),
(5346, 72, 'AASAS DDSA KSA KDSA KKSA KD AKDSKA KD A3 SAD LASL SALDSA LDSLA LDS ALD SAD', 1, 'B'),
(5347, 73, 'AASAS DDSA KSA KDSA KKSA KD AKDSKA KD A3 SAD LASL SALDSA LDSLA LDS ALD SAD', 1, 'B'),
(5348, 74, 'AASAS DDSA KSA KDSA KKSA KD AKDSKA KD A3 SAD LASL SALDSA LDSLA LDS ALD SAD', 1, 'B'),
(5349, 75, 'AASAS DDSA KSA KDSA KKSA KD AKDSKA KD A3 SAD LASL SALDSA LDSLA LDS ALD SAD', 1, 'B'),
(5350, 76, 'AASAS DDSA KSA KDSA KKSA KD AKDSKA KD A3 SAD LASL SALDSA LDSLA LDS ALD SAD', 1, 'B'),
(5351, 77, 'AASAS DDSA KSA KDSA KKSA KD AKDSKA KD A3 SAD LASL SALDSA LDSLA LDS ALD SAD', 1, 'B'),
(5352, 78, 'AASAS DDSA KSA KDSA KKSA KD AKDSKA KD A3 SAD LASL SALDSA LDSLA LDS ALD SAD', 1, 'B'),
(5353, 79, 'AASAS DDSA KSA KDSA KKSA KD AKDSKA KD A3 SAD LASL SALDSA LDSLA LDS ALD SAD', 1, 'B'),
(5354, 80, 'AASAS DDSA KSA KDSA KKSA KD AKDSKA KD A3 SAD LASL SALDSA LDSLA LDS ALD SAD', 1, 'B'),
(5355, 81, 'AASAS DDSA KSA KDSA KKSA KD AKDSKA KD A3 SAD LASL SALDSA LDSLA LDS ALD SAD', 1, 'B'),
(5356, 82, 'AASAS DDSA KSA KDSA KKSA KD AKDSKA KD A3 SAD LASL SALDSA LDSLA LDS ALD SAD', 1, 'B'),
(5357, 83, 'AASAS DDSA KSA KDSA KKSA KD AKDSKA KD A3 SAD LASL SALDSA LDSLA LDS ALD SAD', 1, 'B'),
(5358, 84, 'AASAS DDSA KSA KDSA KKSA KD AKDSKA KD A3 SAD LASL SALDSA LDSLA LDS ALD SAD', 1, 'B'),
(5359, 85, 'AASAS DDSA KSA KDSA KKSA KD AKDSKA KD A3 SAD LASL SALDSA LDSLA LDS ALD SAD', 1, 'B'),
(5360, 86, 'AASAS DDSA KSA KDSA KKSA KD AKDSKA KD A3 SAD LASL SALDSA LDSLA LDS ALD SAD', 1, 'B'),
(5361, 87, 'AASAS DDSA KSA KDSA KKSA KD AKDSKA KD A3 SAD LASL SALDSA LDSLA LDS ALD SAD', 1, 'B'),
(5362, 88, 'AASAS DDSA KSA KDSA KKSA KD AKDSKA KD A3 SAD LASL SALDSA LDSLA LDS ALD SAD', 1, 'B'),
(5363, 89, 'AASAS DDSA KSA KDSA KKSA KD AKDSKA KD A3 SAD LASL SALDSA LDSLA LDS ALD SAD', 1, 'B'),
(5364, 90, 'AASAS DDSA KSA KDSA KKSA KD AKDSKA KD A3 SAD LASL SALDSA LDSLA LDS ALD SAD', 1, 'B'),
(5365, 91, 'AASAS DDSA KSA KDSA KKSA KD AKDSKA KD A3 SAD LASL SALDSA LDSLA LDS ALD SAD', 1, 'B'),
(5366, 92, 'AASAS DDSA KSA KDSA KKSA KD AKDSKA KD A3 SAD LASL SALDSA LDSLA LDS ALD SAD', 1, 'B'),
(5367, 93, 'AASAS DDSA KSA KDSA KKSA KD AKDSKA KD A3 SAD LASL SALDSA LDSLA LDS ALD SAD', 1, 'B'),
(5368, 94, 'AASAS DDSA KSA KDSA KKSA KD AKDSKA KD A3 SAD LASL SALDSA LDSLA LDS ALD SAD', 1, 'B'),
(5369, 95, 'AASAS DDSA KSA KDSA KKSA KD AKDSKA KD A3 SAD LASL SALDSA LDSLA LDS ALD SAD', 1, 'B'),
(5370, 96, 'AASAS DDSA KSA KDSA KKSA KD AKDSKA KD A3 SAD LASL SALDSA LDSLA LDS ALD SAD', 1, 'B'),
(5371, 97, 'AASAS DDSA KSA KDSA KKSA KD AKDSKA KD A3 SAD LASL SALDSA LDSLA LDS ALD SAD', 1, 'B'),
(5372, 98, 'AASAS DDSA KSA KDSA KKSA KD AKDSKA KD A3 SAD LASL SALDSA LDSLA LDS ALD SAD', 1, 'B'),
(5373, 99, 'AASAS DDSA KSA KDSA KKSA KD AKDSKA KD A3 SAD LASL SALDSA LDSLA LDS ALD SAD', 1, 'B'),
(5374, 100, 'AASAS DDSA KSA KDSA KKSA KD AKDSKA KD A3 SAD LASL SALDSA LD100', 1, 'D'),
(5375, 1, 'ABC', 2, 'A'),
(5376, 2, 'ESTA ES LA PREGUNTA 2', 2, 'B'),
(5377, 3, 'ASD KADSK K AKS A3 3', 2, 'B'),
(5378, 4, 'ASKD KSA KDSA KK SAD4A', 2, 'B'),
(5379, 5, 'AASAS DDSA KSA KDSA KKSA KD AKDSKA KD A3 SAD LASL SALDSA LDSLA LDS ALD SAD', 2, 'B'),
(5380, 6, 'AASAS DDSA KSA KDSA KKSA KD AKDSKA KD A3 SAD LASL SALDSA LDSLA LDS ALD SAD', 2, 'B'),
(5381, 7, 'AASAS DDSA KSA KDSA KKSA KD AKDSKA KD A3 SAD LASL SALDSA LDSLA LDS ALD SAD', 2, 'B'),
(5382, 8, 'AASAS DDSA KSA KDSA KKSA KD AKDSKA KD A3 SAD LASL SALDSA LDSLA LDS ALD SAD', 2, 'B'),
(5383, 9, 'AASAS DDSA KSA KDSA KKSA KD AKDSKA KD A3 SAD LASL SALDSA LDSLA LDS ALD SAD', 2, 'B'),
(5384, 10, 'AASAS DDSA KSA KDSA KKSA KD AKDSKA KD A3 SAD LASL SALDSA LDSLA LDS ALD SAD', 2, 'A'),
(5385, 11, 'AASAS DDSA KSA KDSA KKSA KD AKDSKA KD A3 SAD LASL SALDSA LDSLA LDS ALD SAD', 2, 'B'),
(5386, 12, 'AASAS DDSA KSA KDSA KKSA KD AKDSKA KD A3 SAD LASL SALDSA LDSLA LDS ALD SAD', 2, 'B'),
(5387, 13, 'AASAS DDSA KSA KDSA KKSA KD AKDSKA KD A3 SAD LASL SALDSA LDSLA LDS ALD SAD', 2, 'B'),
(5388, 14, 'AASAS DDSA KSA KDSA KKSA KD AKDSKA KD A3 SAD LASL SALDSA LDSLA LDS ALD SAD', 2, 'B'),
(5389, 15, 'AASAS DDSA KSA KDSA KKSA KD AKDSKA KD A3 SAD LASL SALDSA LDSLA LDS ALD SAD', 2, 'B'),
(5390, 16, 'AASAS DDSA KSA KDSA KKSA KD AKDSKA KD A3 SAD LASL SALDSA LDSLA LDS ALD SAD', 2, 'B'),
(5391, 17, 'AASAS DDSA KSA KDSA KKSA KD AKDSKA KD A3 SAD LASL SALDSA LDSLA 17', 2, 'B'),
(5392, 18, 'AASAS DDSA KSA KDSA KKSA KD AKDSKA KD A3 SAD LASL SALDSA LDSLA LDS ALD SAD', 2, 'B'),
(5393, 19, 'AASAS DDSA KSA KDSA KKSA KD AKDSKA KD A3 SAD LASL SALDSA LDSLA LDS ALD SAD', 2, 'B'),
(5394, 20, 'AASAS DDSA KSA KDSA KKSA KD AKDSKA KD A3 SAD LASL SALDSA LDSLA LDS ALD SAD', 2, 'A'),
(5395, 21, 'AASAS DDSA KSA KDSA KKSA KD AKDSKA KD A3 SAD LASL SALDSA LDSLA LDS ALD SAD', 2, 'B'),
(5396, 22, 'AASAS DDSA KSA KDSA KKSA KD AKDSKA KD A3 SAD LASL SALDSA LDSLA LDS ALD SAD', 2, 'B'),
(5397, 23, 'AASAS DDSA KSA KDSA KKSA KD AKDSKA KD A3 SAD LASL SALDSA LDSLA LDS ALD SAD', 2, 'B'),
(5398, 24, 'AASAS DDSA KSA KDSA KKSA KD AKDSKA KD A3 SAD LASL SALDSA LDSLA LDS ALD SAD', 2, 'B'),
(5399, 25, 'AASAS DDSA KSA KDSA KKSA KD AKDSKA KD A3 SAD LASL SALDSA LDSLA LDS ALD SAD', 2, 'B'),
(5400, 26, 'AASAS DDSA KSA KDSA KKSA KD AKDSKA KD A3 SAD LASL SALDSA LDSLA LDS ALD SAD', 2, 'B'),
(5401, 27, 'AASAS DDSA KSA KDSA KKSA KD AKDSKA KD A3 SAD LASL SALDSA LDSLA LDS ALD SAD', 2, 'B'),
(5402, 28, 'AASAS DDSA KSA KDSA KKSA KD AKDSKA KD A3 SAD LASL SALDSA LDSLA LDS ALD SAD', 2, 'B'),
(5403, 29, 'AASAS DDSA KSA KDSA KKSA KD AKDSKA KD A3 SAD LASL SALDSA LDSLA LDS ALD SAD', 2, 'B'),
(5404, 30, 'AASAS DDSA KSA KDSA KKSA KD AKDSKA KD A3 SAD LASL SALDSA LDSLA LDS ALD SAD', 2, 'B'),
(5405, 31, 'AASAS DDSA KSA KDSA KKSA KD AKDSKA KD A3 SAD LASL SALDSA LDSLA LDS ALD SAD', 2, 'B'),
(5406, 32, 'AASAS DDSA KSA KDSA KKSA KD AKDSKA KD A3 SAD LASL SALDSA LDSLA 32', 2, 'B'),
(5407, 33, 'AASAS DDSA KSA KDSA KKSA KD AKDSKA KD A3 SAD LASL SALDSA LDSLA LDS ALD SAD', 2, 'B'),
(5408, 34, 'AASAS DDSA KSA KDSA KKSA KD AKDSKA KD A3 SAD LASL SALDSA LDSLA LDS ALD SAD', 2, 'B'),
(5409, 35, 'AASAS DDSA KSA KDSA KKSA KD AKDSKA KD A3 SAD LASL SALDSA LDSLA LDS ALD SAD', 2, 'B'),
(5410, 36, 'AASAS DDSA KSA KDSA KKSA KD AKDSKA KD A3 SAD LASL SALDSA LDSLA LDS ALD SAD', 2, 'B'),
(5411, 37, 'AASAS DDSA KSA KDSA KKSA KD AKDSKA KD A3 SAD LASL SALDSA LDSLA LDS ALD SAD', 2, 'B'),
(5412, 38, 'AASAS DDSA KSA KDSA KKSA KD AKDSKA KD A3 SAD LASL SALDSA LDSLA LDS ALD SAD', 2, 'B'),
(5413, 39, 'AASAS DDSA KSA KDSA KKSA KD AKDSKA KD A3 SAD LASL SALDSA LDSLA LDS ALD SAD', 2, 'B'),
(5414, 40, 'AASAS DDSA KSA KDSA KKSA KD AKDSKA KD A3 SAD LASL SALDSA LDSLA LDS ALD SAD', 2, 'B'),
(5415, 41, 'AASAS DDSA KSA KDSA KKSA KD AKDSKA KD A3 SAD LASL SALDSA LDSLA LDS ALD SAD', 2, 'B'),
(5416, 42, 'AASAS DDSA KSA KDSA KKSA KD AKDSKA KD A3 SAD LASL SALDSA LDSLA LDS ALD SAD', 2, 'B'),
(5417, 43, 'AASAS DDSA KSA KDSA KKSA KD AKDSKA KD A3 SAD LASL SALDSA LDSLA LDS ALD SAD', 2, 'B'),
(5418, 44, 'AASAS DDSA KSA KDSA KKSA KD AKDSKA KD A3 SAD LASL SALDSA LDSLA LDS ALD SAD', 2, 'B'),
(5419, 45, 'AASAS DDSA KSA KDSA KKSA KD AKDSKA KD A3 SAD LASL SALDSA LDSLA LDS ALD SAD', 2, 'B'),
(5420, 46, 'AASAS DDSA KSA KDSA KKSA KD AKDSKA KD A3 SAD LASL SALDSA LDSLA LDS ALD SAD', 2, 'B'),
(5421, 47, 'AASAS DDSA KSA KDSA KKSA KD AKDSKA KD A3 SAD LASL SALDSA LDSLA LDS ALD SAD', 2, 'B'),
(5422, 48, 'AASAS DDSA KSA KDSA KKSA KD AKDSKA KD A3 SAD LASL SALDSA LDSLA LDS ALD SAD', 2, 'B'),
(5423, 49, 'AASAS DDSA KSA KDSA KKSA KD AKDSKA KD A3 SAD LASL SALDSA LDSLA LDS ALD SAD', 2, 'B'),
(5424, 50, 'AASAS DDSA KSA KDSA KKSA KD AKDSKA KD A3 SAD LASL SALDSA LDSLA LDS ALD SAD', 2, 'B'),
(5425, 51, 'AASAS DDSA KSA KDSA KKSA KD AKDSKA KD A3 SAD LASL SALDSA LDSLA LDS ALD SAD', 2, 'B'),
(5426, 52, 'AASAS DDSA KSA KDSA KKSA KD AKDSKA KD A3 SAD LASL SALDSA LDSLA LDS ALD SAD', 2, 'B'),
(5427, 53, 'AASAS DDSA KSA KDSA KKSA KD AKDSKA KD A3 SAD LASL SALDSA LDSLA LDS ALD SAD', 2, 'B'),
(5428, 54, 'AASAS DDSA KSA KDSA KKSA KD AKDSKA KD A3 SAD LASL SALDSA LDSLA LDS ALD SAD', 2, 'B'),
(5429, 55, 'AASAS DDSA KSA KDSA KKSA KD AKDSKA KD A3 SAD LASL SALDSA LDSLA LDS ALD SAD', 2, 'B'),
(5430, 56, 'AASAS DDSA KSA KDSA KKSA KD AKDSKA KD A3 SAD LASL SALDSA LDSLA LDS ALD SAD', 2, 'B'),
(5431, 57, 'AASAS DDSA KSA KDSA KKSA KD AKDSKA KD A3 SAD LASL SALDSA LDSLA LDS ALD SAD', 2, 'B'),
(5432, 58, 'AASAS DDSA KSA KDSA KKSA KD AKDSKA KD A3 SAD LASL SALDSA LDSLA 58', 2, 'B'),
(5433, 59, 'AASAS DDSA KSA KDSA KKSA KD AKDSKA KD A3 SAD LASL SALDSA LDSLA LDS ALD SAD', 2, 'B'),
(5434, 60, 'AASAS DDSA KSA KDSA KKSA KD AKDSKA KD A3 SAD LASL SALDSA LDSLA LDS ALD SAD', 2, 'B'),
(5435, 61, 'AASAS DDSA KSA KDSA KKSA KD AKDSKA KD A3 SAD LASL SALDSA LDSLA LDS ALD SAD', 2, 'B'),
(5436, 62, 'AASAS DDSA KSA KDSA KKSA KD AKDSKA KD A3 SAD LASL SALDSA LDSLA LDS ALD SAD', 2, 'B'),
(5437, 63, 'AASAS DDSA KSA KDSA KKSA KD AKDSKA KD A3 SAD LASL SALDSA LDSLA LDS ALD SAD', 2, 'B'),
(5438, 64, 'AASAS DDSA KSA KDSA KKSA KD AKDSKA KD A3 SAD LASL SALDSA LDSLA LDS ALD SAD', 2, 'B'),
(5439, 65, 'AASAS DDSA KSA KDSA KKSA KD AKDSKA KD A3 SAD LASL SALDSA LDSLA LDS ALD SAD', 2, 'B'),
(5440, 66, 'AASAS DDSA KSA KDSA KKSA KD AKDSKA KD A3 SAD LASL SALDSA LDSLA LDS ALD SAD', 2, 'B'),
(5441, 67, 'AASAS DDSA KSA KDSA KKSA KD AKDSKA KD A3 SAD LASL SALDSA LDSLA LDS ALD SAD', 2, 'B'),
(5442, 68, 'AASAS DDSA KSA KDSA KKSA KD AKDSKA KD A3 SAD LASL SALDSA LDSLA LDS ALD SAD', 2, 'B'),
(5443, 69, 'AASAS DDSA KSA KDSA KKSA KD AKDSKA KD A3 SAD LASL SALDSA LDSLA LDS ALD SAD', 2, 'B'),
(5444, 70, 'AASAS DDSA KSA KDSA KKSA KD AKDSKA KD A3 SAD LASL SALDSA LDSLA LDS ALD SAD', 2, 'B'),
(5445, 71, 'AASAS DDSA KSA KDSA KKSA KD AKDSKA KD A3 SAD LASL SALDSA LDSLA LDS ALD SAD', 2, 'B'),
(5446, 72, 'AASAS DDSA KSA KDSA KKSA KD AKDSKA KD A3 SAD LASL SALDSA LDSLA LDS ALD SAD', 2, 'B'),
(5447, 73, 'AASAS DDSA KSA KDSA KKSA KD AKDSKA KD A3 SAD LASL SALDSA LDSLA LDS ALD SAD', 2, 'B'),
(5448, 74, 'AASAS DDSA KSA KDSA KKSA KD AKDSKA KD A3 SAD LASL SALDSA LDSLA LDS ALD SAD', 2, 'B'),
(5449, 75, 'AASAS DDSA KSA KDSA KKSA KD AKDSKA KD A3 SAD LASL SALDSA LDSLA LDS ALD SAD', 2, 'B'),
(5450, 76, 'AASAS DDSA KSA KDSA KKSA KD AKDSKA KD A3 SAD LASL SALDSA LDSLA LDS ALD SAD', 2, 'B'),
(5451, 77, 'AASAS DDSA KSA KDSA KKSA KD AKDSKA KD A3 SAD LASL SALDSA LDSLA LDS ALD SAD', 2, 'B'),
(5452, 78, 'AASAS DDSA KSA KDSA KKSA KD AKDSKA KD A3 SAD LASL SALDSA LDSLA LDS ALD SAD', 2, 'B'),
(5453, 79, 'AASAS DDSA KSA KDSA KKSA KD AKDSKA KD A3 SAD LASL SALDSA LDSLA LDS ALD SAD', 2, 'B'),
(5454, 80, 'AASAS DDSA KSA KDSA KKSA KD AKDSKA KD A3 SAD LASL SALDSA LDSLA LDS ALD SAD', 2, 'B'),
(5455, 81, 'AASAS DDSA KSA KDSA KKSA KD AKDSKA KD A3 SAD LASL SALDSA LDSLA LDS ALD SAD', 2, 'B'),
(5456, 82, 'AASAS DDSA KSA KDSA KKSA KD AKDSKA KD A3 SAD LASL SALDSA LDSLA LDS ALD SAD', 2, 'B'),
(5457, 83, 'AASAS DDSA KSA KDSA KKSA KD AKDSKA KD A3 SAD LASL SALDSA LDSLA LDS ALD SAD', 2, 'B'),
(5458, 84, 'AASAS DDSA KSA KDSA KKSA KD AKDSKA KD A3 SAD LASL SALDSA LDSLA LDS ALD SAD', 2, 'B'),
(5459, 85, 'AASAS DDSA KSA KDSA KKSA KD AKDSKA KD A3 SAD LASL SALDSA LDSLA LDS ALD SAD', 2, 'B'),
(5460, 86, 'AASAS DDSA KSA KDSA KKSA KD AKDSKA KD A3 SAD LASL SALDSA LDSLA LDS ALD SAD', 2, 'B'),
(5461, 87, 'AASAS DDSA KSA KDSA KKSA KD AKDSKA KD A3 SAD LASL SALDSA LDSLA LDS ALD SAD', 2, 'B'),
(5462, 88, 'AASAS DDSA KSA KDSA KKSA KD AKDSKA KD A3 SAD LASL SALDSA LDSLA LDS ALD SAD', 2, 'B'),
(5463, 89, 'AASAS DDSA KSA KDSA KKSA KD AKDSKA KD A3 SAD LASL SALDSA LDSLA LDS ALD SAD', 2, 'B'),
(5464, 90, 'AASAS DDSA KSA KDSA KKSA KD AKDSKA KD A3 SAD LASL SALDSA LDSLA LDS ALD SAD', 2, 'B'),
(5465, 91, 'AASAS DDSA KSA KDSA KKSA KD AKDSKA KD A3 SAD LASL SALDSA LDSLA LDS ALD SAD', 2, 'B'),
(5466, 92, 'AASAS DDSA KSA KDSA KKSA KD AKDSKA KD A3 SAD LASL SALDSA LDSLA LDS ALD SAD', 2, 'B'),
(5467, 93, 'AASAS DDSA KSA KDSA KKSA KD AKDSKA KD A3 SAD LASL SALDSA LDSLA LDS ALD SAD', 2, 'B'),
(5468, 94, 'AASAS DDSA KSA KDSA KKSA KD AKDSKA KD A3 SAD LASL SALDSA LDSLA LDS ALD SAD', 2, 'B'),
(5469, 95, 'AASAS DDSA KSA KDSA KKSA KD AKDSKA KD A3 SAD LASL SALDSA LDSLA LDS ALD SAD', 2, 'B'),
(5470, 96, 'AASAS DDSA KSA KDSA KKSA KD AKDSKA KD A3 SAD LASL SALDSA LDSLA LDS ALD SAD', 2, 'B'),
(5471, 97, 'AASAS DDSA KSA KDSA KKSA KD AKDSKA KD A3 SAD LASL SALDSA LDSLA LDS ALD SAD', 2, 'B'),
(5472, 98, 'AASAS DDSA KSA KDSA KKSA KD AKDSKA KD A3 SAD LASL SALDSA LDSLA LDS ALD SAD', 2, 'B'),
(5473, 99, 'AASAS DDSA KSA KDSA KKSA KD AKDSKA KD A3 SAD LASL SALDSA LDSLA LDS ALD SAD', 2, 'B'),
(5474, 100, 'AASAS DDSA KSA KDSA KKSA KD AKDSKA KD A3 SAD LASL SALDSA LD100', 2, 'D');

-- --------------------------------------------------------

--
-- Estructura de tabla para la tabla `sede`
--

CREATE TABLE `sede` (
  `codSede` int(11) NOT NULL,
  `nombre` varchar(70) NOT NULL
) ENGINE=InnoDB DEFAULT CHARSET=utf8mb4;

--
-- Volcado de datos para la tabla `sede`
--

INSERT INTO `sede` (`codSede`, `nombre`) VALUES
(4, 'Trujillo'),
(5, 'Huamachuco');

-- --------------------------------------------------------

--
-- Estructura de tabla para la tabla `tasa`
--

CREATE TABLE `tasa` (
  `codTasa` int(11) NOT NULL,
  `valorMinimo` float NOT NULL,
  `valorMaximo` float NOT NULL,
  `valorTasa` float NOT NULL
) ENGINE=InnoDB DEFAULT CHARSET=utf8mb4;

--
-- Volcado de datos para la tabla `tasa`
--

INSERT INTO `tasa` (`codTasa`, `valorMinimo`, `valorMaximo`, `valorTasa`) VALUES
(1, 0, 50, 0.45),
(2, 50, 100, 0.5),
(7, 100, 150, 0.55),
(8, 150, 200, 0.6),
(9, 200, 250, 0.65),
(10, 250, 300, 0.7);

-- --------------------------------------------------------

--
-- Estructura de tabla para la tabla `tipo_actor`
--

CREATE TABLE `tipo_actor` (
  `codTipoActor` int(11) NOT NULL,
  `nombre` varchar(100) NOT NULL
) ENGINE=InnoDB DEFAULT CHARSET=utf8mb4;

--
-- Volcado de datos para la tabla `tipo_actor`
--

INSERT INTO `tipo_actor` (`codTipoActor`, `nombre`) VALUES
(1, 'Postulante'),
(2, 'Consejo Universitario');

-- --------------------------------------------------------

--
-- Estructura de tabla para la tabla `usuario`
--

CREATE TABLE `usuario` (
  `codUsuario` int(11) NOT NULL,
  `usuario` varchar(50) NOT NULL,
  `contraseña` varchar(200) NOT NULL,
  `password` varchar(200) NOT NULL
) ENGINE=InnoDB DEFAULT CHARSET=utf8mb4;

--
-- Volcado de datos para la tabla `usuario`
--

INSERT INTO `usuario` (`codUsuario`, `usuario`, `contraseña`, `password`) VALUES
(26061, 'CONSEJO', '', '$2y$10$92IXUNpkjO0rOQ5byMi.Ye4oKoEa3Ro9llC/.og/at2.uheWG/igi'),
(28025, 'LUCANO 7398', '123', '123'),
(28026, 'REAÑO T4854', '123', '123'),
(28027, 'FERNAND7605', '123', '123'),
(28028, 'MURILLO9225', '123', '123'),
(28029, 'GARCIA 1336', '123', '123'),
(28030, 'CUEVA E7273', '123', '123'),
(28031, 'POEMAPE7365', '123', '123'),
(28032, 'RODAS C2698', '123', '123'),
(28033, 'BORDA R1111', '123', '123'),
(28034, 'PINTO A8779', '123', '123'),
(28035, 'RODRIGU4023', '123', '123'),
(28036, 'BALAREZ3014', '123', '123'),
(28037, 'CHAMAY 7921', '123', '123'),
(28038, 'OLIVERA5761', '123', '123'),
(28039, 'CRUZ HE9503', '123', '123'),
(28040, 'SALAZAR6193', '123', '123'),
(28041, 'ILDEFON1966', '123', '123'),
(28042, 'PACHECO8605', '123', '123'),
(28043, 'ARAUJO 2577', '123', '123'),
(28044, 'SALVADO8343', '123', '123'),
(28045, 'BARAHON5672', '123', '123'),
(28046, 'CARRASC4433', '123', '123'),
(28047, 'BAZAN C6408', '123', '123'),
(28048, 'SILVA C3903', '123', '123'),
(28049, 'RAMOS M3194', '123', '123'),
(28050, 'MENDEZ 5410', '123', '123'),
(28051, 'CRUZADO1839', '123', '123'),
(28052, 'MALCA S3920', '123', '123'),
(28053, 'GONZALE1222', '123', '123'),
(28054, 'FLORES 5912', '123', '123'),
(28055, 'REYES R1418', '123', '123'),
(28056, 'CAMPOS 6866', '123', '123'),
(28057, 'ESCOBAR9794', '123', '123'),
(28058, 'HOYOS C9158', '123', '123'),
(28059, 'LEON YN1925', '123', '123'),
(28060, 'AGUILAR3444', '123', '123'),
(28061, 'GODOY P8116', '123', '123'),
(28062, 'REYES P1135', '123', '123'),
(28063, 'VILCHEZ3187', '123', '123'),
(28064, 'LLENQUE2133', '123', '123'),
(28065, 'AGRAMON7994', '123', '123'),
(28066, 'ARANDA 5537', '123', '123'),
(28067, 'VEGA AL4065', '123', '123'),
(28068, 'JARA FI2751', '123', '123'),
(28069, 'MENDOZA3153', '123', '123'),
(28070, 'HERNAND5400', '123', '123'),
(28071, 'SAGAL C1010', '123', '123'),
(28072, 'ROQUE R3037', '123', '123'),
(28073, 'MENDOZA3087', '123', '123'),
(28074, 'CULQUE 4087', '123', '123'),
(28075, 'BACA SA5184', '123', '123'),
(28076, 'CUEVA H2178', '123', '123'),
(28077, 'HUAMAN 3482', '123', '123'),
(28078, 'FERNAND3560', '123', '123'),
(28079, 'PAREDES4806', '123', '123'),
(28080, 'RODRIGU9185', '123', '123'),
(28081, 'HERNAND6581', '123', '123'),
(28082, 'TIRADO 3965', '123', '123'),
(28083, 'HERNAND6604', '123', '123'),
(28084, 'LOPEZ N4145', '123', '123'),
(28085, 'NUREÑA 5234', '123', '123'),
(28086, 'GRANDEZ3505', '123', '123'),
(28087, 'PEREA A1528', '123', '123'),
(28088, 'MOSTACE4700', '123', '123'),
(28089, 'DIAZ RU9540', '123', '123'),
(28090, 'VASQUEZ4306', '123', '123'),
(28091, 'TORRES 9863', '123', '123'),
(28092, 'LEON AS6431', '123', '123'),
(28093, 'RUIZ DE5805', '123', '123'),
(28094, 'CHAVEZ 4954', '123', '123'),
(28095, 'HUAMAN 7301', '123', '123'),
(28096, 'NUÑEZ L9931', '123', '123'),
(28097, 'CORTIJO5285', '123', '123'),
(28098, 'RUIZ VE1599', '123', '123'),
(28099, 'AREVALO7841', '123', '123'),
(28100, 'GUTIERR7668', '123', '123'),
(28101, 'MOSQUER1230', '123', '123'),
(28102, 'BELTRAN2040', '123', '123'),
(28103, 'CULQUIT5567', '123', '123'),
(28104, 'ANGEL J6077', '123', '123'),
(28105, 'VALDERR9331', '123', '123'),
(28106, 'TUESTA 4802', '123', '123'),
(28107, 'GARGURE1783', '123', '123'),
(28108, 'SEGURA 2337', '123', '123'),
(28109, 'SALAZAR3030', '123', '123'),
(28110, 'DE LA C1155', '123', '123'),
(28111, 'VASQUEZ9093', '123', '123'),
(28112, 'BALLENA1031', '123', '123'),
(28113, 'MARQUEZ1301', '123', '123'),
(28114, 'SUAREZ 2507', '123', '123'),
(28115, 'ESPINOZ9303', '123', '123'),
(28116, 'QUISPE 5434', '123', '123'),
(28117, 'NIETO V7100', '123', '123'),
(28118, 'CHOLAN 9308', '123', '123'),
(28119, 'GONZALE5051', '123', '123'),
(28120, 'MORAN J7689', '123', '123'),
(28121, 'MARKY Z1132', '123', '123'),
(28122, 'DEZA VI8227', '123', '123'),
(28123, 'LUJAN R9437', '123', '123'),
(28124, 'ANGULO 8971', '123', '123'),
(28125, 'ZUÑIGA 4356', '123', '123'),
(28126, 'GAMBOA 4506', '123', '123'),
(28127, 'CANCINO8587', '123', '123'),
(28128, 'RODRIGU3923', '123', '123'),
(28129, 'RIOS JU5886', '123', '123'),
(28130, 'SOLANO 5883', '123', '123'),
(28131, 'ROMERO 2109', '123', '123'),
(28132, 'MOSTACE8852', '123', '123'),
(28133, 'LEYVA G5598', '123', '123'),
(28134, 'CAMPERO1076', '123', '123'),
(28135, 'VASQUEZ5818', '123', '123'),
(28136, 'SANCHEZ4807', '123', '123'),
(28137, 'GASTELO1755', '123', '123'),
(28138, 'PEREZ Y1427', '123', '123'),
(28139, 'RAMÍREZ6673', '123', '123'),
(28140, 'LEON GA4207', '123', '123'),
(28141, 'SAAVEDR4061', '123', '123'),
(28142, 'BRICEÑO7655', '123', '123'),
(28143, 'CASTILL8184', '123', '123'),
(28144, 'TERRONE2952', '123', '123'),
(28145, 'HILARIO2598', '123', '123'),
(28146, 'DE LA C9158', '123', '123'),
(28147, 'TORRES 4147', '123', '123'),
(28148, 'ZAPATA 5807', '123', '123'),
(28149, 'AGUILAR1007', '123', '123'),
(28150, 'QUIÑONE4122', '123', '123'),
(28151, 'CARRION2638', '123', '123'),
(28152, 'FLORENT1330', '123', '123'),
(28153, 'GARCIA 9234', '123', '123'),
(28154, 'DÍAZ MU4108', '123', '123'),
(28155, 'HUERTA 3366', '123', '123'),
(28156, 'CRUZ GU4298', '123', '123'),
(28157, 'RODRIGU3945', '123', '123'),
(28158, 'ALVARAD2474', '123', '123'),
(28159, 'VIDAL V7273', '123', '123'),
(28160, 'CORTEZ 3950', '123', '123'),
(28161, 'DÍAZ CA7998', '123', '123'),
(28162, 'VILLARR4532', '123', '123'),
(28163, 'CARRANZ9650', '123', '123'),
(28164, 'HARO AV1057', '123', '123'),
(28165, 'SEVILLA7684', '123', '123'),
(28166, 'RODRIGU1922', '123', '123'),
(28167, 'CESPEDE3854', '123', '123'),
(28168, 'VASQUEZ7557', '123', '123'),
(28169, 'CRUZ DO1931', '123', '123'),
(28170, 'RODRIGU8561', '123', '123'),
(28171, 'VASQUEZ8333', '123', '123'),
(28172, 'ROSALES7901', '123', '123'),
(28173, 'IMAMURA4926', '123', '123'),
(28174, 'HILARIO4450', '123', '123'),
(28175, 'MEZA RU3116', '123', '123');

--
-- Índices para tablas volcadas
--

--
-- Indices de la tabla `actor`
--
ALTER TABLE `actor`
  ADD PRIMARY KEY (`codActor`);

--
-- Indices de la tabla `analisis_examen`
--
ALTER TABLE `analisis_examen`
  ADD PRIMARY KEY (`codAnalisis`);

--
-- Indices de la tabla `area`
--
ALTER TABLE `area`
  ADD PRIMARY KEY (`codArea`);

--
-- Indices de la tabla `carrera`
--
ALTER TABLE `carrera`
  ADD PRIMARY KEY (`codCarrera`);

--
-- Indices de la tabla `carrera_examen`
--
ALTER TABLE `carrera_examen`
  ADD PRIMARY KEY (`codCarreraExamen`);

--
-- Indices de la tabla `condicion_postulacion`
--
ALTER TABLE `condicion_postulacion`
  ADD PRIMARY KEY (`codCondicion`);

--
-- Indices de la tabla `estado_examen`
--
ALTER TABLE `estado_examen`
  ADD PRIMARY KEY (`codEstado`);

--
-- Indices de la tabla `examen`
--
ALTER TABLE `examen`
  ADD PRIMARY KEY (`codExamen`);

--
-- Indices de la tabla `examen_postulante`
--
ALTER TABLE `examen_postulante`
  ADD PRIMARY KEY (`codExamenPostulante`);

--
-- Indices de la tabla `facultad`
--
ALTER TABLE `facultad`
  ADD PRIMARY KEY (`codFacultad`);

--
-- Indices de la tabla `grupo_iguales`
--
ALTER TABLE `grupo_iguales`
  ADD PRIMARY KEY (`codGrupo`);

--
-- Indices de la tabla `grupo_patron`
--
ALTER TABLE `grupo_patron`
  ADD PRIMARY KEY (`codGrupoPatron`);

--
-- Indices de la tabla `modalidad`
--
ALTER TABLE `modalidad`
  ADD PRIMARY KEY (`codModalidad`);

--
-- Indices de la tabla `parametros`
--
ALTER TABLE `parametros`
  ADD PRIMARY KEY (`codParametro`);

--
-- Indices de la tabla `postulantes_elevados`
--
ALTER TABLE `postulantes_elevados`
  ADD PRIMARY KEY (`codPostulanteElevado`);

--
-- Indices de la tabla `pregunta`
--
ALTER TABLE `pregunta`
  ADD PRIMARY KEY (`codPregunta`);

--
-- Indices de la tabla `sede`
--
ALTER TABLE `sede`
  ADD PRIMARY KEY (`codSede`);

--
-- Indices de la tabla `tasa`
--
ALTER TABLE `tasa`
  ADD PRIMARY KEY (`codTasa`);

--
-- Indices de la tabla `tipo_actor`
--
ALTER TABLE `tipo_actor`
  ADD PRIMARY KEY (`codTipoActor`);

--
-- Indices de la tabla `usuario`
--
ALTER TABLE `usuario`
  ADD PRIMARY KEY (`codUsuario`);

--
-- AUTO_INCREMENT de las tablas volcadas
--

--
-- AUTO_INCREMENT de la tabla `actor`
--
ALTER TABLE `actor`
  MODIFY `codActor` int(11) NOT NULL AUTO_INCREMENT, AUTO_INCREMENT=28160;

--
-- AUTO_INCREMENT de la tabla `analisis_examen`
--
ALTER TABLE `analisis_examen`
  MODIFY `codAnalisis` int(11) NOT NULL AUTO_INCREMENT, AUTO_INCREMENT=87;

--
-- AUTO_INCREMENT de la tabla `area`
--
ALTER TABLE `area`
  MODIFY `codArea` int(11) NOT NULL AUTO_INCREMENT, AUTO_INCREMENT=5;

--
-- AUTO_INCREMENT de la tabla `carrera`
--
ALTER TABLE `carrera`
  MODIFY `codCarrera` int(11) NOT NULL AUTO_INCREMENT, AUTO_INCREMENT=11;

--
-- AUTO_INCREMENT de la tabla `carrera_examen`
--
ALTER TABLE `carrera_examen`
  MODIFY `codCarreraExamen` int(11) NOT NULL AUTO_INCREMENT, AUTO_INCREMENT=3;

--
-- AUTO_INCREMENT de la tabla `condicion_postulacion`
--
ALTER TABLE `condicion_postulacion`
  MODIFY `codCondicion` int(11) NOT NULL AUTO_INCREMENT, AUTO_INCREMENT=5;

--
-- AUTO_INCREMENT de la tabla `estado_examen`
--
ALTER TABLE `estado_examen`
  MODIFY `codEstado` int(11) NOT NULL AUTO_INCREMENT, AUTO_INCREMENT=9;

--
-- AUTO_INCREMENT de la tabla `examen`
--
ALTER TABLE `examen`
  MODIFY `codExamen` int(11) NOT NULL AUTO_INCREMENT, AUTO_INCREMENT=4;

--
-- AUTO_INCREMENT de la tabla `examen_postulante`
--
ALTER TABLE `examen_postulante`
  MODIFY `codExamenPostulante` int(11) NOT NULL AUTO_INCREMENT, AUTO_INCREMENT=29513;

--
-- AUTO_INCREMENT de la tabla `facultad`
--
ALTER TABLE `facultad`
  MODIFY `codFacultad` int(11) NOT NULL AUTO_INCREMENT, AUTO_INCREMENT=12;

--
-- AUTO_INCREMENT de la tabla `grupo_iguales`
--
ALTER TABLE `grupo_iguales`
  MODIFY `codGrupo` int(11) NOT NULL AUTO_INCREMENT, AUTO_INCREMENT=274;

--
-- AUTO_INCREMENT de la tabla `grupo_patron`
--
ALTER TABLE `grupo_patron`
  MODIFY `codGrupoPatron` int(11) NOT NULL AUTO_INCREMENT, AUTO_INCREMENT=725;

--
-- AUTO_INCREMENT de la tabla `modalidad`
--
ALTER TABLE `modalidad`
  MODIFY `codModalidad` int(11) NOT NULL AUTO_INCREMENT, AUTO_INCREMENT=8;

--
-- AUTO_INCREMENT de la tabla `parametros`
--
ALTER TABLE `parametros`
  MODIFY `codParametro` int(11) NOT NULL AUTO_INCREMENT, AUTO_INCREMENT=8;

--
-- AUTO_INCREMENT de la tabla `postulantes_elevados`
--
ALTER TABLE `postulantes_elevados`
  MODIFY `codPostulanteElevado` int(11) NOT NULL AUTO_INCREMENT, AUTO_INCREMENT=13;

--
-- AUTO_INCREMENT de la tabla `pregunta`
--
ALTER TABLE `pregunta`
  MODIFY `codPregunta` int(11) NOT NULL AUTO_INCREMENT, AUTO_INCREMENT=5475;

--
-- AUTO_INCREMENT de la tabla `sede`
--
ALTER TABLE `sede`
  MODIFY `codSede` int(11) NOT NULL AUTO_INCREMENT, AUTO_INCREMENT=6;

--
-- AUTO_INCREMENT de la tabla `tasa`
--
ALTER TABLE `tasa`
  MODIFY `codTasa` int(11) NOT NULL AUTO_INCREMENT, AUTO_INCREMENT=16;

--
-- AUTO_INCREMENT de la tabla `tipo_actor`
--
ALTER TABLE `tipo_actor`
  MODIFY `codTipoActor` int(11) NOT NULL AUTO_INCREMENT, AUTO_INCREMENT=3;

--
-- AUTO_INCREMENT de la tabla `usuario`
--
ALTER TABLE `usuario`
  MODIFY `codUsuario` int(11) NOT NULL AUTO_INCREMENT, AUTO_INCREMENT=28176;
COMMIT;

/*!40101 SET CHARACTER_SET_CLIENT=@OLD_CHARACTER_SET_CLIENT */;
/*!40101 SET CHARACTER_SET_RESULTS=@OLD_CHARACTER_SET_RESULTS */;
/*!40101 SET COLLATION_CONNECTION=@OLD_COLLATION_CONNECTION */;
