-- phpMyAdmin SQL Dump
-- version 5.0.2
-- https://www.phpmyadmin.net/
--
-- Servidor: 127.0.0.1
-- Tiempo de generación: 03-08-2021 a las 07:38:58
-- Versión del servidor: 5.7.32-log
-- Versión de PHP: 7.4.10

SET SQL_MODE = "NO_AUTO_VALUE_ON_ZERO";
START TRANSACTION;
SET time_zone = "+00:00";


/*!40101 SET @OLD_CHARACTER_SET_CLIENT=@@CHARACTER_SET_CLIENT */;
/*!40101 SET @OLD_CHARACTER_SET_RESULTS=@@CHARACTER_SET_RESULTS */;
/*!40101 SET @OLD_COLLATION_CONNECTION=@@COLLATION_CONNECTION */;
/*!40101 SET NAMES utf8mb4 */;

--
-- Base de datos: `sidiraunt`
--

-- --------------------------------------------------------

--
-- Estructura de tabla para la tabla `actor`
--

CREATE TABLE `actor` (
  `codActor` int(11) NOT NULL,
  `apellidosYnombres` varchar(500) NOT NULL,
  `codUsuario` int(11) NOT NULL,
  `codTipoActor` int(11) NOT NULL
) ENGINE=InnoDB DEFAULT CHARSET=utf8mb4;

--
-- Volcado de datos para la tabla `actor`
--

INSERT INTO `actor` (`codActor`, `apellidosYnombres`, `codUsuario`, `codTipoActor`) VALUES
(25894, 'LUCANO NIEVES DANIEL HANANI JOED', 25910, 1),
(25895, 'REAÑO TORRES JUAN ANSELMO', 25911, 1),
(25896, 'FERNANDEZ GUEVARA JOHN DE JESUS', 25912, 1),
(25897, 'MURILLO LOZANO DIEGO ARON', 25913, 1),
(25898, 'GARCIA CRUZ STEVEN ALEXANDER', 25914, 1),
(25899, 'CUEVA ESCOBEDO JENNIFER ARELI', 25915, 1),
(25900, 'POEMAPE GARCIA JOSEPH ANTONIO', 25916, 1),
(25901, 'RODAS CASTILLO ANTHONELLA NATALY', 25917, 1),
(25902, 'BORDA RIVEROS LISBETH DAYSI', 25918, 1),
(25903, 'PINTO ALVA NICOLE KAORI', 25919, 1),
(25904, 'RODRIGUEZ ARTEAGA PIERO ALEXANDER', 25920, 1),
(25905, 'BALAREZO LUNA YAMELY ESMERALDA', 25921, 1),
(25906, 'CHAMAY ARZABE FRANK JHORDAN', 25922, 1),
(25907, 'OLIVERA ESPINOZA MIRELLA LISSETH', 25923, 1),
(25908, 'CRUZ HENRIQUEZ GEORGINA ANAIS', 25924, 1),
(25909, 'SALAZAR MARIN ISABAUT GIULIANA', 25925, 1),
(25910, 'ILDEFONSO ALVARADO PABLO ALBERTH', 25926, 1),
(25911, 'PACHECO ROJAS PABLO OSWALDO JHAIR', 25927, 1),
(25912, 'ARAUJO CHOMBA MICHAEL JHONATAN', 25928, 1),
(25913, 'SALVADOR FLOREANO DEMMY BRIAN', 25929, 1),
(25914, 'BARAHONA MORILLAS ANDRE PAULET', 25930, 1),
(25915, 'CARRASCO PEREZ JOCABED SURIEL', 25931, 1),
(25916, 'BAZAN CASTILLO ALDO JAK', 25932, 1),
(25917, 'SILVA CARUAJULCA ERLAND OSCAR', 25933, 1),
(25918, 'RAMOS MALAVER MARIANA ELIZABETH', 25934, 1),
(25919, 'MENDEZ TORRES DANIELA MARÍA ILLARY', 25935, 1),
(25920, 'CRUZADO RISCO ROSA MERCEDES', 25936, 1),
(25921, 'MALCA SILVA LEANDRO ARTURO', 25937, 1),
(25922, 'GONZALES CARRASCO JESUS MIGUEL IDELSO', 25938, 1),
(25923, 'FLORES AGUIRRE RENZO ANDERSON', 25939, 1),
(25924, 'REYES RUBIO LILIANA HAYDEE', 25940, 1),
(25925, 'CAMPOS RODRIGUEZ PAOLA ANETTE', 25941, 1),
(25926, 'ESCOBAR GONZALES DIEGO ARNIE', 25942, 1),
(25927, 'HOYOS CRUZ EMERSON MIGUEL', 25943, 1),
(25928, 'LEON YNOQUIO JORGE LUIS', 25944, 1),
(25929, 'AGUILAR MOSTACERO ISABEL CRISTINA', 25945, 1),
(25930, 'GODOY PAREDES KEVIN ANDRES', 25946, 1),
(25931, 'REYES POLO KAROLYNE BRITHNEY CHANTAL', 25947, 1),
(25932, 'VILCHEZ BALDERA LUCERO DEL MILAGRO', 25948, 1),
(25933, 'LLENQUE LLENQUE JORGE DAVID', 25949, 1),
(25934, 'AGRAMONTE SANCHEZ XIOMARA YHOSCIMAR', 25950, 1),
(25935, 'ARANDA RAMOS ARIANA JAEL', 25951, 1),
(25936, 'VEGA ALVAREZ ALEJANDRA ELIZABETH', 25952, 1),
(25937, 'JARA FIGUEROA XIOMARA ANTONELLA', 25953, 1),
(25938, 'MENDOZA PEREZ CLAUDIA ISABEL', 25954, 1),
(25939, 'HERNANDEZ VALENCIA KAROL ALESSANDRA', 25955, 1),
(25940, 'SAGAL CASTILLO GLORIA MARIA', 25956, 1),
(25941, 'ROQUE RODRIGUEZ SEGUNDO ELIAS', 25957, 1),
(25942, 'MENDOZA SANDOVAL SANTOS FRANCISCA', 25958, 1),
(25943, 'CULQUE ANTICONA MARIA FERNANDA', 25959, 1),
(25944, 'BACA SANCHEZ OSCAR MILTON', 25960, 1),
(25945, 'CUEVA HERRERA LUCCAS ENRIQUE', 25961, 1),
(25946, 'HUAMAN CORONADO VICTOR ANDRES', 25962, 1),
(25947, 'FERNANDEZ TORRES ALEXIS MANUEL', 25963, 1),
(25948, 'PAREDES SANCHEZ LEONIDAS ESTTIBEN', 25964, 1),
(25949, 'RODRIGUEZ ZAVALETA DANIXA JASMIN', 25965, 1),
(25950, 'HERNANDEZ LLANOS JOSE JULIO GABRIEL', 25966, 1),
(25951, 'TIRADO ALBITRES MIGUEL ENRIQUE', 25967, 1),
(25952, 'HERNANDEZ HUAMAN WILLY ALDAIR', 25968, 1),
(25953, 'LOPEZ NAVEZ ALBA CAMILE', 25969, 1),
(25954, 'NUREÑA CASTILLO KAROL YAMELI', 25970, 1),
(25955, 'GRANDEZ VELASQUEZ GUIANELLA MAKENSY', 25971, 1),
(25956, 'PEREA ALVA AUREA LYZ', 25972, 1),
(25957, 'MOSTACERO JIMENEZ KARLA JACKELINE', 25973, 1),
(25958, 'DIAZ RUBIRA ANDREA FERNANDA', 25974, 1),
(25959, 'VASQUEZ AGUIRRE CARLOS ALEXANDER', 25975, 1),
(25960, 'TORRES ALDAVE NAHOMI OSMARI BELHEN', 25976, 1),
(25961, 'LEON ASCATE EDUARDO YAIR SEBASTIAN', 25977, 1),
(25962, 'RUIZ DE LA CRUZ STACY ALISSON', 25978, 1),
(25963, 'CHAVEZ VILLARREAL GERALDINE LISSET', 25979, 1),
(25964, 'HUAMAN MERCADO VIOLETA DEL RUBI', 25980, 1),
(25965, 'NUÑEZ LLAJARUNA BRIGITTE ANGELINE', 25981, 1),
(25966, 'CORTIJO RUIZ ANGELO SEGUNDO', 25982, 1),
(25967, 'RUIZ VERA ERIKA ELIZABETH', 25983, 1),
(25968, 'AREVALO LLAPAPASCA CRISTHIAN DANIEL', 25984, 1),
(25969, 'GUTIERREZ PAREDES FATIMA LIZBETH', 25985, 1),
(25970, 'MOSQUERA PERALTA ROSITA DEL MILAGRO', 25986, 1),
(25971, 'BELTRAN RODRIGUEZ JUANY STEPHANY', 25987, 1),
(25972, 'CULQUITANTE ANTICONA DENIS SMITH', 25988, 1),
(25973, 'ANGEL JARA MARIA TERESA', 25989, 1),
(25974, 'VALDERRAMA ESPINOLA RUTH CAMILA', 25990, 1),
(25975, 'TUESTA REYNA KARYN MARIA', 25991, 1),
(25976, 'GARGUREVICH NUÑEZ THEO IBAR', 25992, 1),
(25977, 'SEGURA SILVESTRE ELVIRA DAYANNE', 25993, 1),
(25978, 'SALAZAR REYES GLORIA ESTHER', 25994, 1),
(25979, 'DE LA CRUZ BARRUETO MARIESTHER DE LOS AN', 25995, 1),
(25980, 'VASQUEZ CABRERA FLOR DE MARIA', 25996, 1),
(25981, 'BALLENA GONZALES JACKELINE BEL', 25997, 1),
(25982, 'MARQUEZ DAMIAN NAYELY MARIEL', 25998, 1),
(25983, 'SUAREZ MURILLO DAIRA MARYFE', 25999, 1),
(25984, 'ESPINOZA VITAL LUZ MARIA DE FATIMA', 26000, 1),
(25985, 'QUISPE GOMEZ KATHERINE ESTER', 26001, 1),
(25986, 'NIETO VEGA KATE ALICIA', 26002, 1),
(25987, 'CHOLAN HUATAY LESLY MARIBEL', 26003, 1),
(25988, 'GONZALES MAVILA ALEXIS PAVEL', 26004, 1),
(25989, 'MORAN JULCA JACKELIN YANIRA', 26005, 1),
(25990, 'MARKY ZEGARRA EVELY JANELLY', 26006, 1),
(25991, 'DEZA VILELA JOSUE JONATAN', 26007, 1),
(25992, 'LUJAN ROJAS ALEXIA CRISTINA', 26008, 1),
(25993, 'ANGULO ESPINO NIKOLLE STEPHANY', 26009, 1),
(25994, 'ZUÑIGA CIEZA MARCIA JAHAIRA', 26010, 1),
(25995, 'GAMBOA ALFARO ROMINA MILI', 26011, 1),
(25996, 'CANCINO PRETEL YADHIRA CANCINO', 26012, 1),
(25997, 'RODRIGUEZ CISNEROS JHOSELYN PAMELA', 26013, 1),
(25998, 'RIOS JULCA JENNYFER ARIANA', 26014, 1),
(25999, 'SOLANO RODRÌGUEZ KARLA MARÌA VICTORIA', 26015, 1),
(26000, 'ROMERO ROJAS LESLIE ISABELINA', 26016, 1),
(26001, 'MOSTACERO BLAS CARLOS JONATHAN', 26017, 1),
(26002, 'LEYVA GONZALES LORENA LIZETH', 26018, 1),
(26003, 'CAMPERO MURGA SANDRA SUSANA', 26019, 1),
(26004, 'VASQUEZ MATUTE VALERIA ISABEL', 26020, 1),
(26005, 'SANCHEZ OLIVA NOHELY ALEXANDRA', 26021, 1),
(26006, 'GASTELO MERINO NAYELLI DARIANA', 26022, 1),
(26007, 'PEREZ YRIGOIN ALEXANDRA NICOLE', 26023, 1),
(26008, 'RAMÍREZ SAAVEDRA ANDREA MABEL', 26024, 1),
(26009, 'LEON GALVEZ KAREN JOHANA', 26025, 1),
(26010, 'SAAVEDRA ZAMORA CARLA PATRICIA', 26026, 1),
(26011, 'BRICEÑO GONZALES KATHERINE NICOL', 26027, 1),
(26012, 'CASTILLO SANCHEZ JHOYSY SULEYKA', 26028, 1),
(26013, 'TERRONES BALTODANO MERCEDES ANILU', 26029, 1),
(26014, 'HILARIO ROJAS AMPARITO ELIZABETH', 26030, 1),
(26015, 'DE LA CRUZ TERRONES QUITERIA YESSADORA', 26031, 1),
(26016, 'TORRES VARAS PAULA FABIANA', 26032, 1),
(26017, 'ZAPATA GUEVARA LESLI KATERINE', 26033, 1),
(26018, 'AGUILAR RIVEROS DINA LIZBETH', 26034, 1),
(26019, 'QUIÑONES RIOS MARIA FERNANDA', 26035, 1),
(26020, 'CARRION VEGA ARLETH NOELIA', 26036, 1),
(26021, 'FLORENTINO MENDOZA MARIA ROSA DE LOS ANG', 26037, 1),
(26022, 'GARCIA HUACCHILLO FLAVIA RUBI', 26038, 1),
(26023, 'DÍAZ MUÑOZ NAYELI BRIGHIT', 26039, 1),
(26024, 'HUERTA ARTEAGA JESSICA NICOLLE', 26040, 1),
(26025, 'CRUZ GUTIERREZ ANTONELLA SARAI', 26041, 1),
(26026, 'RODRIGUEZ VERGARAY MAYLEN VIVIANA', 26042, 1),
(26027, 'ALVARADO AMAYA JESUS MARINA', 26043, 1),
(26028, 'VIDAL VARAS SANTOS MELITA', 26044, 1),
(26029, 'CORTEZ VERA MARIA EMILIA DEL MILAGRO', 26045, 1),
(26030, 'DÍAZ CARRANZA ITATI EVA NAHIARA', 26046, 1),
(26031, 'VILLARREAL MALDONADO DIEGO JULINHO', 26047, 1),
(26032, 'CARRANZA CARRANZA FIORELLA ALEXANDRA', 26048, 1),
(26033, 'HARO AVALOS ESTHEFANY MELISSA', 26049, 1),
(26034, 'SEVILLANO BERNABE KAREN ROSA', 26050, 1),
(26035, 'RODRIGUEZ DIAZ ARIANA JULIET', 26051, 1),
(26036, 'CESPEDES PEREZ XIOMARA IBETH', 26052, 1),
(26037, 'VASQUEZ MARQUINA VICTOR HUSSID', 26053, 1),
(26038, 'CRUZ DOMINGUEZ ANA ELIZABETH', 26054, 1),
(26039, 'RODRIGUEZ ALFARO YADHIRA DAYELI', 26055, 1),
(26040, 'VASQUEZ VASQUEZ JOANA NICOL', 26056, 1),
(26041, 'ROSALES SANCHEZ TALITA MISHELL', 26057, 1),
(26042, 'IMAMURA URIOL AIRI SILVANA', 26058, 1),
(26043, 'HILARIO SULLON ESTELA BRISETH', 26059, 1),
(26044, 'MEZA RUIZ EVELYN MARGARITA', 26060, 1);

-- --------------------------------------------------------

--
-- Estructura de tabla para la tabla `analisis_examen`
--

CREATE TABLE `analisis_examen` (
  `codAnalisis` int(11) NOT NULL,
  `tasaIrregularidad` float DEFAULT NULL,
  `codExamen` int(11) NOT NULL
) ENGINE=InnoDB DEFAULT CHARSET=utf8mb4;

--
-- Volcado de datos para la tabla `analisis_examen`
--

INSERT INTO `analisis_examen` (`codAnalisis`, `tasaIrregularidad`, `codExamen`) VALUES
(68, NULL, 1),
(69, NULL, 2);

-- --------------------------------------------------------

--
-- Estructura de tabla para la tabla `area`
--

CREATE TABLE `area` (
  `codArea` int(11) NOT NULL,
  `descripcion` varchar(200) NOT NULL,
  `area` varchar(2) NOT NULL
) ENGINE=InnoDB DEFAULT CHARSET=utf8mb4;

--
-- Volcado de datos para la tabla `area`
--

INSERT INTO `area` (`codArea`, `descripcion`, `area`) VALUES
(1, 'CIENCIAS DE LA VIDA Y DE LA SALUD', 'A'),
(2, 'CIENCIAS BÁSICAS Y TECNOLÓGICAS', 'B'),
(3, 'CIENCIAS DE LA PERSONA', 'C'),
(4, 'CIENCIAS ECONÓMICAS', 'D');

-- --------------------------------------------------------

--
-- Estructura de tabla para la tabla `carrera`
--

CREATE TABLE `carrera` (
  `codCarrera` int(11) NOT NULL,
  `nombre` varchar(200) NOT NULL,
  `codAreaActual` char(1) NOT NULL,
  `codFacultad` int(11) NOT NULL,
  `abreviacionMayus` varchar(50) NOT NULL
) ENGINE=InnoDB DEFAULT CHARSET=utf8mb4;

--
-- Volcado de datos para la tabla `carrera`
--

INSERT INTO `carrera` (`codCarrera`, `nombre`, `codAreaActual`, `codFacultad`, `abreviacionMayus`) VALUES
(1, 'Ingenieria de Sistemas', '2', 7, 'IS'),
(2, 'Ciencias Biológicas', '1', 1, 'CCAS.BIOLOGICAS'),
(3, 'Enfermería', '1', 1, 'ENFERMERIA'),
(4, 'Farmacia y Bioquímica', '1', 1, 'FARMACIA y BBQQ.'),
(7, 'Medicina', '1', 1, 'MEDICINA'),
(8, 'Microbiología y Parasitologia', '1', 1, 'MICROBIOL.y PARAS.'),
(9, 'Estomatología', '1', 1, 'ESTOMATOLOGIA'),
(10, 'Biología pesquera', '1', 1, 'BIOLOGIA PESQUERA');

-- --------------------------------------------------------

--
-- Estructura de tabla para la tabla `carrera_examen`
--

CREATE TABLE `carrera_examen` (
  `codCarreraExamen` int(11) NOT NULL,
  `cantidadVacantes` int(11) NOT NULL,
  `codExamen` int(11) NOT NULL,
  `codCarrera` int(11) NOT NULL,
  `puntajeMinimoPostulante` float NOT NULL,
  `puntajeMaximoPostulante` float NOT NULL,
  `puntajeMinimoPermitido` float NOT NULL
) ENGINE=InnoDB DEFAULT CHARSET=utf8mb4;

--
-- Volcado de datos para la tabla `carrera_examen`
--

INSERT INTO `carrera_examen` (`codCarreraExamen`, `cantidadVacantes`, `codExamen`, `codCarrera`, `puntajeMinimoPostulante`, `puntajeMaximoPostulante`, `puntajeMinimoPermitido`) VALUES
(1, 10, 1, 1, 120, 200, 100),
(2, 11, 2, 1, 130, 220, 100);

-- --------------------------------------------------------

--
-- Estructura de tabla para la tabla `condicion_postulacion`
--

CREATE TABLE `condicion_postulacion` (
  `codCondicion` int(11) NOT NULL,
  `nombre` varchar(50) NOT NULL
) ENGINE=InnoDB DEFAULT CHARSET=utf8mb4;

--
-- Volcado de datos para la tabla `condicion_postulacion`
--

INSERT INTO `condicion_postulacion` (`codCondicion`, `nombre`) VALUES
(1, 'INGRESA'),
(2, 'ING. 2-OPC'),
(3, 'NO INGRESA'),
(4, 'AUSENTE');

-- --------------------------------------------------------

--
-- Estructura de tabla para la tabla `estado_examen`
--

CREATE TABLE `estado_examen` (
  `codEstado` int(11) NOT NULL,
  `descripcion` varchar(50) NOT NULL
) ENGINE=InnoDB DEFAULT CHARSET=utf8mb4;

--
-- Volcado de datos para la tabla `estado_examen`
--

INSERT INTO `estado_examen` (`codEstado`, `descripcion`) VALUES
(1, 'Creado'),
(2, 'Resultados Cargados'),
(3, 'Procesando'),
(4, 'Aprobado'),
(5, 'Cancelado');

-- --------------------------------------------------------

--
-- Estructura de tabla para la tabla `examen`
--

CREATE TABLE `examen` (
  `codExamen` int(11) NOT NULL,
  `año` int(11) NOT NULL,
  `fechaRendicion` date NOT NULL,
  `nroVacantes` int(11) NOT NULL,
  `nroPostulantes` int(11) NOT NULL,
  `asistentes` int(11) DEFAULT NULL,
  `ausentes` int(11) DEFAULT NULL,
  `codModalidad` int(11) NOT NULL,
  `codSede` int(11) NOT NULL,
  `codEstado` int(11) NOT NULL,
  `valoracionPositivaCON` float NOT NULL,
  `valoracionPositivaAPT` float NOT NULL,
  `valoracionNegativaCON` float NOT NULL,
  `valoracionNegativaAPT` float NOT NULL,
  `periodo` varchar(20) NOT NULL,
  `codArea` int(11) NOT NULL
) ENGINE=InnoDB DEFAULT CHARSET=utf8mb4;

--
-- Volcado de datos para la tabla `examen`
--

INSERT INTO `examen` (`codExamen`, `año`, `fechaRendicion`, `nroVacantes`, `nroPostulantes`, `asistentes`, `ausentes`, `codModalidad`, `codSede`, `codEstado`, `valoracionPositivaCON`, `valoracionPositivaAPT`, `valoracionNegativaCON`, `valoracionNegativaAPT`, `periodo`, `codArea`) VALUES
(1, 2021, '2021-01-28', 52, 52, 52, 0, 1, 1, 2, 4.079, 4.07, -1.021, -1.019, '2021-I', 2),
(2, 2021, '2021-07-28', 52, 52, 0, 0, 1, 1, 2, 215, 152, 21, 21, '2021-II', 2);

-- --------------------------------------------------------

--
-- Estructura de tabla para la tabla `examen_postulante`
--

CREATE TABLE `examen_postulante` (
  `codExamenPostulante` int(11) NOT NULL,
  `orden` int(11) NOT NULL,
  `nroCarnet` varchar(10) NOT NULL,
  `codActor` int(11) NOT NULL,
  `puntajeAPT` float NOT NULL,
  `puntajeCON` float NOT NULL,
  `puntajeTotal` float NOT NULL,
  `codCarrera` int(11) NOT NULL,
  `codCondicion` int(11) NOT NULL,
  `respuestasJSON` varchar(1000) NOT NULL,
  `codExamen` int(11) NOT NULL,
  `nroCorrectas` int(11) NOT NULL,
  `nroIncorrectas` int(11) NOT NULL
) ENGINE=InnoDB DEFAULT CHARSET=utf8mb4;

--
-- Volcado de datos para la tabla `examen_postulante`
--

INSERT INTO `examen_postulante` (`codExamenPostulante`, `orden`, `nroCarnet`, `codActor`, `puntajeAPT`, `puntajeCON`, `puntajeTotal`, `codCarrera`, `codCondicion`, `respuestasJSON`, `codExamen`, `nroCorrectas`, `nroIncorrectas`) VALUES
(26191, 1, '013814', 25894, 67.152, 105.028, 172.18, 2, 1, ' ABBBBBBXAXXXBXXBXBBABBXBDBBXXXXBXXXBBBXBXBBXXXBBXEBXXXXXEXBXXBXBXBBBXXXCXXBXXBXXXBXXBBBXXEXBBXXBCXBD', 1, 44, 7),
(26192, 2, '009161', 25895, 49.847, 93.792, 143.639, 2, 1, ' CADBXXDBXXBBBBXBABXCBBBBXXBXBEXBXBBBBCDBXXXAXCXBBXBDXXBCBXXBXBBXBCXBBBBAECXBBBXBBBXXADCXBXEEEBABECXB', 1, 42, 27),
(26193, 3, '017841', 25896, 55.955, 73.407, 129.362, 2, 1, ' XXBBXEBBBCXBBDXBBBBABEXEXBXXXBXXXXBBDXXBBAXBAAXBBBBBXXBXEXXBDXXXBEXXBBXXXXXBBXXXXXDEBEDEXBXBBXXXXXXX', 1, 36, 17),
(26194, 4, '030871', 25897, 83.432, 43.838, 127.27, 2, 1, ' AXBBBBBBBABABXXBBBBBBBXXBBBXBXCCBEXXXDXCXXXXXXXXXXXXXXXXXDXXXBXBXBXXBEBXXXXXXXBXXEBXXBBXBXXBBXXXXXDX', 1, 34, 11),
(26195, 5, '027263', 25898, 65.114, 53.017, 118.131, 2, 1, ' CBBXBBBBBAXXEXBXBABXBXBBBBAXBXXXXBXBXEBXXXXXXXXXXXXXXDXEEXXXBXXBBBXBBBBAXBXXXXXBDCBXXXXXXEXXXXBXXXXX', 1, 32, 12),
(26196, 6, '024097', 25899, 63.076, 53.012, 116.088, 2, 1, ' BBXABXBBBABDBXBXBEBAEXBABBBXBXBEXAXXBXCXBEXXXXXXXXBXXBXBXBBXBXXBXXXXXXXXAAAXBXBXAEXEXBXXEXXBBCXXBXXX', 1, 33, 18),
(26197, 7, '047438', 25900, 45.783, 69.333, 115.116, 2, 1, ' AXXBBXBXBDBXBXXXXBXABXBBXEXXAXXXAXXXBXXBXBBXXXBBBDCAEBXXXEXBEBXBXXBXXXXXXBXXXXXBXXXXXXXBBEXXXBXBBXXX', 1, 31, 11),
(26198, 8, '023827', 25901, 45.783, 69.333, 115.116, 2, 1, ' AXXBBXBXBDBXBXXXXBXABXBBXEXXAXXXAXXXBXXBXBBXXXBBBDCAEBXXXEXBEBXBXXBXXXXXXBXXXXXBXXXXXXXBBEXXXBXBBXXX', 1, 31, 11),
(26199, 9, '052793', 25902, 47.809, 66.28, 114.089, 2, 1, ' XBBBXXAXBECBEBBBBXBDAEBBXCXBDBCXBXXXXBBXXXBBXXXBXXXXBXBXXXBXBXXBXXXXXBBBXBXCXXBXXXXXXXXXXXXXXXBCXXXX', 1, 31, 12),
(26200, 10, '030509', 25903, 45.777, 68.307, 114.084, 2, 1, ' XBCXBDXXBDXBAXBEXBBBXBXBBBDBXBBDXXXXBXXXXXXXXXXXXBXBEXBBXBXDBXXXBBCDXXCXXXXBDBXAXXBBBABAXBXAXDXXBBAD', 1, 33, 20),
(26201, 11, '048263', 25904, 59, 53.012, 112.012, 2, 1, ' ABBXXBBABDCBBEBCBXBAEBABBBACEBBAXBXXXEDBXXXXXBXXXXXCXXXXBBXBABXABBXXXXCCBXXXXXBXXBXXCBBBXXXDXXXXXDXA', 1, 33, 22),
(26202, 12, '047925', 25905, 66.127, 41.806, 107.933, 2, 1, ' AAXBCDXABDBBXBBBXBBABBBBBCXBABBXBXXBXXBXXXXXXXXXXXXXBXXXBCXXXXBXXXXXXXXXXXXDXXXXXAXXBXXXXXXBXBXXXBXX', 1, 29, 10),
(26203, 13, '029839', 25906, 56.974, 47.927, 104.901, 2, 1, ' XXBXXBBBBABXBBABXBXAXXBDAXXBCBXXXXBXXBXXXXXXBXBXBXXXXBBXXXXXXXXXBXXBXXXXXXXCBXXXBXXXXBXXXXXXXXXXXXXX', 1, 27, 5),
(26204, 14, '018245', 25907, 35.587, 66.23, 101.817, 2, 1, ' ABBBEBACBBADCCBDECADBEBBCCBBBEEEBDCBBBDBABBBABEECEDDBBDBBAAAAAABAEBDAABDBADBBABAABAEBBEEBDCBBAEEEBAC', 1, 40, 60),
(26205, 15, '019283', 25908, 54.936, 46.881, 101.817, 2, 1, ' ABXXXXDEBXBBXBBABXBXBBXECABBBBXDBXCXBDXBXXXBAXDXXEBXXXECXABXBBEEBXXXBBXXXXAXBABCEECDBXBXXXBXEXCXACXD', 1, 32, 28),
(26206, 16, '038761', 25909, 49.847, 50.965, 100.812, 2, 1, ' BBBBBXBAXAXBXBXEBXDXXEBBEBBEBXBXBBXBXACBXXXEDBABXBXBBXXDXXBAXXXDXXXXXXDXBXXXBXBABXCEEBXXXECXBACCXXXX', 1, 31, 25),
(26207, 17, '039006', 25910, 53.923, 45.885, 99.808, 2, 1, ' XXBXBBXBBABBDBXDBBDAXBBXXXXXXXXBXXXXXXXXXXBXBXCXCXXXXXXXXXXXXXXXBXXXBBBXXXXXXXDXXBXXXXXXBBXXXXXXBXBX', 1, 26, 6),
(26208, 18, '004849', 25911, 48.828, 50.975, 99.803, 2, 1, ' DXBEXBCEBAAXABBBXABCBBXBBXXBXBEXBXXBXXXBXXXXXXXXXXXABXXXXBXXXBBXXXXEBBBXXXXXEXCXXCEDCXBBBXXAXXXBBXXX', 1, 29, 18),
(26209, 19, '001432', 25912, 64.095, 31.611, 95.706, 2, 1, ' ADBBXBBBBAEBDXXXXBBADBXABBXBXBXXXXXXXXAXXXXXXXXXXBBXXXXXXXXXXXXXXXXBXXXBXXXXXXXBBXXXXXXXXXXXXXXBBXXX', 1, 25, 6),
(26210, 20, '032447', 25913, 30.516, 64.233, 94.749, 2, 1, ' XBEXADBXBXBXBBABXBXEXAXXXXXXXBBXBXBXBEXXEBAXXXXXXXBXXXXABXXBXXXBADXAXBXXXXBXBBXBXXBXBAXXDXXBXXBXXXXX', 1, 27, 15),
(26211, 21, '015074', 25914, 60.025, 34.654, 94.679, 2, 1, ' ABBXXBBDCEBXBEBBXXBABABXXBXBXBXXXXAAXBEBCBXXXAAXXBAXBXXXXXEXXDXXXBXXXBBBXXXXXXXCXXAXXBXXXBDXBCXXDXXX', 1, 28, 19),
(26212, 22, '022813', 25915, 46.796, 35.68, 82.476, 2, 1, ' XXBBXDXXDDXBXXCBDABABBBBXXBBBXXXXCXXBXXAXXXXAXXXXXXXXXXAXXXXXBXXXBBXXXXDXDXBBBCXXXXXBBDXXXXXXXCBXXBX', 1, 24, 15),
(26213, 23, '027426', 25916, 40.688, 39.759, 80.447, 2, 1, ' AXBXAXXDBAXBCXBXXEAAXBXBABDCBBXXBXXXXXBXEXXXXXBXEXBXXXXXXXXXBXEBXXXXXXXXXAXXDXXCCEBBXEXBXXXXXXXXBXBD', 1, 24, 17),
(26214, 24, '002779', 25917, 29.491, 49.939, 79.43, 2, 1, ' BBXXXBCBEABEAEBXABXXXDBXECBXBDXABXAXBBBCABXBDXXXXCXCXAXXEXAXXXADAXBXXDCCBBXXAXCEXXXCCXBXBBCBBBBEXBXD', 1, 28, 34),
(26215, 25, '030774', 25918, 46.802, 31.606, 78.408, 2, 1, ' AXBCBXXBBABXEXXXXXXAXXXBXBBBXXCXXXXBBXXXXBXXXBXXXXXXXXXDXBEXXXXBXXXXXXXXXXXXXXXXXXXXBXXBCXXXXBXXXXCX', 1, 21, 7),
(26216, 26, '050514', 25919, 42.72, 35.675, 78.395, 2, 1, ' XDABBBBBCXCABBBXBCEBBBXXXXAEBBEXXBXXXDXXXXXXXXXXBBXXBXXXBXDXEBXXXDAXBAXXBXXXEXXCXXBXXXADXXAXXBXBXXAD', 1, 25, 23),
(26217, 27, '036889', 25920, 49.847, 26.511, 76.358, 2, 1, ' ABBDBXDAXABXBBXXXXDXBBCBXBBCBEXBXXXXBXXXXXXXXXXXXXXXXXXXXXXXXXXXXXXBXBCBXBXXXXXXXDXXXXXXBXXXXXXXXXXX', 1, 21, 9),
(26218, 28, '041484', 25921, 44.752, 31.601, 76.353, 2, 1, ' XBBBBXXBDXABBBAABAECEBBBABAEBDXXXXXCXXXXXXXBXXXXXBBXXXXXXBXAAXEXBXXXXXXXBCDXXXXXXAXXXXXXXXCXDBXBXBBX', 1, 24, 21),
(26219, 29, '039014', 25922, 47.815, 27.527, 75.342, 2, 1, ' XBXBXXXBBAXBBBBXAAXXBAXEBXEBBXBXXXXXXDDXXXXXXXXXXXXXXXXBDXXXXXXXXBAXXXXXXBCXXXXXXXXXBXXXXXXXBXXXBBXX', 1, 21, 10),
(26220, 30, '027922', 25923, 36.618, 37.712, 74.33, 2, 1, ' XBBDBXXBBCXXAXBAAXBABXEAABXXXBXDBAXXXXXXBXXXXXBXXXDXXXXXXDCBBXXXBXXBBXBXDXXEADXXEXDXXXXABDXDBABXXXXD', 1, 24, 23),
(26221, 31, '030183', 25924, 33.567, 39.759, 73.326, 2, 1, ' XXXXBCXBBXBCBCXEBBXEEXBXBXXBEXXXXXXXXDXBXXXAXXXXXCCXXBBXBXBBXXBBXXXXEXAEXXXXXXXBXXBXBXXBXXXXEXCXXXXX', 1, 22, 16),
(26222, 32, '001925', 25925, 37.637, 31.596, 69.233, 2, 2, ' ACBBXBXXXXEBXXXBBBDXBBABXCXCDXXXXEXXXXBXXBXXXEDEXABBBXXXXXXXXXCXXXXEXBAXXBXDXXXXXBXXAXXXXBXDXDBXAXBX', 1, 22, 20),
(26223, 33, '038145', 25926, 37.637, 31.596, 69.233, 2, 3, ' ACBBXBXXXXEBXXXBBBDXBBABXCXCDXXXXEXXXXBXXBXXXEDEXABBBXXXXXXXXXCXXXXEXBAXXBXDXXXXXBXXAXXXXBXDXDBXAXBX', 1, 22, 20),
(26224, 34, '002232', 25927, 34.586, 32.627, 67.213, 2, 3, ' AABDBXBBXXEXXXXXBBXBDXBXBXBXXCXXXXXXXXXDXXXXXXBXXXXBXXBBXAXBXXXXXXXXCXXXXXXXXXXBXXXXBAXXXXXXBBXXXXXX', 1, 19, 10),
(26225, 35, '049315', 25928, 30.522, 35.685, 66.207, 2, 3, ' XXXXBBXBXXXDXXBXAXBABXXBXXXXXXAXXXXXBXXXEXXXBBXXXXXXXXCXXBXXXXXXXXXXXXBBXXBBXXXXEXXBXXXXBXXXXXXXXEXX', 1, 18, 7),
(26226, 36, '039941', 25929, 33.573, 31.606, 65.179, 2, 2, ' EBXXBXBXXXBBCXXBXAXAXXBXXXXBXXXXBXXXXXBXBXXXXXXBXXXCXXXXXEXXXEXXXXXXXBXXXXXBXXXXXXXDXXXXDBXBXXXXXBXX', 1, 18, 8),
(26227, 37, '027094', 25930, 29.497, 35.68, 65.177, 2, 3, ' AXAXXDXBXXXEXCXXXEBABBXABEBXBXDBXXXXBBXXAXXXXXXXBXXXXBXXDXBXXXXBXXXBXXXXCXCCCXAXBXXXEBBXXXXXXXXXXXXX', 1, 20, 16),
(26228, 38, '029244', 25931, 24.396, 40.745, 65.141, 2, 3, ' DCBXDBBDCECBXDAADCBAEBEBDBDBXXAXECBEXXDBABADBDXCDBACDXBCCBCADXBEXDXEBXECAXDXDBCCCBDXDXAXXBACBBBBBBBA', 1, 29, 52),
(26229, 39, '028248', 25932, 40.688, 24.449, 65.137, 2, 3, ' EDBXBBXXDXXBDXCEBBCXXBXAXBBBBBCXDAXXXXXBXDXXCAXXXXXXEDXDXXEXBBXEXEDEDXXEBBEXBBXXBBBXXXBXXXCXXXXXDXDX', 1, 23, 28),
(26230, 40, '010508', 25933, 31.529, 32.607, 64.136, 2, 2, ' DXXBCBBXXAXDCABBAXBCXXXXCXBEBBEXXBXBDBXXXXAXXXXXXXCBXDXXBBBCCAEXEDBXXABAEBEXXXXXBXXXACXXBXXXCXEXXXBE', 1, 23, 29),
(26231, 41, '028553', 25934, 21.345, 37.672, 59.017, 2, 3, ' BAXDACXCAADBEBXBXAXABBCEBBAAXACBBCDBDAABCABECDBCBDDEDCCEEBDBBDDDAEDDEXABCBXAEDDACAABABBBBCCDCBEBBCED', 1, 30, 62),
(26232, 42, '018262', 25935, 44.758, 14.224, 58.982, 2, 2, ' BXXDBAXBBCBXBBDBBABDXBXBCXXBBXEXEBAADDDDXECBXABAEDBBABADDCCCXAXEXXABBXBEABDECDAXXCXDAXCDXBCCCBDEBXDD', 1, 27, 50),
(26233, 43, '040853', 25936, 41.713, 13.228, 54.941, 2, 2, ' ABBAXBXBBXXXCXXXXBXAXXBXEBXXXBXXXXBAXXAXBXCCXDAXXCXBXBAXXDBXXAXAXBBEXCXXEDXXXCBXCEXEXXXXXXDBXDXDXXCX', 1, 20, 26),
(26234, 44, '026726', 25937, 23.395, 30.58, 53.975, 2, 3, ' AXXXXXXEXAXEXBXDXXAXBBXAXXXBBXDXXXXXXDXXBXXXDXXCXBXXXXXBXBXXXXXXBXXBABDXXXXXCXXXEXXBXXXXXXBXDXBEXXXX', 1, 17, 15),
(26235, 45, '041499', 25938, 29.497, 24.444, 53.941, 2, 3, ' ABXDXXXBXBXBBXXCBXDCCXXBXXXABBCXBXXBDDXXCXXXDXXEXXXAXCDXXXXDBCBXXCXEDCXBBABXCXXAXBXXXXCXBCXDBXBBCXAA', 1, 21, 31),
(26236, 46, '029394', 25939, 32.542, 21.396, 53.938, 2, 3, ' ECXDXEBBDAXXAXXEBBDABCCBBBCXBCXXXBCXBXXEXEEXXXEXXXXXXEAXXCXXXBXXXXEBXCXXXXXXEXXCXDBXXDXXAXXBXBBXXBXX', 1, 20, 27),
(26237, 47, '047357', 25940, 34.58, 19.349, 53.929, 2, 3, ' ABXXXXBXAXEBBEDCAXXDBACCBBBXBBXXBCDAXXXBBXEXXXEDXXXXADAXACXXBXBXXXAXXXXXXXCDBXXXXDBXXAXXXBEBCXEXEXBC', 1, 21, 31),
(26238, 48, '050329', 25941, 26.446, 23.433, 49.879, 2, 3, ' XXEXXBBXBBXEXBXXXBXXBXBXXDAXDBXXBBCBDXXCXEBEXXXXXCXXBEXXAXAXXXDXXXBXXAXBXXEBXXXXXEXBXXDXECCXXBXXXXXX', 1, 18, 23),
(26239, 49, '028851', 25942, 33.567, 16.306, 49.873, 2, 3, ' AXXXXDBXXAXXXADDBBXEBBBXBAEBXXXXXBXXXAXXXXXAXXXXXXXXXBXBBXABXXXXXXXXCXXCXXXXDXXDXXXXXXXXXXXXBXXXXEXX', 1, 16, 15),
(26240, 50, '045288', 25943, 30.516, 18.348, 48.864, 2, 3, ' XBXBBXAXXBXXXXXBXBXXXCBBEEXBBAXXXXXXXXXXXXXXXXXXXAXXXXXXXXXXXEXXBXXCEBXXEEXXXXXXXXXXBXBXXXXXXXBXXBXX', 1, 15, 12),
(26241, 51, '031385', 25944, 29.497, 18.348, 47.845, 2, 3, ' XXXBBXCXCCDXBXBXDBXXXBXXBDCBBXXXXXBXXXXXXXXXXXXXBDCXXXXXXXXXBXXXXBAXXXXXXEXXXDXXXXAXXXXXXXXXBXBXXXXX', 1, 15, 13),
(26242, 52, '010992', 25945, 18.3, 28.543, 46.843, 2, 3, ' EXXXXBAXXABXABDDBAXEDBXXBXXEEXXXXXDXXXXBXDXXXXXXEXXBXXXXXXXXXXXABXXXXXXXXBCXXAXXBXXBXXBBXXXCXDXXBXXX', 1, 16, 18),
(26243, 53, '034541', 25946, 26.446, 20.38, 46.826, 2, 3, ' XXXBXXBXXXBBAXDEXBXXXBXXXDBCBAXXXBXXDXXXEXXCXXXXXDDBXXXEXBXXBXXXXXXCXBXXAXXXAXEXXXXBXXXXXXBXXXXDBCXX', 1, 16, 18),
(26244, 54, '012922', 25947, 26.446, 19.364, 45.81, 2, 3, ' ACCXXXXXAXBXBBXBXAXXXXXXCBBXDBAXBXXXXXXBXXXXXXBEXXXXXEXXXXXXXXAXXBXDXXXXXXBEXXBXXXCXXXDBXXXEXXXXXXXX', 1, 15, 15),
(26245, 55, '032284', 25948, 34.58, 10.175, 44.755, 2, 2, ' CBDABXBBXEBDECBBXBBXEBXXABXXAXCDXXDXXXXXXXXDACXXXBXXXXCXBACEBXCXEXACXXXXXXBXBABXXAXCXDXXXXXXXXBXXXXX', 1, 18, 28),
(26246, 56, '020364', 25949, 21.363, 22.422, 43.785, 2, 3, ' XXEXXXXBXEBXDXBBBXXXXXXXXXXBXXXXBXXCBBXXXXXEBXBXXXXXXEXXAXEXXAXXXXXXXBXBXXDXXXXXBXXXXXXXXXXAAXXXXXXA', 1, 14, 13),
(26247, 57, '012197', 25950, 26.44, 17.317, 43.757, 2, 3, ' AXBCXEABAXACXADBXXXABDXXBBBXEXXXXXXXEDXAXXAXXDEXBBXEXXXABBXDXXXXXXXXCBXXXXXAXXXBAEXXEXAXXXXXXXXXBXXD', 1, 17, 25),
(26248, 58, '040961', 25951, 26.452, 15.285, 41.737, 2, 3, ' AXXXXBDXDXXXXXXXBXXABXBBXXXXXXXXXAXEBXXXXDDXXXXXXXXXDXXXXXAXXXXEXBXXXXXXXXXXXXBXXXXDBXXXXXXBXBEXXXXX', 1, 13, 11),
(26249, 59, '043066', 25952, 25.427, 16.296, 41.723, 2, 3, ' AXXBBXXDXXDXBEXXXXBXBABBXXXDECXEBXXXXBXAXXXDXXEXXXBBDXXXAXXDDXDXXDXXXXXCXXXEXXCEXXBXXXXXXEXBXXBBEXXX', 1, 16, 23),
(26250, 60, '029599', 25953, 33.567, 8.148, 41.715, 2, 2, ' XXEBBBXXEXBECXDXBBXXXCBBBDXXXBBXXXXXXXXXXXXXXXCXXXXXXDXXBXXXXXXXXXXXXXAAEXXBXXXXXXXXXXXXBAAXXXXXXXXC', 1, 14, 15),
(26251, 61, '014175', 25954, 13.211, 24.464, 37.675, 2, 3, ' ECBXDADXBABBXXXBXXADEDDXXXDXXXBXXXXDCXDXXXXXXXXXXXXXXBBBXXXAXXAXXBXXXXXAXXXXCXXBBXXXXXXXXXXBXXXEXXXX', 1, 14, 19),
(26252, 62, '007556', 25955, 33.567, -0.01, 33.557, 2, 3, ' XXBXXXEBXXDEBXBBBEXDBBBXXXBXDEXXEXXXXXDXXXXXXXEXXDXXXBXXXXXXXXDXXXXXXXXXXBXXXXXXXAXXXXXXDXCXXXXXXXXX', 1, 12, 15),
(26253, 63, '042883', 25956, 11.185, 21.401, 32.586, 2, 3, ' XXEXXXXXBXXXDXXDCXBXXXXXBBXEXXXXXXXXXADXXXXXXABBXXCBXXBXBXAXXXXEXXXXEXXXXXXXBBXAXXXXXXXXXBCXCXXXCXXX', 1, 12, 16),
(26254, 64, '037578', 25957, 30.516, 2.012, 32.528, 2, 3, ' ABBXACBCXXBXXBBXBXAXXECXXXXBXXXXBAXXXAXCXAXBXCXXAXXXEEECBEBBDXCXXXXXXXDXXCXXXDXEXBEXDXXXXXXEXXXEXCXX', 1, 15, 28),
(26255, 65, '009389', 25958, 28.478, -0.02, 28.458, 2, 3, ' XBXXBXXAXXBXAXXBXXBDEBXCBDBEEBCXXBBXXXXXXXEXXXXEXXXXXBXXXXXXDXXXXXXDCXDACDXXCXXXAXXXXXXCXXXEXXXXDXBC', 1, 13, 24),
(26256, 66, '015812', 25959, 11.173, 14.264, 25.437, 2, 3, ' ECCBCBEEXXBDDBXXXXDAEXDEXXDBXXBBCXCXXXXXXXXBAXXXXXXCXXCXXXDXDXXXXXXXXXXXXXXXXCXXDXXXBXCBXXBXXXXXXXXX', 1, 12, 23),
(26257, 67, '028527', 25960, 10.142, 10.13, 20.272, 2, 3, ' AEBABADBADBCAAECECDADAABACEBACCBCDCEBEADCDEEEDBBCCBADABEBDEBABCEBCDADABEEDEDDEBCBBECDAADDDBCCACBECCB', 1, 24, 76),
(26258, 68, '042069', 25961, 6.084, 11.186, 17.27, 2, 3, ' XAXDBXXXCCBDXXEXXBBBDDEDCBCCXXXBAXXEXXCXXXDXXXXXXABXEAEXBBDXAXXEEBDXXEXAEXXXXBXDXXBBXAXCCAXCDXXDEBXX', 1, 14, 39),
(26259, 1, '053096', 25962, 81.394, 124.397, 205.791, 3, 1, ' ADBBBBABXABBBXXBBBBEXBBDXBBBBBXBBBBXBCBXXBBBBXECBXBCCAXBXBXXXXBEBBBBBBXBXXXBXXXBDBBXBEBBXXXXBBBXBXCX', 1, 54, 14),
(26260, 2, '045847', 25963, 88.515, 115.208, 203.723, 3, 1, ' EBBBBBBCBACCBBBBBBBABXBBBBBDXBCXADBBBEDXBBCBBCCBXBXBXXEAXXBXDBBXBCBXXBBDBBBXXEBBBBBABDDDBBXXEXBBBBXD', 1, 56, 24),
(26261, 3, '049686', 25964, 54.936, 117.255, 172.191, 3, 1, ' ABXXBBXBBABBXXBBBXXXBDADAEXBCBXDBXBBBBBXXXXBBBEXXBXBBBEBBXBXCEBBXBXBXBXXBEXXABBXEABBBBXBXABXDXAXAXBD', 1, 47, 19),
(26262, 4, '016445', 25965, 85.464, 76.46, 161.924, 3, 1, ' XBBBBBAXBABBCBBBXBBABXBCBDBBBBBXEDCAXBBXXXXDXBXXXXEBCXXABBXXDBXCEXXDBBXBBXBBBXBBXXBEEXXDEBBXCXXBBXXD', 1, 45, 21),
(26263, 5, '021679', 25966, 75.286, 79.533, 154.819, 3, 1, ' ACBBBXBBBXXBBBBBACEEBBBCXBBBBBXXXXEBXBXBEXXXBBXXXXXXXXAXXBXXXBXEBEBXBXBXBBXBBXXXBXXXXXBXXXBDBBXBXXXX', 1, 41, 12),
(26264, 6, '040466', 25967, 81.394, 63.212, 144.606, 3, 1, ' ABBXBBBBAXBBXBBBCBXABBBBBXABCBXXEDBXXXXEXXCXXBXXBXDBXXXBBBXBXXBXXBXBXBXXXXXXXDXXBBXCXXXXCXBXXDBEBXXD', 1, 39, 14),
(26265, 7, '029698', 25968, 54.936, 85.639, 140.575, 3, 1, ' XBBCEBBXDAXXDBXXBBBABBBXBXCCXBBXXXBXXXBXXEBBEEXXBXXABBXXCBXEXBXBBBBXEXBXEDEXCBBXDXBXXBBXBDBADABXXBBX', 1, 40, 22),
(26266, 8, '023223', 25969, 76.305, 64.228, 140.533, 3, 1, ' AXBBBBBBBACXCDXBCBBXXBBBBCBBBBEXBXXXDXXXBABBBBEXBXDBXXXBXXDXBBXBBXAXBXCCBXXXBDBXXDDXXEXXXXXXXBXXXXXD', 1, 39, 18),
(26267, 9, '049459', 25970, 62.063, 76.48, 138.543, 3, 1, ' ABBBXAXDBAEBXBXBXXBXBBBBXXXXBBXXXXDXXXXXBXXBXXXXXBBXXXXXBXXBXXBXXBXXXXXBXBBXBBBXXBXXXBXXXXXXBXXXBXXD', 1, 35, 4),
(26268, 10, '042091', 25971, 65.114, 70.354, 135.468, 3, 1, ' ABEXBBBXBXBBXXEXXBBABBBBDXBDXBABBXAXXBXBXXABBBXXXDXXXXXXBEBXBDXXXXXXXXXXBBXBXXXBXXXXXBXBBXXXXXBXXDXD', 1, 36, 11),
(26269, 11, '011831', 25972, 63.076, 66.28, 129.356, 3, 1, ' BBBBBBEXXXEBBBDXBBXXXDBBBBDBBBXCXXBBXBXXBXXXXXBXBBXXXXXXXXXXXXXXXXBXXXXBXXXBBBXXBXBXXXABXEBBXXXXXXXX', 1, 34, 9),
(26270, 12, '013836', 25973, 50.866, 77.491, 128.357, 3, 1, ' EBXBXBXBXAXXBBBXAXBACXBBBDCXBAXBBXXXXXXXXXXXBAXXAXBBBXXBXEXBXCXBXXBXXDBCXBBXXBXAXXXXBXBBBXXABXXXXBBX', 1, 35, 14),
(26271, 13, '031503', 25974, 60.031, 65.259, 125.29, 3, 1, ' AXDXBBBBBXXBXXXBBXXABXXBXXBBXBXXXXBXEXBXBXXBBXXXXXXXXXBXBXBXXBXXXXXXXXXBBBXXXBXXXXBBXXXXXXXBCXXXXCBE', 1, 32, 5),
(26272, 14, '049437', 25975, 48.834, 74.428, 123.262, 3, 1, ' ABXXXBBBBXBXBXDXBXXAEAXBXDBBXXXXBXXBXBBXXXBBXBXCXBXDBXBXBDXBXXECBBXXCXXDBBBXXXXXXCXXXXDXDXXABXXBXXBD', 1, 34, 15),
(26273, 15, '033438', 25976, 40.688, 81.56, 122.248, 3, 1, ' AXBXBBXEBEBBXBXXAACBXXBEBXEXBBABXXXXCDXXBXXBCCBEBBDXXXBBXXXBXXXXEBAXBCBDBCBBBXCAXBBXXBXBDXXXBCXBBXXD', 1, 36, 24),
(26274, 16, '020066', 25977, 65.114, 55.049, 120.163, 3, 1, ' AXCCEBXXBABXBBBAXXXABBXBBBBXBBBXAXXCXXXXXBXXCXBBXCEXXADXXEBBBXXXBBXBBXXXXBXCXXXCXXBCXXAEXBXXXBXBXDBX', 1, 34, 18),
(26275, 17, '011781', 25978, 63.076, 54.023, 117.099, 3, 1, ' AEBBEXXBBAXBBDAEBXBABBEBBXBXBXBXBXCBXXBXXDXAXAXDXBAXXBBXBXCBAXDBXXXCXXDAXAXBXXCEXXXBDXBXBBXXDBXBXCBC', 1, 35, 25),
(26276, 18, '005501', 25979, 60.025, 56.075, 116.1, 3, 1, ' AXBDDXBXBABXXXBBBBXABBBEBAXXEBBXBEXBXXBBXBBDXBXBCXXXEBXEXXXXXXXCXBXXXEXXXXXXXXXCDXXXXXXXBBBXXXXBBXXX', 1, 32, 14),
(26277, 19, '045131', 25980, 79.362, 34.669, 114.031, 3, 1, ' ABBXBBBXBXBBCXBABXXABBBXBBXBBBXXXXXXXXXXXXXXBXXBXXXXXXXXXBAXBXXXXXXXXXXXXBXXBXXXXXXXXBXXXBXBDXXXXXXX', 1, 29, 4),
(26278, 20, '025252', 25981, 38.65, 74.423, 113.073, 3, 1, ' XDXBXBDDEAABBEEBBEBXBXXBCXBBDXDXXAXBEXAAXXEXXBXXBBXXACBXBBXBBABBBXXXDXXBXXBXAXXBCBXBXXCBAXXBXXDBBBXX', 1, 34, 25),
(26279, 21, '049113', 25982, 47.815, 63.207, 111.022, 3, 1, ' AXXBBBXDAAXBBBBBXDXABXDXXXCXXBXBXBXDBCBXXBXXBAXEXBBAXCBXBEXXXXXXXBXEXXBXXXBBAXXDBXXBXXBXXAXXXAXDXBBE', 1, 32, 19),
(26280, 22, '015723', 25983, 61.044, 47.917, 108.961, 3, 1, ' ABBXCBCBBABXXBXXBXXAXXBBBXACBBBAXXXXBXCXDXBBXBBXXXXXXDXXXXXXXBXXXBXXXXXBXXXXXXXBXXEXXXXXDXBXXBCEBABX', 1, 30, 13),
(26281, 23, '010013', 25984, 72.241, 36.706, 108.947, 3, 3, ' AXXXBBXBXAXXXBABXBBAXBBBBBBBXBXXXXXXBXBXXXXXXXXXXXXXXXXXXXXXXXXXXXXXXDXXBABXXXXAXXXBXXXBBXXXBBXBAXXX', 1, 28, 5),
(26282, 24, '029817', 25985, 70.203, 37.727, 107.93, 3, 3, ' ABBXEXXXBABBBBXBXCBAXBXBXABBBBXXXXBXXBXBXXXXXXBXBBXXAXXXXBXXXXXBBXXXXCXXXXXXXXXXXXXXXXXXXXXBXXXEXXXX', 1, 28, 6),
(26283, 25, '019571', 25986, 75.292, 29.559, 104.851, 3, 3, ' XBXXBBXBXAXBBBBBBEBABBBXXCBBXBXBXBEBXBXBXXXXXXXXXXXXXXXXXXXXAXBXEXXXXEXXXXXXXXXXBEXEEXXDBXXXDBXCXCXD', 1, 29, 13),
(26284, 26, '046258', 25987, 63.076, 39.759, 102.835, 3, 3, ' EBBXBBBEBABAXEBBXBBXBXBEXBXBBDXBXXDXXXXXXXXBXAXXBBXBXDEBXBXXXXEXXBXEXXBXXXCXXBXXXXXXEXXXXDXXXBXBXXXX', 1, 29, 15),
(26285, 27, '050234', 25988, 45.771, 56.075, 101.846, 3, 3, ' BABBAXBXBXBBBBDDBCXADBDEBDCBBXDXXBXXEXBXBXXXABBBXXEXXXXXXXCXXXXXCBXXXXXXXXXXBXXXXEXBBBXXBXXBBXBXXEBC', 1, 30, 20),
(26286, 28, '026087', 25989, 53.911, 46.871, 100.782, 3, 3, ' EBBEBXACBCABEBEBBBDABBXXABBBEBDXXBBDDXDXXXBXCXBXBCECBXEBCDCXXXXBABCBEBBABACEBEXAXXEBXBXBXXCDAAECBBAA', 1, 35, 41),
(26287, 29, '038841', 25990, 78.343, 22.432, 100.775, 3, 3, ' XBBXXBBBBAEBABBBBBEXBXBBBBXBBXCXXXXXXXXXXXXXXXXXXXXXXXXBBXXXXXXCBXXXXXXXXXBXXXXXXXXXXXXXXXXXBXXXBXXX', 1, 26, 5),
(26288, 30, '043922', 25991, 68.165, 31.601, 99.766, 3, 3, ' ABAXABBABXCBBBBBXXEXXBBBBBBXBBXCXXXXXBXXXXXEXBAAXBBXXXEXXXXXXBXXXXXDXXBXAXXXXXXXEXXBXXXXBXXBXXXEXXBX', 1, 28, 14),
(26289, 31, '021754', 25992, 47.815, 50.98, 98.795, 3, 3, ' DBBBXXXXXAXXBBEBDCBXXBXBBBXBXCXXBBXCXXXXXXBXXXXXXXXEXXBXBBEXXAXXBBXXBXXXXXXXCXXXXXXXXBXXBXXXDXBBBXXX', 1, 27, 11),
(26290, 32, '040713', 25993, 38.65, 60.124, 98.774, 3, 3, ' EBXCBBBBXDBEXXCCEDBAXBXXCBDBXBCBXDXBEECEXADXBBAACBADCBADXDXEBBDBCBXXBBXBDXBBBEXEEEABBCABBAEXXXBBDABA', 1, 35, 43),
(26291, 33, '025614', 25994, 34.574, 63.197, 97.771, 3, 3, ' BABABAABEABCBBBXECXDEEXBBEBBXAXXXXBDCABCXXCBBBAXDXAEEXXBXAXXXCBEBXXABBBBDBEBBCXXXDCXXBBEXXBBAXBXXABX', 1, 33, 36),
(26292, 34, '001849', 25995, 45.783, 50.965, 96.748, 3, 3, ' ABXDXXDXBXXXXXBBXBXAXXCBBBBXXBCXXBXXXBAXBBDXEXXCCBDXXBDXXCAXXXBXXEXBXXXBXXXBDXDEBXXXEBXDXBBBXCBXAXBX', 1, 29, 21),
(26293, 35, '047643', 25996, 42.726, 53.012, 95.738, 3, 3, ' XBBXBEBBXXEBXBBXBXXADEBXXXABEXXXXXBXXXXEXXXBXAXEBBBXXCXXXXXECXBXBXBXXBXCXBXXXXXXBBXXXBBBDXABXXCXXXDE', 1, 28, 18),
(26294, 36, '043811', 25997, 53.923, 40.78, 94.703, 3, 3, ' XBBXXXXXCXBBBXEBXBBAXCXBBBXBXBXBXXXXXXXBXXXXXBXXBBBXXXXXXXXXXBXXXXXXBBDDXEXBXXXXXXXDXBXXXEXXXXCXCXAD', 1, 26, 11),
(26295, 37, '043708', 25998, 60.025, 34.659, 94.684, 3, 3, ' AXBXBEXXBABXCBBXBCBABXBBEBXXBDXXCXXXBDBXXXXXXXXXXAXXXXXXXXEXXXBBXBXXBXXEBEXXXXBXBBXDXCXEXBXXXXXXXXDX', 1, 27, 15),
(26296, 38, '015505', 25999, 63.076, 31.596, 94.672, 3, 3, ' XBCCCBXXBABXBBBXABBXBXBBCBABBBAXXDXXXXXXXXXXXBBDXCXXBDXAAXXXXEXXXXXBBXXAXXXXXBXACXXXXXBXXXXBDXXBBXBA', 1, 28, 19),
(26297, 39, '014447', 26000, 40.682, 51.966, 92.648, 3, 3, ' AEEEXXBBABEBXBBBCBBBAXAXBBCCBBXBBEXXBAXABXCEBXCCACBACDCACABXDABCXXDDCCACXBEBBXBBEXXXDEBCBEEBXBBXBBCD', 1, 34, 45),
(26298, 40, '046992', 26001, 50.866, 39.759, 90.625, 3, 3, ' AXBBCXBXBADXBXXBXBXABAXBXBDBDEXXXBXBXXXXXBXXXXBXBXXXDXXXEXAXBXXXXXXXBBCAXXXXDXBXXEBXXXXCXBXXBDXXXXXX', 1, 26, 15),
(26299, 41, '010258', 26002, 61.044, 29.564, 90.608, 3, 3, ' ACBBXBBXDABXXEBBBXCXXBXXXBBBBBXXXXXBXXXXEXXXCXXXXXXXXXXXXXXBXXXXBXXBXXXBBXXBBXXDCAXXBXXXAXXXXXXEXXXX', 1, 25, 11),
(26300, 42, '035089', 26003, 38.656, 50.965, 89.621, 3, 3, ' XXBXXECBXEDXBAXXXBBAXABXXXBBBBDDXBBCXXXDXXBBADEDXXXXEEXAXXXXABBBAXXBXBBXXCBAXXXXBXXXCDXXXBBXBBEXXXBX', 1, 28, 24),
(26301, 43, '039334', 26004, 35.605, 53.022, 88.627, 3, 3, ' DXEXDXXBXBXCBXXBBBBAXXBBXXXBXXCXXBBBXXXXXXXBXXBXXXXBXXXXBXXBXXXXXBABXXXBXXXBXXXXXXXXXXAAXXXXBXXBXXXX', 1, 24, 9),
(26302, 44, '044531', 26005, 54.942, 32.627, 87.569, 3, 2, ' AAXXXXBBBABBXXXBXXBABXBXXBBEXXXXXXXBXBXBXABXXXXXXXXXXXXDXXXXAXXXXXBXXXXBXXCBXXXXBXXXBXXXXXXXXXXXXXXX', 1, 23, 6),
(26303, 45, '022377', 26006, 50.866, 36.696, 87.562, 3, 3, ' ABXXXBBBDAEBBEXAXXXAXBBBBBXAEXXXXXXXBCXBXXXXDBDXXCBXXXXBXXXXXEXBXXEXXBXXXCEEEXXBXBXXXXXXXBXXXXAXBCXD', 1, 26, 18),
(26304, 46, '013496', 26007, 51.885, 34.649, 86.534, 3, 3, ' ABCBXEXBXAXBBAXXBAXXEBBXBBXXBBXXBXEXBXCXBBXABXCBXXXXXCXXBBCXXXBXBXCDXXXDXDXBXCCAXXXEBXCXXXEXXXEBDXXX', 1, 27, 23),
(26305, 47, '024959', 26008, 61.044, 25.485, 86.529, 3, 3, ' ABBBXBBBAXXBXEXBBBEABBEXXBXXXBBXXBXXBXXXXXXXXAXBXAXXACXXXBXXXXBXXXXXEXXDXXXXXXXXXXXCXXXXXXBXXXXXBXXX', 1, 24, 11),
(26306, 48, '005603', 26009, 35.587, 50.93, 86.517, 3, 3, ' DBDCECBBBCCBEBEBCBEAACEDEBBBBCCBEBBBAADEDBCEEDABECEABBABDBBAEBBDAEBBBDBCAAAEDBDEDBBEDDBDCBEECBEDBCDE', 1, 37, 63),
(26307, 49, '003814', 26010, 54.936, 30.57, 85.506, 3, 3, ' XXBDBBBBBXXXXDBBBXACBBAXXDBBBBADCXXAABXXXBBBBACXXEXBEXXXXXXBBXXXXXCXDXXBXXXXAXDCXXXXXAEEBXXXXXXXBCXD', 1, 27, 24),
(26308, 50, '025625', 26011, 50.866, 32.622, 83.488, 3, 3, ' AABXBXXBBXXXXBABBEBABBBXDXDBXAXBXXXXXXBXXBBXXXXBXXXXXXABXXXXXBXXAEXXAXXXXDXXXXXEXXXXXXBXBXXXDBEXXXXX', 1, 24, 14),
(26309, 51, '040709', 26012, 46.796, 35.69, 82.486, 3, 3, ' ABBBBBXXBXEXXXXDXXBACAABXDBBBXXXBXXXXXBXXXXXBXXXXXXXXBXXCXXXXXXXXXXXXXBXBXXXBBBXXXXXXXXXXXXXXXXXXXXX', 1, 22, 7),
(26310, 52, '034194', 26013, 50.866, 31.596, 82.462, 3, 3, ' ABXAXXAXDAXXBBBDBBCXDBBBXBXXBBXXEXXXXXXXXXBBXXBEAXAXXXBBXCCXXBXBXBXXXBDXXEXXXBXDDXXCXCXXXDXBXXXXXXXX', 1, 25, 19),
(26311, 53, '047466', 26014, 35.593, 45.85, 81.443, 3, 3, ' BDBCBBBBXCCBXBEXBBAAADXADEXABBDDBXDEADBBDCACDBXEBEXCXCCXBEXBDXAXXXXXXEBXCCADBXXBCBBXDBDEXBBBBBXEDBEX', 1, 31, 44),
(26312, 54, '036537', 26015, 47.815, 31.596, 79.411, 3, 3, ' EEBCXXXBXABBBBXXBXBAXXBXAXAXBBBXXXXBBXXXXXXXBBXXXEXADXXCXXAXXCXXBEXXBXXXEBXXXAXDXBXXXXDXXXBXXDXXCXBX', 1, 24, 18),
(26313, 55, '000207', 26016, 40.688, 36.686, 77.374, 3, 3, ' DXXBBXBBBAXABEAXBCCDXBXBBBXXCXDXXCXXBAEXBDXXXXABXDBBXXBBBXXXAXAXBXXXXXEBBXCCDXXXBEXAXXXXEDBCXXEXXXCD', 1, 26, 28),
(26314, 56, '050548', 26017, 47.809, 29.529, 77.338, 3, 3, ' XXBBABBBBABXBCBBBBXCDEBDDCXXEXEBEBABXBEADXDXCXACBCXCCXEXXXCDXDEDBEXXDBABXAXBAAXXBEDEEBEBXDCBBBACXBDX', 1, 30, 44),
(26315, 57, '044694', 26018, 38.656, 35.685, 74.341, 3, 3, ' EBXXXBXXAABBXXCDXBDXXBBBBDBXXXXXXXBXXXXXBXDXXXXXBBXBXXXDXCXXXXXXXBXXXXXXXAXBXBXXXXXXXXBXBXXXXXXDXXXX', 1, 21, 11),
(26316, 58, '037791', 26019, 46.796, 27.522, 74.318, 3, 3, ' ABAXBABBXAADBXCXXBBXBBXXAXBXXBXCBXXBXBCXBBXXXXXXXXXXXXXAXXXXXXXXEXXXABXXBAEXXXXBXXBXXXXXXXXXXXXEXXXB', 1, 22, 15),
(26317, 59, '053856', 26020, 61.038, 12.217, 73.255, 3, 3, ' AXXEXCBBADBXBBBBBDBABBBXBEBCBCXXXCXXXXXXXEXXXXXXDCXXAXBXXXBDXEXDXXXCBEXXBBXXXBBDXDXXXXCXXAXXXDXXXXXA', 1, 24, 24),
(26318, 60, '047563', 26021, 52.904, 19.374, 72.278, 3, 2, ' XXBBBXXBBAXBBBXXBDCBXXBBBCBXXXXXXBXXXXAXBXXXBXXXXXXXXXXXXXXXXXXXXBXXXXXXXXXXXXXXXXXXXXXXXBXXXXXXXXXX', 1, 19, 5),
(26319, 61, '025222', 26022, 29.497, 41.791, 71.288, 3, 3, ' BXBAXCBXBXXXXBDXXXEXBXBBBXEBCXBXAXEXXXXXXXBBXBXXXBDXXXDBDXAXCBXXXXDCAXBXBXXXBXXXXAXDBXABXCAXXBXXXXBX', 1, 23, 22),
(26320, 62, '022404', 26023, 46.796, 23.448, 70.244, 3, 3, ' XXXBBXXXBDXCBBXBBBBAACBXDBEXXBXXXXXXXXAXXBXXXAXBXXXXXXXXXXXXBXXXXCXXAXXBXCXXXBXXBXXXXXXXXXXBXXXXXXXX', 1, 20, 11),
(26321, 63, '003569', 26024, 33.567, 35.68, 69.247, 3, 3, ' ADBXBBXXDAXBABEAEXXXXXXBXXBAXBXXXXXXXDBXAXBXXBXBXXXDXXXXXBXXCXXXXXXXBXBCBXXDXXXCXBXBEXXXAXBXXXXXXXXX', 1, 21, 16),
(26322, 64, '027316', 26025, 46.796, 22.432, 69.228, 3, 3, ' EBXXXDBXAAXBBXXBBBBAXCBABXXBDXXXBXXXXXXXBXXBXXXXXXBXXXXXXXEXXXXXXXXXXXXXBXBXXCXXXXXXXXXXXXXXXXXXXXXX', 1, 19, 8),
(26323, 65, '035255', 26026, 38.656, 30.565, 69.221, 3, 3, ' ABXXXXBCXADEEBXEXXXABBBXCBXXBXXADXEXXXBAXXBXEXXAXBXDXXXXBXBXBXDCXXBXDAXECABBXXDCDXDXXXXDBBXEXAXBXXBE', 1, 24, 28),
(26324, 66, '039638', 26027, 28.478, 38.743, 67.221, 3, 3, ' EBBBXCCAXABEXXXAABXAXAXBXXXBXXBXXXXXXXXXEXXXBXXXXXXXBBXXXXXXBXXXAXAXXXXXCEXXXXXXBXXBXXXXXXXXXBXBBBCX', 1, 20, 14),
(26325, 67, '043413', 26028, 34.586, 31.591, 66.177, 3, 3, ' XBXXAXBXXCBCBCXBBBXXBBXXCXXXBDBXXXXBBACXBXXBDXXXCXXXXXXAEXDXXCCXXBXXXXBDXXBDXEBAXXXBXXXXADBEEXXXXXBX', 1, 22, 23),
(26326, 68, '030388', 26029, 51.885, 14.239, 66.124, 3, 3, ' XXXBDBBBBAABBXXBXBEABABXXAXXBXBXEXAXXBECXXDAXEACCECBXXXXXBCAXXBXXXXEXAXEBXAXDBXXDAABXEXXBEDDEXBXDBDB', 1, 25, 35),
(26327, 69, '040479', 26030, 40.676, 25.43, 66.106, 3, 3, ' ABEDBBBEBDACECBECBBDBEABECBBEBBCCEADBBEBEEECEDBEBABBEEAADAEBBCBAAECCCADCEBDDBBDAEBCBDCEBBDDDDAEEAEBA', 1, 33, 67),
(26328, 70, '017421', 26031, 39.669, 25.48, 65.149, 3, 3, ' AXEXBBAXBXEXDAEXBABXBBEXCBXBBBXXXXXABXXXXXXXBXCXXXXXXBBXAXBXDXXXXXXXAXXBXCXXCXXBXXEXXEXXXXXXXXDDBXXD', 1, 21, 20),
(26329, 71, '051774', 26032, 26.446, 36.696, 63.142, 3, 3, ' AXBXXXXCXEBXXXXEBXBXXAXXDABBBXXBXXXEXBXECXXBXXXXXXAXDXXXXBEXXXXXXXXAXXXXXEBBBXDXDBXXXXXDXXXXCBBXXBBX', 1, 20, 18),
(26330, 72, '013721', 26033, 34.58, 28.538, 63.118, 3, 3, ' ABXBDEEXXXBBXXAABBEEABDXBXXBBEXXXXXXEBCXXXEXXXXAXXXXXAXXXBXBXAXXCXXBXBXXAXXABXXXBXXXBXXXDXXXXXXAXBAD', 1, 21, 22),
(26331, 73, '041686', 26034, 40.694, 21.391, 62.085, 3, 3, ' XXBXXXBXBABAXBCXCXXABXBBXXBAXXXXXXXXXDXXAXXXXBXCCXXXAXECCXXBXBXCBXCABXXXXXACXBXXXEBXDBXCXEXXXDXBEBXX', 1, 21, 23),
(26332, 74, '018946', 26035, 35.587, 26.456, 62.043, 3, 3, ' BAEBBCECADBEBBCCCBDADABBBBBCBCAEXEBDBAEBDDBABBBBXACAEABCBAAEADECADBBABDAACDAEDBACBXXEABAECXDDXABBCAC', 1, 31, 63),
(26333, 75, '006474', 26036, 40.694, 19.359, 60.053, 3, 3, ' XBBEABXXXXCXBXXXBBAAXBBXXXBXXBXXXXXXXXXXAXXXXXXDXCXBXXCBXEDXAXXCXBXXXXXEBXXXXXXEXXBXDCBXXXBBXXXEXXXX', 1, 19, 17),
(26334, 76, '046012', 26037, 39.669, 20.38, 60.049, 3, 3, ' ABXXXABXXAEBXBXBBBAACABBXDEDDXCBBBXXEXXAXXXXXDXDXXXDXXXXXXXABXXXXXAXXXXXXXXXBXEXXXBXXXXCXBXBEXXXXCXX', 1, 20, 21),
(26335, 77, '051051', 26038, 25.409, 34.619, 60.028, 3, 3, ' DBBBECEBDCDCCADBCEBDBCBBCDBCBAAECXAEXAECADBXCACBCBXBABBEABXXXECEBBABEBEBXXDABBEBCCDEABDACDBAAAEDCBBE', 1, 30, 61),
(26336, 78, '020784', 26039, 27.447, 31.566, 59.013, 3, 3, ' ACBBBCDBCAXEBEBAEDACDBBEXDBEDEDDCDXEBBCEXEBXDXDBXCDBAXAEBXABBCXDEDCDBCBCBBXDBDDXDCDXXBAXCXXBEEBBXEAB', 1, 28, 54),
(26337, 79, '011266', 26040, 45.771, 13.208, 58.979, 3, 3, ' BBBECBBXDBBBBEXBBBCDXBXBCDABXBEXABACXAXDXBDDDBEXBCXADEBABXDXBXEDACCXAXDDXCBDXEABBBCBECABDCEAEXXXDAXX', 1, 27, 50),
(26338, 80, '053294', 26041, 19.325, 38.743, 58.068, 3, 3, ' XBABXXXXDXDXXBXBBXEBXBXXXXXXXXBXBBBXXBXXXXXXEXBXXCAXBXAXXXXXXXXXXXXXXXXXBDXXXBXXBXCXXXXXXXXXXXXXXXXD', 1, 17, 11),
(26339, 81, '017382', 26042, 30.51, 27.527, 58.037, 3, 3, ' ADBABXBXXCBECBCXBXXBBBBXAXXXADXXXXXXXXXXXXXBBXXBXDXXXXXXXAXBXXXXXXXXXXXXAXAXXXXXEXXXXBBXXXXXBXBXXXXX', 1, 18, 15),
(26340, 82, '042355', 26043, 37.643, 20.38, 58.023, 3, 3, ' XBBBXXXXBXBXEXBAXEBXBXXXXBXBXXEXXBAXEBXXXDXAXXXBXXBXXXBXAEXXXEXXXXCBXXXXCXXDXXXBXXXXXXCXXXXBXXXXXXXX', 1, 18, 15),
(26341, 83, '028311', 26044, 40.688, 17.317, 58.005, 3, 3, ' DBDBBAXDXAXBXXXBXBBXBADBXCBBCXXAXBXBXDXAXXXXBDXEXXXXAXXXXXXXAXBXXXCXXXXXAXXXAXEBXBXXDXXXXXXCXBCXXBEX', 1, 20, 23),
(26342, 1, '013814', 26044, 67.152, 105.028, 172.18, 2, 1, ' ABBBBBBXAXXXBXXBXBBABBXBDBBXXXXBXXXBBBXBXBBXXXBBXEBXXXXXEXBXXBXBXBBBXXXCXXBXXBXXXBXXBBBXXEXBBXXBCXBD', 2, 44, 7),
(26343, 2, '009161', 25895, 49.847, 93.792, 143.639, 2, 1, ' CADBXXDBXXBBBBXBABXCBBBBXXBXBEXBXBBBBCDBXXXAXCXBBXBDXXBCBXXBXBBXBCXBBBBAECXBBBXBBBXXADCXBXEEEBABECXB', 2, 42, 27),
(26344, 3, '017841', 25896, 55.955, 73.407, 129.362, 2, 1, ' XXBBXEBBBCXBBDXBBBBABEXEXBXXXBXXXXBBDXXBBAXBAAXBBBBBXXBXEXXBDXXXBEXXBBXXXXXBBXXXXXDEBEDEXBXBBXXXXXXX', 2, 36, 17),
(26345, 4, '030871', 25897, 83.432, 43.838, 127.27, 2, 1, ' AXBBBBBBBABABXXBBBBBBBXXBBBXBXCCBEXXXDXCXXXXXXXXXXXXXXXXXDXXXBXBXBXXBEBXXXXXXXBXXEBXXBBXBXXBBXXXXXDX', 2, 34, 11),
(26346, 5, '027263', 25898, 65.114, 53.017, 118.131, 2, 1, ' CBBXBBBBBAXXEXBXBABXBXBBBBAXBXXXXBXBXEBXXXXXXXXXXXXXXDXEEXXXBXXBBBXBBBBAXBXXXXXBDCBXXXXXXEXXXXBXXXXX', 2, 32, 12),
(26347, 6, '024097', 26043, 63.076, 53.012, 116.088, 2, 1, ' BBXABXBBBABDBXBXBEBAEXBABBBXBXBEXAXXBXCXBEXXXXXXXXBXXBXBXBBXBXXBXXXXXXXXAAAXBXBXAEXEXBXXEXXBBCXXBXXX', 2, 33, 18),
(26348, 7, '047438', 25900, 45.783, 69.333, 115.116, 2, 1, ' AXXBBXBXBDBXBXXXXBXABXBBXEXXAXXXAXXXBXXBXBBXXXBBBDCAEBXXXEXBEBXBXXBXXXXXXBXXXXXBXXXXXXXBBEXXXBXBBXXX', 2, 31, 11),
(26349, 8, '023827', 25901, 45.783, 69.333, 115.116, 2, 1, ' AXXBBXBXBDBXBXXXXBXABXBBXEXXAXXXAXXXBXXBXBBXXXBBBDCAEBXXXEXBEBXBXXBXXXXXXBXXXXXBXXXXXXXBBEXXXBXBBXXX', 2, 31, 11),
(26350, 9, '052793', 25902, 47.809, 66.28, 114.089, 2, 1, ' XBBBXXAXBECBEBBBBXBDAEBBXCXBDBCXBXXXXBBXXXBBXXXBXXXXBXBXXXBXBXXBXXXXXBBBXBXCXXBXXXXXXXXXXXXXXXBCXXXX', 2, 31, 12),
(26351, 10, '030509', 25903, 45.777, 68.307, 114.084, 2, 1, ' XBCXBDXXBDXBAXBEXBBBXBXBBBDBXBBDXXXXBXXXXXXXXXXXXBXBEXBBXBXDBXXXBBCDXXCXXXXBDBXAXXBBBABAXBXAXDXXBBAD', 2, 33, 20),
(26352, 11, '048263', 25904, 59, 53.012, 112.012, 2, 1, ' ABBXXBBABDCBBEBCBXBAEBABBBACEBBAXBXXXEDBXXXXXBXXXXXCXXXXBBXBABXABBXXXXCCBXXXXXBXXBXXCBBBXXXDXXXXXDXA', 2, 33, 22),
(26353, 12, '047925', 25905, 66.127, 41.806, 107.933, 2, 1, ' AAXBCDXABDBBXBBBXBBABBBBBCXBABBXBXXBXXBXXXXXXXXXXXXXBXXXBCXXXXBXXXXXXXXXXXXDXXXXXAXXBXXXXXXBXBXXXBXX', 2, 29, 10),
(26354, 13, '029839', 25906, 56.974, 47.927, 104.901, 2, 1, ' XXBXXBBBBABXBBABXBXAXXBDAXXBCBXXXXBXXBXXXXXXBXBXBXXXXBBXXXXXXXXXBXXBXXXXXXXCBXXXBXXXXBXXXXXXXXXXXXXX', 2, 27, 5),
(26355, 14, '018245', 25907, 35.587, 66.23, 101.817, 2, 1, ' ABBBEBACBBADCCBDECADBEBBCCBBBEEEBDCBBBDBABBBABEECEDDBBDBBAAAAAABAEBDAABDBADBBABAABAEBBEEBDCBBAEEEBAC', 2, 40, 60),
(26356, 15, '019283', 25908, 54.936, 46.881, 101.817, 2, 1, ' ABXXXXDEBXBBXBBABXBXBBXECABBBBXDBXCXBDXBXXXBAXDXXEBXXXECXABXBBEEBXXXBBXXXXAXBABCEECDBXBXXXBXEXCXACXD', 2, 32, 28),
(26357, 16, '038761', 25909, 49.847, 50.965, 100.812, 2, 1, ' BBBBBXBAXAXBXBXEBXDXXEBBEBBEBXBXBBXBXACBXXXEDBABXBXBBXXDXXBAXXXDXXXXXXDXBXXXBXBABXCEEBXXXECXBACCXXXX', 2, 31, 25),
(26358, 17, '039006', 25910, 53.923, 45.885, 99.808, 2, 1, ' XXBXBBXBBABBDBXDBBDAXBBXXXXXXXXBXXXXXXXXXXBXBXCXCXXXXXXXXXXXXXXXBXXXBBBXXXXXXXDXXBXXXXXXBBXXXXXXBXBX', 2, 26, 6),
(26359, 18, '004849', 25911, 48.828, 50.975, 99.803, 2, 1, ' DXBEXBCEBAAXABBBXABCBBXBBXXBXBEXBXXBXXXBXXXXXXXXXXXABXXXXBXXXBBXXXXEBBBXXXXXEXCXXCEDCXBBBXXAXXXBBXXX', 2, 29, 18),
(26360, 19, '001432', 25912, 64.095, 31.611, 95.706, 2, 1, ' ADBBXBBBBAEBDXXXXBBADBXABBXBXBXXXXXXXXAXXXXXXXXXXBBXXXXXXXXXXXXXXXXBXXXBXXXXXXXBBXXXXXXXXXXXXXXBBXXX', 2, 25, 6),
(26361, 20, '032447', 25913, 30.516, 64.233, 94.749, 2, 1, ' XBEXADBXBXBXBBABXBXEXAXXXXXXXBBXBXBXBEXXEBAXXXXXXXBXXXXABXXBXXXBADXAXBXXXXBXBBXBXXBXBAXXDXXBXXBXXXXX', 2, 27, 15),
(26362, 21, '015074', 25914, 60.025, 34.654, 94.679, 2, 1, ' ABBXXBBDCEBXBEBBXXBABABXXBXBXBXXXXAAXBEBCBXXXAAXXBAXBXXXXXEXXDXXXBXXXBBBXXXXXXXCXXAXXBXXXBDXBCXXDXXX', 2, 28, 19),
(26363, 22, '022813', 25915, 46.796, 35.68, 82.476, 2, 1, ' XXBBXDXXDDXBXXCBDABABBBBXXBBBXXXXCXXBXXAXXXXAXXXXXXXXXXAXXXXXBXXXBBXXXXDXDXBBBCXXXXXBBDXXXXXXXCBXXBX', 2, 24, 15),
(26364, 23, '027426', 25916, 40.688, 39.759, 80.447, 2, 1, ' AXBXAXXDBAXBCXBXXEAAXBXBABDCBBXXBXXXXXBXEXXXXXBXEXBXXXXXXXXXBXEBXXXXXXXXXAXXDXXCCEBBXEXBXXXXXXXXBXBD', 2, 24, 17),
(26365, 24, '002779', 25917, 29.491, 49.939, 79.43, 2, 1, ' BBXXXBCBEABEAEBXABXXXDBXECBXBDXABXAXBBBCABXBDXXXXCXCXAXXEXAXXXADAXBXXDCCBBXXAXCEXXXCCXBXBBCBBBBEXBXD', 2, 28, 34),
(26366, 25, '030774', 25918, 46.802, 31.606, 78.408, 2, 1, ' AXBCBXXBBABXEXXXXXXAXXXBXBBBXXCXXXXBBXXXXBXXXBXXXXXXXXXDXBEXXXXBXXXXXXXXXXXXXXXXXXXXBXXBCXXXXBXXXXCX', 2, 21, 7),
(26367, 26, '050514', 25919, 42.72, 35.675, 78.395, 2, 1, ' XDABBBBBCXCABBBXBCEBBBXXXXAEBBEXXBXXXDXXXXXXXXXXBBXXBXXXBXDXEBXXXDAXBAXXBXXXEXXCXXBXXXADXXAXXBXBXXAD', 2, 25, 23),
(26368, 27, '036889', 25920, 49.847, 26.511, 76.358, 2, 1, ' ABBDBXDAXABXBBXXXXDXBBCBXBBCBEXBXXXXBXXXXXXXXXXXXXXXXXXXXXXXXXXXXXXBXBCBXBXXXXXXXDXXXXXXBXXXXXXXXXXX', 2, 21, 9),
(26369, 28, '041484', 25921, 44.752, 31.601, 76.353, 2, 1, ' XBBBBXXBDXABBBAABAECEBBBABAEBDXXXXXCXXXXXXXBXXXXXBBXXXXXXBXAAXEXBXXXXXXXBCDXXXXXXAXXXXXXXXCXDBXBXBBX', 2, 24, 21),
(26370, 29, '039014', 25922, 47.815, 27.527, 75.342, 2, 1, ' XBXBXXXBBAXBBBBXAAXXBAXEBXEBBXBXXXXXXDDXXXXXXXXXXXXXXXXBDXXXXXXXXBAXXXXXXBCXXXXXXXXXBXXXXXXXBXXXBBXX', 2, 21, 10),
(26371, 30, '027922', 25923, 36.618, 37.712, 74.33, 2, 1, ' XBBDBXXBBCXXAXBAAXBABXEAABXXXBXDBAXXXXXXBXXXXXBXXXDXXXXXXDCBBXXXBXXBBXBXDXXEADXXEXDXXXXABDXDBABXXXXD', 2, 24, 23),
(26372, 31, '030183', 25924, 33.567, 39.759, 73.326, 2, 1, ' XXXXBCXBBXBCBCXEBBXEEXBXBXXBEXXXXXXXXDXBXXXAXXXXXCCXXBBXBXBBXXBBXXXXEXAEXXXXXXXBXXBXBXXBXXXXEXCXXXXX', 2, 22, 16),
(26373, 32, '001925', 25925, 37.637, 31.596, 69.233, 2, 2, ' ACBBXBXXXXEBXXXBBBDXBBABXCXCDXXXXEXXXXBXXBXXXEDEXABBBXXXXXXXXXCXXXXEXBAXXBXDXXXXXBXXAXXXXBXDXDBXAXBX', 2, 22, 20),
(26374, 33, '038145', 25926, 37.637, 31.596, 69.233, 2, 3, ' ACBBXBXXXXEBXXXBBBDXBBABXCXCDXXXXEXXXXBXXBXXXEDEXABBBXXXXXXXXXCXXXXEXBAXXBXDXXXXXBXXAXXXXBXDXDBXAXBX', 2, 22, 20),
(26375, 34, '002232', 25927, 34.586, 32.627, 67.213, 2, 3, ' AABDBXBBXXEXXXXXBBXBDXBXBXBXXCXXXXXXXXXDXXXXXXBXXXXBXXBBXAXBXXXXXXXXCXXXXXXXXXXBXXXXBAXXXXXXBBXXXXXX', 2, 19, 10),
(26376, 35, '049315', 25928, 30.522, 35.685, 66.207, 2, 3, ' XXXXBBXBXXXDXXBXAXBABXXBXXXXXXAXXXXXBXXXEXXXBBXXXXXXXXCXXBXXXXXXXXXXXXBBXXBBXXXXEXXBXXXXBXXXXXXXXEXX', 2, 18, 7),
(26377, 36, '039941', 25929, 33.573, 31.606, 65.179, 2, 2, ' EBXXBXBXXXBBCXXBXAXAXXBXXXXBXXXXBXXXXXBXBXXXXXXBXXXCXXXXXEXXXEXXXXXXXBXXXXXBXXXXXXXDXXXXDBXBXXXXXBXX', 2, 18, 8),
(26378, 37, '027094', 25930, 29.497, 35.68, 65.177, 2, 3, ' AXAXXDXBXXXEXCXXXEBABBXABEBXBXDBXXXXBBXXAXXXXXXXBXXXXBXXDXBXXXXBXXXBXXXXCXCCCXAXBXXXEBBXXXXXXXXXXXXX', 2, 20, 16),
(26379, 38, '029244', 25931, 24.396, 40.745, 65.141, 2, 3, ' DCBXDBBDCECBXDAADCBAEBEBDBDBXXAXECBEXXDBABADBDXCDBACDXBCCBCADXBEXDXEBXECAXDXDBCCCBDXDXAXXBACBBBBBBBA', 2, 29, 52),
(26380, 39, '028248', 25932, 40.688, 24.449, 65.137, 2, 3, ' EDBXBBXXDXXBDXCEBBCXXBXAXBBBBBCXDAXXXXXBXDXXCAXXXXXXEDXDXXEXBBXEXEDEDXXEBBEXBBXXBBBXXXBXXXCXXXXXDXDX', 2, 23, 28),
(26381, 40, '010508', 25933, 31.529, 32.607, 64.136, 2, 2, ' DXXBCBBXXAXDCABBAXBCXXXXCXBEBBEXXBXBDBXXXXAXXXXXXXCBXDXXBBBCCAEXEDBXXABAEBEXXXXXBXXXACXXBXXXCXEXXXBE', 2, 23, 29),
(26382, 41, '028553', 25934, 21.345, 37.672, 59.017, 2, 3, ' BAXDACXCAADBEBXBXAXABBCEBBAAXACBBCDBDAABCABECDBCBDDEDCCEEBDBBDDDAEDDEXABCBXAEDDACAABABBBBCCDCBEBBCED', 2, 30, 62),
(26383, 42, '018262', 25935, 44.758, 14.224, 58.982, 2, 2, ' BXXDBAXBBCBXBBDBBABDXBXBCXXBBXEXEBAADDDDXECBXABAEDBBABADDCCCXAXEXXABBXBEABDECDAXXCXDAXCDXBCCCBDEBXDD', 2, 27, 50),
(26384, 43, '040853', 25936, 41.713, 13.228, 54.941, 2, 2, ' ABBAXBXBBXXXCXXXXBXAXXBXEBXXXBXXXXBAXXAXBXCCXDAXXCXBXBAXXDBXXAXAXBBEXCXXEDXXXCBXCEXEXXXXXXDBXDXDXXCX', 2, 20, 26),
(26385, 44, '026726', 25937, 23.395, 30.58, 53.975, 2, 3, ' AXXXXXXEXAXEXBXDXXAXBBXAXXXBBXDXXXXXXDXXBXXXDXXCXBXXXXXBXBXXXXXXBXXBABDXXXXXCXXXEXXBXXXXXXBXDXBEXXXX', 2, 17, 15),
(26386, 45, '041499', 25938, 29.497, 24.444, 53.941, 2, 3, ' ABXDXXXBXBXBBXXCBXDCCXXBXXXABBCXBXXBDDXXCXXXDXXEXXXAXCDXXXXDBCBXXCXEDCXBBABXCXXAXBXXXXCXBCXDBXBBCXAA', 2, 21, 31),
(26387, 46, '029394', 25939, 32.542, 21.396, 53.938, 2, 3, ' ECXDXEBBDAXXAXXEBBDABCCBBBCXBCXXXBCXBXXEXEEXXXEXXXXXXEAXXCXXXBXXXXEBXCXXXXXXEXXCXDBXXDXXAXXBXBBXXBXX', 2, 20, 27),
(26388, 47, '047357', 25940, 34.58, 19.349, 53.929, 2, 3, ' ABXXXXBXAXEBBEDCAXXDBACCBBBXBBXXBCDAXXXBBXEXXXEDXXXXADAXACXXBXBXXXAXXXXXXXCDBXXXXDBXXAXXXBEBCXEXEXBC', 2, 21, 31),
(26389, 48, '050329', 25941, 26.446, 23.433, 49.879, 2, 3, ' XXEXXBBXBBXEXBXXXBXXBXBXXDAXDBXXBBCBDXXCXEBEXXXXXCXXBEXXAXAXXXDXXXBXXAXBXXEBXXXXXEXBXXDXECCXXBXXXXXX', 2, 18, 23),
(26390, 49, '028851', 25942, 33.567, 16.306, 49.873, 2, 3, ' AXXXXDBXXAXXXADDBBXEBBBXBAEBXXXXXBXXXAXXXXXAXXXXXXXXXBXBBXABXXXXXXXXCXXCXXXXDXXDXXXXXXXXXXXXBXXXXEXX', 2, 16, 15),
(26391, 50, '045288', 25943, 30.516, 18.348, 48.864, 2, 3, ' XBXBBXAXXBXXXXXBXBXXXCBBEEXBBAXXXXXXXXXXXXXXXXXXXAXXXXXXXXXXXEXXBXXCEBXXEEXXXXXXXXXXBXBXXXXXXXBXXBXX', 2, 15, 12),
(26392, 51, '031385', 25944, 29.497, 18.348, 47.845, 2, 3, ' XXXBBXCXCCDXBXBXDBXXXBXXBDCBBXXXXXBXXXXXXXXXXXXXBDCXXXXXXXXXBXXXXBAXXXXXXEXXXDXXXXAXXXXXXXXXBXBXXXXX', 2, 15, 13),
(26393, 52, '010992', 25945, 18.3, 28.543, 46.843, 2, 3, ' EXXXXBAXXABXABDDBAXEDBXXBXXEEXXXXXDXXXXBXDXXXXXXEXXBXXXXXXXXXXXABXXXXXXXXBCXXAXXBXXBXXBBXXXCXDXXBXXX', 2, 16, 18),
(26394, 53, '034541', 25946, 26.446, 20.38, 46.826, 2, 3, ' XXXBXXBXXXBBAXDEXBXXXBXXXDBCBAXXXBXXDXXXEXXCXXXXXDDBXXXEXBXXBXXXXXXCXBXXAXXXAXEXXXXBXXXXXXBXXXXDBCXX', 2, 16, 18),
(26395, 54, '012922', 25947, 26.446, 19.364, 45.81, 2, 3, ' ACCXXXXXAXBXBBXBXAXXXXXXCBBXDBAXBXXXXXXBXXXXXXBEXXXXXEXXXXXXXXAXXBXDXXXXXXBEXXBXXXCXXXDBXXXEXXXXXXXX', 2, 15, 15),
(26396, 55, '032284', 25948, 34.58, 10.175, 44.755, 2, 2, ' CBDABXBBXEBDECBBXBBXEBXXABXXAXCDXXDXXXXXXXXDACXXXBXXXXCXBACEBXCXEXACXXXXXXBXBABXXAXCXDXXXXXXXXBXXXXX', 2, 18, 28),
(26397, 56, '020364', 25949, 21.363, 22.422, 43.785, 2, 3, ' XXEXXXXBXEBXDXBBBXXXXXXXXXXBXXXXBXXCBBXXXXXEBXBXXXXXXEXXAXEXXAXXXXXXXBXBXXDXXXXXBXXXXXXXXXXAAXXXXXXA', 2, 14, 13),
(26398, 57, '012197', 25950, 26.44, 17.317, 43.757, 2, 3, ' AXBCXEABAXACXADBXXXABDXXBBBXEXXXXXXXEDXAXXAXXDEXBBXEXXXABBXDXXXXXXXXCBXXXXXAXXXBAEXXEXAXXXXXXXXXBXXD', 2, 17, 25),
(26399, 58, '040961', 25951, 26.452, 15.285, 41.737, 2, 3, ' AXXXXBDXDXXXXXXXBXXABXBBXXXXXXXXXAXEBXXXXDDXXXXXXXXXDXXXXXAXXXXEXBXXXXXXXXXXXXBXXXXDBXXXXXXBXBEXXXXX', 2, 13, 11),
(26400, 59, '043066', 25952, 25.427, 16.296, 41.723, 2, 3, ' AXXBBXXDXXDXBEXXXXBXBABBXXXDECXEBXXXXBXAXXXDXXEXXXBBDXXXAXXDDXDXXDXXXXXCXXXEXXCEXXBXXXXXXEXBXXBBEXXX', 2, 16, 23),
(26401, 60, '029599', 25953, 33.567, 8.148, 41.715, 2, 2, ' XXEBBBXXEXBECXDXBBXXXCBBBDXXXBBXXXXXXXXXXXXXXXCXXXXXXDXXBXXXXXXXXXXXXXAAEXXBXXXXXXXXXXXXBAAXXXXXXXXC', 2, 14, 15),
(26402, 61, '014175', 25954, 13.211, 24.464, 37.675, 2, 3, ' ECBXDADXBABBXXXBXXADEDDXXXDXXXBXXXXDCXDXXXXXXXXXXXXXXBBBXXXAXXAXXBXXXXXAXXXXCXXBBXXXXXXXXXXBXXXEXXXX', 2, 14, 19),
(26403, 62, '007556', 25955, 33.567, -0.01, 33.557, 2, 3, ' XXBXXXEBXXDEBXBBBEXDBBBXXXBXDEXXEXXXXXDXXXXXXXEXXDXXXBXXXXXXXXDXXXXXXXXXXBXXXXXXXAXXXXXXDXCXXXXXXXXX', 2, 12, 15),
(26404, 63, '042883', 25956, 11.185, 21.401, 32.586, 2, 3, ' XXEXXXXXBXXXDXXDCXBXXXXXBBXEXXXXXXXXXADXXXXXXABBXXCBXXBXBXAXXXXEXXXXEXXXXXXXBBXAXXXXXXXXXBCXCXXXCXXX', 2, 12, 16),
(26405, 64, '037578', 25957, 30.516, 2.012, 32.528, 2, 3, ' ABBXACBCXXBXXBBXBXAXXECXXXXBXXXXBAXXXAXCXAXBXCXXAXXXEEECBEBBDXCXXXXXXXDXXCXXXDXEXBEXDXXXXXXEXXXEXCXX', 2, 15, 28),
(26406, 65, '009389', 25958, 28.478, -0.02, 28.458, 2, 3, ' XBXXBXXAXXBXAXXBXXBDEBXCBDBEEBCXXBBXXXXXXXEXXXXEXXXXXBXXXXXXDXXXXXXDCXDACDXXCXXXAXXXXXXCXXXEXXXXDXBC', 2, 13, 24),
(26407, 66, '015812', 25959, 11.173, 14.264, 25.437, 2, 3, ' ECCBCBEEXXBDDBXXXXDAEXDEXXDBXXBBCXCXXXXXXXXBAXXXXXXCXXCXXXDXDXXXXXXXXXXXXXXXXCXXDXXXBXCBXXBXXXXXXXXX', 2, 12, 23),
(26408, 67, '028527', 25960, 10.142, 10.13, 20.272, 2, 3, ' AEBABADBADBCAAECECDADAABACEBACCBCDCEBEADCDEEEDBBCCBADABEBDEBABCEBCDADABEEDEDDEBCBBECDAADDDBCCACBECCB', 2, 24, 76),
(26409, 68, '042069', 25961, 6.084, 11.186, 17.27, 2, 3, ' XAXDBXXXCCBDXXEXXBBBDDEDCBCCXXXBAXXEXXCXXXDXXXXXXABXEAEXBBDXAXXEEBDXXEXAEXXXXBXDXXBBXAXCCAXCDXXDEBXX', 2, 14, 39),
(26410, 1, '053096', 25962, 81.394, 124.397, 205.791, 3, 1, ' ADBBBBABXABBBXXBBBBEXBBDXBBBBBXBBBBXBCBXXBBBBXECBXBCCAXBXBXXXXBEBBBBBBXBXXXBXXXBDBBXBEBBXXXXBBBXBXCX', 2, 54, 14),
(26411, 2, '045847', 25963, 88.515, 115.208, 203.723, 3, 1, ' EBBBBBBCBACCBBBBBBBABXBBBBBDXBCXADBBBEDXBBCBBCCBXBXBXXEAXXBXDBBXBCBXXBBDBBBXXEBBBBBABDDDBBXXEXBBBBXD', 2, 56, 24),
(26412, 3, '049686', 25964, 54.936, 117.255, 172.191, 3, 1, ' ABXXBBXBBABBXXBBBXXXBDADAEXBCBXDBXBBBBBXXXXBBBEXXBXBBBEBBXBXCEBBXBXBXBXXBEXXABBXEABBBBXBXABXDXAXAXBD', 2, 47, 19),
(26413, 4, '016445', 25965, 85.464, 76.46, 161.924, 3, 1, ' XBBBBBAXBABBCBBBXBBABXBCBDBBBBBXEDCAXBBXXXXDXBXXXXEBCXXABBXXDBXCEXXDBBXBBXBBBXBBXXBEEXXDEBBXCXXBBXXD', 2, 45, 21),
(26414, 5, '021679', 25966, 75.286, 79.533, 154.819, 3, 1, ' ACBBBXBBBXXBBBBBACEEBBBCXBBBBBXXXXEBXBXBEXXXBBXXXXXXXXAXXBXXXBXEBEBXBXBXBBXBBXXXBXXXXXBXXXBDBBXBXXXX', 2, 41, 12),
(26415, 6, '040466', 25967, 81.394, 63.212, 144.606, 3, 1, ' ABBXBBBBAXBBXBBBCBXABBBBBXABCBXXEDBXXXXEXXCXXBXXBXDBXXXBBBXBXXBXXBXBXBXXXXXXXDXXBBXCXXXXCXBXXDBEBXXD', 2, 39, 14),
(26416, 7, '029698', 25968, 54.936, 85.639, 140.575, 3, 1, ' XBBCEBBXDAXXDBXXBBBABBBXBXCCXBBXXXBXXXBXXEBBEEXXBXXABBXXCBXEXBXBBBBXEXBXEDEXCBBXDXBXXBBXBDBADABXXBBX', 2, 40, 22),
(26417, 8, '023223', 25969, 76.305, 64.228, 140.533, 3, 1, ' AXBBBBBBBACXCDXBCBBXXBBBBCBBBBEXBXXXDXXXBABBBBEXBXDBXXXBXXDXBBXBBXAXBXCCBXXXBDBXXDDXXEXXXXXXXBXXXXXD', 2, 39, 18),
(26418, 9, '049459', 25970, 62.063, 76.48, 138.543, 3, 1, ' ABBBXAXDBAEBXBXBXXBXBBBBXXXXBBXXXXDXXXXXBXXBXXXXXBBXXXXXBXXBXXBXXBXXXXXBXBBXBBBXXBXXXBXXXXXXBXXXBXXD', 2, 35, 4),
(26419, 10, '042091', 25971, 65.114, 70.354, 135.468, 3, 1, ' ABEXBBBXBXBBXXEXXBBABBBBDXBDXBABBXAXXBXBXXABBBXXXDXXXXXXBEBXBDXXXXXXXXXXBBXBXXXBXXXXXBXBBXXXXXBXXDXD', 2, 36, 11),
(26420, 11, '011831', 25972, 63.076, 66.28, 129.356, 3, 1, ' BBBBBBEXXXEBBBDXBBXXXDBBBBDBBBXCXXBBXBXXBXXXXXBXBBXXXXXXXXXXXXXXXXBXXXXBXXXBBBXXBXBXXXABXEBBXXXXXXXX', 2, 34, 9),
(26421, 12, '013836', 25973, 50.866, 77.491, 128.357, 3, 1, ' EBXBXBXBXAXXBBBXAXBACXBBBDCXBAXBBXXXXXXXXXXXBAXXAXBBBXXBXEXBXCXBXXBXXDBCXBBXXBXAXXXXBXBBBXXABXXXXBBX', 2, 35, 14),
(26422, 13, '031503', 25974, 60.031, 65.259, 125.29, 3, 1, ' AXDXBBBBBXXBXXXBBXXABXXBXXBBXBXXXXBXEXBXBXXBBXXXXXXXXXBXBXBXXBXXXXXXXXXBBBXXXBXXXXBBXXXXXXXBCXXXXCBE', 2, 32, 5),
(26423, 14, '049437', 25975, 48.834, 74.428, 123.262, 3, 1, ' ABXXXBBBBXBXBXDXBXXAEAXBXDBBXXXXBXXBXBBXXXBBXBXCXBXDBXBXBDXBXXECBBXXCXXDBBBXXXXXXCXXXXDXDXXABXXBXXBD', 2, 34, 15),
(26424, 15, '033438', 25976, 40.688, 81.56, 122.248, 3, 1, ' AXBXBBXEBEBBXBXXAACBXXBEBXEXBBABXXXXCDXXBXXBCCBEBBDXXXBBXXXBXXXXEBAXBCBDBCBBBXCAXBBXXBXBDXXXBCXBBXXD', 2, 36, 24),
(26425, 16, '020066', 25977, 65.114, 55.049, 120.163, 3, 1, ' AXCCEBXXBABXBBBAXXXABBXBBBBXBBBXAXXCXXXXXBXXCXBBXCEXXADXXEBBBXXXBBXBBXXXXBXCXXXCXXBCXXAEXBXXXBXBXDBX', 2, 34, 18),
(26426, 17, '011781', 25978, 63.076, 54.023, 117.099, 3, 1, ' AEBBEXXBBAXBBDAEBXBABBEBBXBXBXBXBXCBXXBXXDXAXAXDXBAXXBBXBXCBAXDBXXXCXXDAXAXBXXCEXXXBDXBXBBXXDBXBXCBC', 2, 35, 25),
(26427, 18, '005501', 25979, 60.025, 56.075, 116.1, 3, 1, ' AXBDDXBXBABXXXBBBBXABBBEBAXXEBBXBEXBXXBBXBBDXBXBCXXXEBXEXXXXXXXCXBXXXEXXXXXXXXXCDXXXXXXXBBBXXXXBBXXX', 2, 32, 14),
(26428, 19, '045131', 25980, 79.362, 34.669, 114.031, 3, 1, ' ABBXBBBXBXBBCXBABXXABBBXBBXBBBXXXXXXXXXXXXXXBXXBXXXXXXXXXBAXBXXXXXXXXXXXXBXXBXXXXXXXXBXXXBXBDXXXXXXX', 2, 29, 4),
(26429, 20, '025252', 25981, 38.65, 74.423, 113.073, 3, 1, ' XDXBXBDDEAABBEEBBEBXBXXBCXBBDXDXXAXBEXAAXXEXXBXXBBXXACBXBBXBBABBBXXXDXXBXXBXAXXBCBXBXXCBAXXBXXDBBBXX', 2, 34, 25),
(26430, 21, '049113', 25982, 47.815, 63.207, 111.022, 3, 1, ' AXXBBBXDAAXBBBBBXDXABXDXXXCXXBXBXBXDBCBXXBXXBAXEXBBAXCBXBEXXXXXXXBXEXXBXXXBBAXXDBXXBXXBXXAXXXAXDXBBE', 2, 32, 19),
(26431, 22, '015723', 25983, 61.044, 47.917, 108.961, 3, 1, ' ABBXCBCBBABXXBXXBXXAXXBBBXACBBBAXXXXBXCXDXBBXBBXXXXXXDXXXXXXXBXXXBXXXXXBXXXXXXXBXXEXXXXXDXBXXBCEBABX', 2, 30, 13),
(26432, 23, '010013', 25984, 72.241, 36.706, 108.947, 3, 3, ' AXXXBBXBXAXXXBABXBBAXBBBBBBBXBXXXXXXBXBXXXXXXXXXXXXXXXXXXXXXXXXXXXXXXDXXBABXXXXAXXXBXXXBBXXXBBXBAXXX', 2, 28, 5),
(26433, 24, '029817', 25985, 70.203, 37.727, 107.93, 3, 3, ' ABBXEXXXBABBBBXBXCBAXBXBXABBBBXXXXBXXBXBXXXXXXBXBBXXAXXXXBXXXXXBBXXXXCXXXXXXXXXXXXXXXXXXXXXBXXXEXXXX', 2, 28, 6),
(26434, 25, '019571', 25986, 75.292, 29.559, 104.851, 3, 3, ' XBXXBBXBXAXBBBBBBEBABBBXXCBBXBXBXBEBXBXBXXXXXXXXXXXXXXXXXXXXAXBXEXXXXEXXXXXXXXXXBEXEEXXDBXXXDBXCXCXD', 2, 29, 13),
(26435, 26, '046258', 25987, 63.076, 39.759, 102.835, 3, 3, ' EBBXBBBEBABAXEBBXBBXBXBEXBXBBDXBXXDXXXXXXXXBXAXXBBXBXDEBXBXXXXEXXBXEXXBXXXCXXBXXXXXXEXXXXDXXXBXBXXXX', 2, 29, 15),
(26436, 27, '050234', 25988, 45.771, 56.075, 101.846, 3, 3, ' BABBAXBXBXBBBBDDBCXADBDEBDCBBXDXXBXXEXBXBXXXABBBXXEXXXXXXXCXXXXXCBXXXXXXXXXXBXXXXEXBBBXXBXXBBXBXXEBC', 2, 30, 20),
(26437, 28, '026087', 25989, 53.911, 46.871, 100.782, 3, 3, ' EBBEBXACBCABEBEBBBDABBXXABBBEBDXXBBDDXDXXXBXCXBXBCECBXEBCDCXXXXBABCBEBBABACEBEXAXXEBXBXBXXCDAAECBBAA', 2, 35, 41),
(26438, 29, '038841', 25990, 78.343, 22.432, 100.775, 3, 3, ' XBBXXBBBBAEBABBBBBEXBXBBBBXBBXCXXXXXXXXXXXXXXXXXXXXXXXXBBXXXXXXCBXXXXXXXXXBXXXXXXXXXXXXXXXXXBXXXBXXX', 2, 26, 5),
(26439, 30, '043922', 25991, 68.165, 31.601, 99.766, 3, 3, ' ABAXABBABXCBBBBBXXEXXBBBBBBXBBXCXXXXXBXXXXXEXBAAXBBXXXEXXXXXXBXXXXXDXXBXAXXXXXXXEXXBXXXXBXXBXXXEXXBX', 2, 28, 14),
(26440, 31, '021754', 25992, 47.815, 50.98, 98.795, 3, 3, ' DBBBXXXXXAXXBBEBDCBXXBXBBBXBXCXXBBXCXXXXXXBXXXXXXXXEXXBXBBEXXAXXBBXXBXXXXXXXCXXXXXXXXBXXBXXXDXBBBXXX', 2, 27, 11),
(26441, 32, '040713', 25993, 38.65, 60.124, 98.774, 3, 3, ' EBXCBBBBXDBEXXCCEDBAXBXXCBDBXBCBXDXBEECEXADXBBAACBADCBADXDXEBBDBCBXXBBXBDXBBBEXEEEABBCABBAEXXXBBDABA', 2, 35, 43),
(26442, 33, '025614', 25994, 34.574, 63.197, 97.771, 3, 3, ' BABABAABEABCBBBXECXDEEXBBEBBXAXXXXBDCABCXXCBBBAXDXAEEXXBXAXXXCBEBXXABBBBDBEBBCXXXDCXXBBEXXBBAXBXXABX', 2, 33, 36),
(26443, 34, '001849', 25995, 45.783, 50.965, 96.748, 3, 3, ' ABXDXXDXBXXXXXBBXBXAXXCBBBBXXBCXXBXXXBAXBBDXEXXCCBDXXBDXXCAXXXBXXEXBXXXBXXXBDXDEBXXXEBXDXBBBXCBXAXBX', 2, 29, 21),
(26444, 35, '047643', 25996, 42.726, 53.012, 95.738, 3, 3, ' XBBXBEBBXXEBXBBXBXXADEBXXXABEXXXXXBXXXXEXXXBXAXEBBBXXCXXXXXECXBXBXBXXBXCXBXXXXXXBBXXXBBBDXABXXCXXXDE', 2, 28, 18),
(26445, 36, '043811', 25997, 53.923, 40.78, 94.703, 3, 3, ' XBBXXXXXCXBBBXEBXBBAXCXBBBXBXBXBXXXXXXXBXXXXXBXXBBBXXXXXXXXXXBXXXXXXBBDDXEXBXXXXXXXDXBXXXEXXXXCXCXAD', 2, 26, 11),
(26446, 37, '043708', 25998, 60.025, 34.659, 94.684, 3, 3, ' AXBXBEXXBABXCBBXBCBABXBBEBXXBDXXCXXXBDBXXXXXXXXXXAXXXXXXXXEXXXBBXBXXBXXEBEXXXXBXBBXDXCXEXBXXXXXXXXDX', 2, 27, 15),
(26447, 38, '015505', 25999, 63.076, 31.596, 94.672, 3, 3, ' XBCCCBXXBABXBBBXABBXBXBBCBABBBAXXDXXXXXXXXXXXBBDXCXXBDXAAXXXXEXXXXXBBXXAXXXXXBXACXXXXXBXXXXBDXXBBXBA', 2, 28, 19),
(26448, 39, '014447', 26000, 40.682, 51.966, 92.648, 3, 3, ' AEEEXXBBABEBXBBBCBBBAXAXBBCCBBXBBEXXBAXABXCEBXCCACBACDCACABXDABCXXDDCCACXBEBBXBBEXXXDEBCBEEBXBBXBBCD', 2, 34, 45),
(26449, 40, '046992', 26001, 50.866, 39.759, 90.625, 3, 3, ' AXBBCXBXBADXBXXBXBXABAXBXBDBDEXXXBXBXXXXXBXXXXBXBXXXDXXXEXAXBXXXXXXXBBCAXXXXDXBXXEBXXXXCXBXXBDXXXXXX', 2, 26, 15),
(26450, 41, '010258', 26002, 61.044, 29.564, 90.608, 3, 3, ' ACBBXBBXDABXXEBBBXCXXBXXXBBBBBXXXXXBXXXXEXXXCXXXXXXXXXXXXXXBXXXXBXXBXXXBBXXBBXXDCAXXBXXXAXXXXXXEXXXX', 2, 25, 11),
(26451, 42, '035089', 26003, 38.656, 50.965, 89.621, 3, 3, ' XXBXXECBXEDXBAXXXBBAXABXXXBBBBDDXBBCXXXDXXBBADEDXXXXEEXAXXXXABBBAXXBXBBXXCBAXXXXBXXXCDXXXBBXBBEXXXBX', 2, 28, 24),
(26452, 43, '039334', 26004, 35.605, 53.022, 88.627, 3, 3, ' DXEXDXXBXBXCBXXBBBBAXXBBXXXBXXCXXBBBXXXXXXXBXXBXXXXBXXXXBXXBXXXXXBABXXXBXXXBXXXXXXXXXXAAXXXXBXXBXXXX', 2, 24, 9),
(26453, 44, '044531', 26005, 54.942, 32.627, 87.569, 3, 2, ' AAXXXXBBBABBXXXBXXBABXBXXBBEXXXXXXXBXBXBXABXXXXXXXXXXXXDXXXXAXXXXXBXXXXBXXCBXXXXBXXXBXXXXXXXXXXXXXXX', 2, 23, 6),
(26454, 45, '022377', 26006, 50.866, 36.696, 87.562, 3, 3, ' ABXXXBBBDAEBBEXAXXXAXBBBBBXAEXXXXXXXBCXBXXXXDBDXXCBXXXXBXXXXXEXBXXEXXBXXXCEEEXXBXBXXXXXXXBXXXXAXBCXD', 2, 26, 18),
(26455, 46, '013496', 26007, 51.885, 34.649, 86.534, 3, 3, ' ABCBXEXBXAXBBAXXBAXXEBBXBBXXBBXXBXEXBXCXBBXABXCBXXXXXCXXBBCXXXBXBXCDXXXDXDXBXCCAXXXEBXCXXXEXXXEBDXXX', 2, 27, 23),
(26456, 47, '024959', 26008, 61.044, 25.485, 86.529, 3, 3, ' ABBBXBBBAXXBXEXBBBEABBEXXBXXXBBXXBXXBXXXXXXXXAXBXAXXACXXXBXXXXBXXXXXEXXDXXXXXXXXXXXCXXXXXXBXXXXXBXXX', 2, 24, 11),
(26457, 48, '005603', 26009, 35.587, 50.93, 86.517, 3, 3, ' DBDCECBBBCCBEBEBCBEAACEDEBBBBCCBEBBBAADEDBCEEDABECEABBABDBBAEBBDAEBBBDBCAAAEDBDEDBBEDDBDCBEECBEDBCDE', 2, 37, 63),
(26458, 49, '003814', 26010, 54.936, 30.57, 85.506, 3, 3, ' XXBDBBBBBXXXXDBBBXACBBAXXDBBBBADCXXAABXXXBBBBACXXEXBEXXXXXXBBXXXXXCXDXXBXXXXAXDCXXXXXAEEBXXXXXXXBCXD', 2, 27, 24),
(26459, 50, '025625', 26011, 50.866, 32.622, 83.488, 3, 3, ' AABXBXXBBXXXXBABBEBABBBXDXDBXAXBXXXXXXBXXBBXXXXBXXXXXXABXXXXXBXXAEXXAXXXXDXXXXXEXXXXXXBXBXXXDBEXXXXX', 2, 24, 14),
(26460, 51, '040709', 26012, 46.796, 35.69, 82.486, 3, 3, ' ABBBBBXXBXEXXXXDXXBACAABXDBBBXXXBXXXXXBXXXXXBXXXXXXXXBXXCXXXXXXXXXXXXXBXBXXXBBBXXXXXXXXXXXXXXXXXXXXX', 2, 22, 7),
(26461, 52, '034194', 26013, 50.866, 31.596, 82.462, 3, 3, ' ABXAXXAXDAXXBBBDBBCXDBBBXBXXBBXXEXXXXXXXXXBBXXBEAXAXXXBBXCCXXBXBXBXXXBDXXEXXXBXDDXXCXCXXXDXBXXXXXXXX', 2, 25, 19),
(26462, 53, '047466', 26014, 35.593, 45.85, 81.443, 3, 3, ' BDBCBBBBXCCBXBEXBBAAADXADEXABBDDBXDEADBBDCACDBXEBEXCXCCXBEXBDXAXXXXXXEBXCCADBXXBCBBXDBDEXBBBBBXEDBEX', 2, 31, 44),
(26463, 54, '036537', 26015, 47.815, 31.596, 79.411, 3, 3, ' EEBCXXXBXABBBBXXBXBAXXBXAXAXBBBXXXXBBXXXXXXXBBXXXEXADXXCXXAXXCXXBEXXBXXXEBXXXAXDXBXXXXDXXXBXXDXXCXBX', 2, 24, 18),
(26464, 55, '000207', 26016, 40.688, 36.686, 77.374, 3, 3, ' DXXBBXBBBAXABEAXBCCDXBXBBBXXCXDXXCXXBAEXBDXXXXABXDBBXXBBBXXXAXAXBXXXXXEBBXCCDXXXBEXAXXXXEDBCXXEXXXCD', 2, 26, 28),
(26465, 56, '050548', 26017, 47.809, 29.529, 77.338, 3, 3, ' XXBBABBBBABXBCBBBBXCDEBDDCXXEXEBEBABXBEADXDXCXACBCXCCXEXXXCDXDEDBEXXDBABXAXBAAXXBEDEEBEBXDCBBBACXBDX', 2, 30, 44),
(26466, 57, '044694', 26018, 38.656, 35.685, 74.341, 3, 3, ' EBXXXBXXAABBXXCDXBDXXBBBBDBXXXXXXXBXXXXXBXDXXXXXBBXBXXXDXCXXXXXXXBXXXXXXXAXBXBXXXXXXXXBXBXXXXXXDXXXX', 2, 21, 11),
(26467, 58, '037791', 26019, 46.796, 27.522, 74.318, 3, 3, ' ABAXBABBXAADBXCXXBBXBBXXAXBXXBXCBXXBXBCXBBXXXXXXXXXXXXXAXXXXXXXXEXXXABXXBAEXXXXBXXBXXXXXXXXXXXXEXXXB', 2, 22, 15),
(26468, 59, '053856', 26020, 61.038, 12.217, 73.255, 3, 3, ' AXXEXCBBADBXBBBBBDBABBBXBEBCBCXXXCXXXXXXXEXXXXXXDCXXAXBXXXBDXEXDXXXCBEXXBBXXXBBDXDXXXXCXXAXXXDXXXXXA', 2, 24, 24),
(26469, 60, '047563', 26021, 52.904, 19.374, 72.278, 3, 2, ' XXBBBXXBBAXBBBXXBDCBXXBBBCBXXXXXXBXXXXAXBXXXBXXXXXXXXXXXXXXXXXXXXBXXXXXXXXXXXXXXXXXXXXXXXBXXXXXXXXXX', 2, 19, 5),
(26470, 61, '025222', 26022, 29.497, 41.791, 71.288, 3, 3, ' BXBAXCBXBXXXXBDXXXEXBXBBBXEBCXBXAXEXXXXXXXBBXBXXXBDXXXDBDXAXCBXXXXDCAXBXBXXXBXXXXAXDBXABXCAXXBXXXXBX', 2, 23, 22),
(26471, 62, '022404', 26023, 46.796, 23.448, 70.244, 3, 3, ' XXXBBXXXBDXCBBXBBBBAACBXDBEXXBXXXXXXXXAXXBXXXAXBXXXXXXXXXXXXBXXXXCXXAXXBXCXXXBXXBXXXXXXXXXXBXXXXXXXX', 2, 20, 11),
(26472, 63, '003569', 26024, 33.567, 35.68, 69.247, 3, 3, ' ADBXBBXXDAXBABEAEXXXXXXBXXBAXBXXXXXXXDBXAXBXXBXBXXXDXXXXXBXXCXXXXXXXBXBCBXXDXXXCXBXBEXXXAXBXXXXXXXXX', 2, 21, 16),
(26473, 64, '027316', 26025, 46.796, 22.432, 69.228, 3, 3, ' EBXXXDBXAAXBBXXBBBBAXCBABXXBDXXXBXXXXXXXBXXBXXXXXXBXXXXXXXEXXXXXXXXXXXXXBXBXXCXXXXXXXXXXXXXXXXXXXXXX', 2, 19, 8),
(26474, 65, '035255', 26026, 38.656, 30.565, 69.221, 3, 3, ' ABXXXXBCXADEEBXEXXXABBBXCBXXBXXADXEXXXBAXXBXEXXAXBXDXXXXBXBXBXDCXXBXDAXECABBXXDCDXDXXXXDBBXEXAXBXXBE', 2, 24, 28),
(26475, 66, '039638', 26027, 28.478, 38.743, 67.221, 3, 3, ' EBBBXCCAXABEXXXAABXAXAXBXXXBXXBXXXXXXXXXEXXXBXXXXXXXBBXXXXXXBXXXAXAXXXXXCEXXXXXXBXXBXXXXXXXXXBXBBBCX', 2, 20, 14),
(26476, 67, '043413', 26028, 34.586, 31.591, 66.177, 3, 3, ' XBXXAXBXXCBCBCXBBBXXBBXXCXXXBDBXXXXBBACXBXXBDXXXCXXXXXXAEXDXXCCXXBXXXXBDXXBDXEBAXXXBXXXXADBEEXXXXXBX', 2, 22, 23);
INSERT INTO `examen_postulante` (`codExamenPostulante`, `orden`, `nroCarnet`, `codActor`, `puntajeAPT`, `puntajeCON`, `puntajeTotal`, `codCarrera`, `codCondicion`, `respuestasJSON`, `codExamen`, `nroCorrectas`, `nroIncorrectas`) VALUES
(26477, 68, '030388', 26029, 51.885, 14.239, 66.124, 3, 3, ' XXXBDBBBBAABBXXBXBEABABXXAXXBXBXEXAXXBECXXDAXEACCECBXXXXXBCAXXBXXXXEXAXEBXAXDBXXDAABXEXXBEDDEXBXDBDB', 2, 25, 35),
(26478, 69, '040479', 26030, 40.676, 25.43, 66.106, 3, 3, ' ABEDBBBEBDACECBECBBDBEABECBBEBBCCEADBBEBEEECEDBEBABBEEAADAEBBCBAAECCCADCEBDDBBDAEBCBDCEBBDDDDAEEAEBA', 2, 33, 67),
(26479, 70, '017421', 26031, 39.669, 25.48, 65.149, 3, 3, ' AXEXBBAXBXEXDAEXBABXBBEXCBXBBBXXXXXABXXXXXXXBXCXXXXXXBBXAXBXDXXXXXXXAXXBXCXXCXXBXXEXXEXXXXXXXXDDBXXD', 2, 21, 20),
(26480, 71, '051774', 26032, 26.446, 36.696, 63.142, 3, 3, ' AXBXXXXCXEBXXXXEBXBXXAXXDABBBXXBXXXEXBXECXXBXXXXXXAXDXXXXBEXXXXXXXXAXXXXXEBBBXDXDBXXXXXDXXXXCBBXXBBX', 2, 20, 18),
(26481, 72, '013721', 26033, 34.58, 28.538, 63.118, 3, 3, ' ABXBDEEXXXBBXXAABBEEABDXBXXBBEXXXXXXEBCXXXEXXXXAXXXXXAXXXBXBXAXXCXXBXBXXAXXABXXXBXXXBXXXDXXXXXXAXBAD', 2, 21, 22),
(26482, 73, '041686', 26034, 40.694, 21.391, 62.085, 3, 3, ' XXBXXXBXBABAXBCXCXXABXBBXXBAXXXXXXXXXDXXAXXXXBXCCXXXAXECCXXBXBXCBXCABXXXXXACXBXXXEBXDBXCXEXXXDXBEBXX', 2, 21, 23),
(26483, 74, '018946', 26035, 35.587, 26.456, 62.043, 3, 3, ' BAEBBCECADBEBBCCCBDADABBBBBCBCAEXEBDBAEBDDBABBBBXACAEABCBAAEADECADBBABDAACDAEDBACBXXEABAECXDDXABBCAC', 2, 31, 63),
(26484, 75, '006474', 26036, 40.694, 19.359, 60.053, 3, 3, ' XBBEABXXXXCXBXXXBBAAXBBXXXBXXBXXXXXXXXXXAXXXXXXDXCXBXXCBXEDXAXXCXBXXXXXEBXXXXXXEXXBXDCBXXXBBXXXEXXXX', 2, 19, 17),
(26485, 76, '046012', 26037, 39.669, 20.38, 60.049, 3, 3, ' ABXXXABXXAEBXBXBBBAACABBXDEDDXCBBBXXEXXAXXXXXDXDXXXDXXXXXXXABXXXXXAXXXXXXXXXBXEXXXBXXXXCXBXBEXXXXCXX', 2, 20, 21),
(26486, 77, '051051', 26038, 25.409, 34.619, 60.028, 3, 3, ' DBBBECEBDCDCCADBCEBDBCBBCDBCBAAECXAEXAECADBXCACBCBXBABBEABXXXECEBBABEBEBXXDABBEBCCDEABDACDBAAAEDCBBE', 2, 30, 61),
(26487, 78, '020784', 26039, 27.447, 31.566, 59.013, 3, 3, ' ACBBBCDBCAXEBEBAEDACDBBEXDBEDEDDCDXEBBCEXEBXDXDBXCDBAXAEBXABBCXDEDCDBCBCBBXDBDDXDCDXXBAXCXXBEEBBXEAB', 2, 28, 54),
(26488, 79, '011266', 26040, 45.771, 13.208, 58.979, 3, 3, ' BBBECBBXDBBBBEXBBBCDXBXBCDABXBEXABACXAXDXBDDDBEXBCXADEBABXDXBXEDACCXAXDDXCBDXEABBBCBECABDCEAEXXXDAXX', 2, 27, 50),
(26489, 80, '053294', 26041, 19.325, 38.743, 58.068, 3, 3, ' XBABXXXXDXDXXBXBBXEBXBXXXXXXXXBXBBBXXBXXXXXXEXBXXCAXBXAXXXXXXXXXXXXXXXXXBDXXXBXXBXCXXXXXXXXXXXXXXXXD', 2, 17, 11),
(26490, 81, '017382', 26042, 30.51, 27.527, 58.037, 3, 3, ' ADBABXBXXCBECBCXBXXBBBBXAXXXADXXXXXXXXXXXXXBBXXBXDXXXXXXXAXBXXXXXXXXXXXXAXAXXXXXEXXXXBBXXXXXBXBXXXXX', 2, 18, 15),
(26491, 82, '042355', 25899, 37.643, 20.38, 58.023, 3, 3, ' XBBBXXXXBXBXEXBAXEBXBXXXXBXBXXEXXBAXEBXXXDXAXXXBXXBXXXBXAEXXXEXXXXCBXXXXCXXDXXXBXXXXXXCXXXXBXXXXXXXX', 2, 18, 15),
(26492, 83, '028311', 25894, 40.688, 17.317, 58.005, 3, 3, ' DBDBBAXDXAXBXXXBXBBXBADBXCBBCXXAXBXBXDXAXXXXBDXEXXXXAXXXXXXXAXBXXXCXXXXXAXXXAXEBXBXXDXXXXXXCXBCXXBEX', 2, 20, 23);

-- --------------------------------------------------------

--
-- Estructura de tabla para la tabla `facultad`
--

CREATE TABLE `facultad` (
  `codFacultad` int(11) NOT NULL,
  `nombre` varchar(100) NOT NULL
) ENGINE=InnoDB DEFAULT CHARSET=utf8mb4;

--
-- Volcado de datos para la tabla `facultad`
--

INSERT INTO `facultad` (`codFacultad`, `nombre`) VALUES
(1, 'Facultad de Ciencias Biológicas'),
(2, 'Facultad de Farmacia y Bioquímica'),
(3, 'Facultad de Medicina'),
(4, 'Facultad de Estomatología'),
(5, 'Facultad de Enfermería'),
(6, 'Facultad de Ciencias Físicas y Matemáticas'),
(7, 'Facultad de Ingeniería'),
(8, 'Facultad de Ingeniería Química'),
(9, 'Facultad de Ciencias Sociales'),
(10, 'Facultad de Derecho y Ciencias Politicas'),
(11, 'Facultad de Ciencias Económicas');

-- --------------------------------------------------------

--
-- Estructura de tabla para la tabla `grupo_iguales`
--

CREATE TABLE `grupo_iguales` (
  `codGrupo` int(11) NOT NULL,
  `codAnalisis` int(11) NOT NULL,
  `puntajeAP` float NOT NULL,
  `puntajeCON` float NOT NULL,
  `puntajeTotal` float NOT NULL,
  `correctas` int(11) NOT NULL,
  `incorrectas` int(11) NOT NULL,
  `respuestasJSON` varchar(1000) NOT NULL,
  `vectorExamenPostulante` varchar(2000) NOT NULL
) ENGINE=InnoDB DEFAULT CHARSET=utf8mb4;

--
-- Volcado de datos para la tabla `grupo_iguales`
--

INSERT INTO `grupo_iguales` (`codGrupo`, `codAnalisis`, `puntajeAP`, `puntajeCON`, `puntajeTotal`, `correctas`, `incorrectas`, `respuestasJSON`, `vectorExamenPostulante`) VALUES
(236, 68, 37.637, 31.596, 69.233, 22, 20, ' ACBBXBXXXXEBXXXBBBDXBBABXCXCDXXXXEXXXXBXXBXXXEDEXABBBXXXXXXXXXCXXXXEXBAXXBXDXXXXXBXXAXXXXBXDXDBXAXBX', '26222,26223'),
(237, 68, 45.783, 69.333, 115.116, 31, 11, ' AXXBBXBXBDBXBXXXXBXABXBBXEXXAXXXAXXXBXXBXBBXXXBBBDCAEBXXXEXBEBXBXXBXXXXXXBXXXXXBXXXXXXXBBEXXXBXBBXXX', '26197,26198'),
(238, 69, 37.637, 31.596, 69.233, 22, 20, ' ACBBXBXXXXEBXXXBBBDXBBABXCXCDXXXXEXXXXBXXBXXXEDEXABBBXXXXXXXXXCXXXXEXBAXXBXDXXXXXBXXAXXXXBXDXDBXAXBX', '26373,26374'),
(239, 69, 45.783, 69.333, 115.116, 31, 11, ' AXXBBXBXBDBXBXXXXBXABXBBXEXXAXXXAXXXBXXBXBBXXXBBBDCAEBXXXEXBEBXBXXBXXXXXXBXXXXXBXXXXXXXBBEXXXBXBBXXX', '26348,26349');

-- --------------------------------------------------------

--
-- Estructura de tabla para la tabla `grupo_patron`
--

CREATE TABLE `grupo_patron` (
  `codGrupoPatron` int(11) NOT NULL,
  `codAnalisis` int(11) NOT NULL,
  `nroIncorrectas` int(11) NOT NULL,
  `nroCorrectas` int(11) NOT NULL,
  `puntajeAdquirido` float NOT NULL,
  `respuestasCoincidentesJSON` varchar(1000) NOT NULL,
  `vectorExamenPostulante` varchar(2000) NOT NULL
) ENGINE=InnoDB DEFAULT CHARSET=utf8mb4;

--
-- Volcado de datos para la tabla `grupo_patron`
--

INSERT INTO `grupo_patron` (`codGrupoPatron`, `codAnalisis`, `nroIncorrectas`, `nroCorrectas`, `puntajeAdquirido`, `respuestasCoincidentesJSON`, `vectorExamenPostulante`) VALUES
(592, 68, 11, 31, 115.116, '{\"1\":\"A\",\"4\":\"B\",\"5\":\"B\",\"7\":\"B\",\"9\":\"B\",\"10\":\"D\",\"11\":\"B\",\"13\":\"B\",\"18\":\"B\",\"20\":\"A\",\"21\":\"B\",\"23\":\"B\",\"24\":\"B\",\"26\":\"E\",\"29\":\"A\",\"33\":\"A\",\"37\":\"B\",\"40\":\"B\",\"42\":\"B\",\"43\":\"B\",\"47\":\"B\",\"48\":\"B\",\"49\":\"B\",\"50\":\"D\",\"51\":\"C\",\"52\":\"A\",\"53\":\"E\",\"54\":\"B\",\"58\":\"E\",\"60\":\"B\",\"61\":\"E\",\"62\":\"B\",\"64\":\"B\",\"67\":\"B\",\"74\":\"B\",\"80\":\"B\",\"88\":\"B\",\"89\":\"B\",\"90\":\"E\",\"94\":\"B\",\"96\":\"B\",\"97\":\"B\"}', '26197,26198'),
(593, 68, 1, 18, 72.311, '{\"3\":\"B\",\"5\":\"B\",\"6\":\"B\",\"9\":\"B\",\"10\":\"A\",\"14\":\"B\",\"17\":\"B\",\"18\":\"B\",\"20\":\"A\",\"23\":\"B\",\"45\":\"B\",\"47\":\"C\",\"65\":\"B\",\"70\":\"B\",\"71\":\"B\",\"82\":\"B\",\"89\":\"B\",\"90\":\"B\",\"97\":\"B\"}', '26207,26260'),
(594, 68, 0, 16, 65.165, '{\"3\":\"B\",\"4\":\"B\",\"6\":\"B\",\"9\":\"B\",\"10\":\"A\",\"12\":\"B\",\"18\":\"B\",\"19\":\"B\",\"20\":\"A\",\"25\":\"B\",\"28\":\"B\",\"30\":\"B\",\"72\":\"B\",\"80\":\"B\",\"96\":\"B\",\"97\":\"B\"}', '26209,26262'),
(595, 68, 1, 15, 60.083, '{\"1\":\"A\",\"3\":\"B\",\"5\":\"B\",\"8\":\"B\",\"10\":\"A\",\"11\":\"B\",\"26\":\"B\",\"27\":\"B\",\"28\":\"B\",\"37\":\"B\",\"42\":\"B\",\"58\":\"B\",\"85\":\"B\",\"88\":\"B\",\"94\":\"B\",\"99\":\"C\"}', '26215,26259'),
(596, 68, 20, 22, 69.233, '{\"1\":\"A\",\"2\":\"C\",\"3\":\"B\",\"4\":\"B\",\"6\":\"B\",\"11\":\"E\",\"12\":\"B\",\"16\":\"B\",\"17\":\"B\",\"18\":\"B\",\"19\":\"D\",\"21\":\"B\",\"22\":\"B\",\"23\":\"A\",\"24\":\"B\",\"26\":\"C\",\"28\":\"C\",\"29\":\"D\",\"34\":\"E\",\"39\":\"B\",\"42\":\"B\",\"46\":\"E\",\"47\":\"D\",\"48\":\"E\",\"50\":\"A\",\"51\":\"B\",\"52\":\"B\",\"53\":\"B\",\"63\":\"C\",\"68\":\"E\",\"70\":\"B\",\"71\":\"A\",\"74\":\"B\",\"76\":\"D\",\"82\":\"B\",\"85\":\"A\",\"90\":\"B\",\"92\":\"D\",\"94\":\"D\",\"95\":\"B\",\"97\":\"A\",\"99\":\"B\"}', '26222,26223'),
(597, 68, 1, 12, 47.882, '{\"5\":\"B\",\"6\":\"B\",\"8\":\"B\",\"19\":\"B\",\"20\":\"A\",\"45\":\"B\",\"46\":\"B\",\"72\":\"B\",\"75\":\"B\",\"76\":\"B\",\"81\":\"E\",\"84\":\"B\",\"89\":\"B\"}', '26225,26290'),
(598, 68, 4, 9, 32.575, '{\"2\":\"B\",\"4\":\"B\",\"16\":\"B\",\"22\":\"C\",\"23\":\"B\",\"24\":\"B\",\"29\":\"B\",\"30\":\"A\",\"62\":\"E\",\"65\":\"B\",\"69\":\"E\",\"70\":\"B\",\"98\":\"B\"}', '26240,26335'),
(599, 69, 11, 31, 6140, '{\"1\":\"A\",\"4\":\"B\",\"5\":\"B\",\"7\":\"B\",\"9\":\"B\",\"10\":\"D\",\"11\":\"B\",\"13\":\"B\",\"18\":\"B\",\"20\":\"A\",\"21\":\"B\",\"23\":\"B\",\"24\":\"B\",\"26\":\"E\",\"29\":\"A\",\"33\":\"A\",\"37\":\"B\",\"40\":\"B\",\"42\":\"B\",\"43\":\"B\",\"47\":\"B\",\"48\":\"B\",\"49\":\"B\",\"50\":\"D\",\"51\":\"C\",\"52\":\"A\",\"53\":\"E\",\"54\":\"B\",\"58\":\"E\",\"60\":\"B\",\"61\":\"E\",\"62\":\"B\",\"64\":\"B\",\"67\":\"B\",\"74\":\"B\",\"80\":\"B\",\"88\":\"B\",\"89\":\"B\",\"90\":\"E\",\"94\":\"B\",\"96\":\"B\",\"97\":\"B\"}', '26348,26349'),
(600, 69, 1, 18, 3261, '{\"3\":\"B\",\"5\":\"B\",\"6\":\"B\",\"9\":\"B\",\"10\":\"A\",\"14\":\"B\",\"17\":\"B\",\"18\":\"B\",\"20\":\"A\",\"23\":\"B\",\"45\":\"B\",\"47\":\"C\",\"65\":\"B\",\"70\":\"B\",\"71\":\"B\",\"82\":\"B\",\"89\":\"B\",\"90\":\"B\",\"97\":\"B\"}', '26358,26411'),
(601, 69, 0, 16, 2747, '{\"3\":\"B\",\"4\":\"B\",\"6\":\"B\",\"9\":\"B\",\"10\":\"A\",\"12\":\"B\",\"18\":\"B\",\"19\":\"B\",\"20\":\"A\",\"25\":\"B\",\"28\":\"B\",\"30\":\"B\",\"72\":\"B\",\"80\":\"B\",\"96\":\"B\",\"97\":\"B\"}', '26360,26413'),
(602, 69, 1, 15, 2679, '{\"1\":\"A\",\"3\":\"B\",\"5\":\"B\",\"8\":\"B\",\"10\":\"A\",\"11\":\"B\",\"26\":\"B\",\"27\":\"B\",\"28\":\"B\",\"37\":\"B\",\"42\":\"B\",\"58\":\"B\",\"85\":\"B\",\"88\":\"B\",\"94\":\"B\",\"99\":\"C\"}', '26366,26410'),
(603, 69, 20, 22, 4457, '{\"1\":\"A\",\"2\":\"C\",\"3\":\"B\",\"4\":\"B\",\"6\":\"B\",\"11\":\"E\",\"12\":\"B\",\"16\":\"B\",\"17\":\"B\",\"18\":\"B\",\"19\":\"D\",\"21\":\"B\",\"22\":\"B\",\"23\":\"A\",\"24\":\"B\",\"26\":\"C\",\"28\":\"C\",\"29\":\"D\",\"34\":\"E\",\"39\":\"B\",\"42\":\"B\",\"46\":\"E\",\"47\":\"D\",\"48\":\"E\",\"50\":\"A\",\"51\":\"B\",\"52\":\"B\",\"53\":\"B\",\"63\":\"C\",\"68\":\"E\",\"70\":\"B\",\"71\":\"A\",\"74\":\"B\",\"76\":\"D\",\"82\":\"B\",\"85\":\"A\",\"90\":\"B\",\"92\":\"D\",\"94\":\"D\",\"95\":\"B\",\"97\":\"A\",\"99\":\"B\"}', '26373,26374'),
(604, 69, 1, 12, 2286, '{\"5\":\"B\",\"6\":\"B\",\"8\":\"B\",\"19\":\"B\",\"20\":\"A\",\"45\":\"B\",\"46\":\"B\",\"72\":\"B\",\"75\":\"B\",\"76\":\"B\",\"81\":\"E\",\"84\":\"B\",\"89\":\"B\"}', '26376,26441'),
(605, 69, 4, 9, 1641, '{\"2\":\"B\",\"4\":\"B\",\"16\":\"B\",\"22\":\"C\",\"23\":\"B\",\"24\":\"B\",\"29\":\"B\",\"30\":\"A\",\"62\":\"E\",\"65\":\"B\",\"69\":\"E\",\"70\":\"B\",\"98\":\"B\"}', '26391,26486');

-- --------------------------------------------------------

--
-- Estructura de tabla para la tabla `modalidad`
--

CREATE TABLE `modalidad` (
  `codModalidad` int(11) NOT NULL,
  `nombre` varchar(200) NOT NULL
) ENGINE=InnoDB DEFAULT CHARSET=utf8mb4;

--
-- Volcado de datos para la tabla `modalidad`
--

INSERT INTO `modalidad` (`codModalidad`, `nombre`) VALUES
(1, 'Ordinario'),
(2, 'CEPUNT');

-- --------------------------------------------------------

--
-- Estructura de tabla para la tabla `parametros`
--

CREATE TABLE `parametros` (
  `codParametro` int(11) NOT NULL,
  `campo` varchar(100) NOT NULL,
  `valor` varchar(200) NOT NULL
) ENGINE=InnoDB DEFAULT CHARSET=utf8mb4;

-- --------------------------------------------------------

--
-- Estructura de tabla para la tabla `postulantes_elevados`
--

CREATE TABLE `postulantes_elevados` (
  `codPostulanteElevado` int(11) NOT NULL,
  `porcentajeElevacion` char(18) NOT NULL,
  `puntajeDiferencia` float NOT NULL,
  `codExamenPostulanteAnterior` int(11) NOT NULL,
  `codAnalisis` int(11) NOT NULL,
  `codExamenPostulante` int(11) NOT NULL
) ENGINE=InnoDB DEFAULT CHARSET=utf8mb4;

--
-- Volcado de datos para la tabla `postulantes_elevados`
--

INSERT INTO `postulantes_elevados` (`codPostulanteElevado`, `porcentajeElevacion`, `puntajeDiferencia`, `codExamenPostulanteAnterior`, `codAnalisis`, `codExamenPostulante`) VALUES
(1, '1.9683647961383', 114.175, 26341, 69, 26342),
(2, '1.0007238508867', 58.065, 26340, 69, 26347);

-- --------------------------------------------------------

--
-- Estructura de tabla para la tabla `pregunta`
--

CREATE TABLE `pregunta` (
  `codPregunta` int(11) NOT NULL,
  `nroPregunta` int(11) NOT NULL,
  `enunciado` varchar(200) NOT NULL,
  `codExamen` int(11) NOT NULL,
  `respuestaCorrecta` char(1) NOT NULL
) ENGINE=InnoDB DEFAULT CHARSET=utf8mb4;

--
-- Volcado de datos para la tabla `pregunta`
--

INSERT INTO `pregunta` (`codPregunta`, `nroPregunta`, `enunciado`, `codExamen`, `respuestaCorrecta`) VALUES
(3075, 1, 'ABC', 1, 'A'),
(3076, 2, 'ESTA ES LA PREGUNTA 2', 1, 'B'),
(3077, 3, 'ASD KADSK K AKS A3 3', 1, 'B'),
(3078, 4, 'ASKD KSA KDSA KK SAD4A', 1, 'B'),
(3079, 5, 'AASAS DDSA KSA KDSA KKSA KD AKDSKA KD A3 SAD LASL SALDSA LDSLA LDS ALD SAD', 1, 'B'),
(3080, 6, 'AASAS DDSA KSA KDSA KKSA KD AKDSKA KD A3 SAD LASL SALDSA LDSLA LDS ALD SAD', 1, 'B'),
(3081, 7, 'AASAS DDSA KSA KDSA KKSA KD AKDSKA KD A3 SAD LASL SALDSA LDSLA LDS ALD SAD', 1, 'B'),
(3082, 8, 'AASAS DDSA KSA KDSA KKSA KD AKDSKA KD A3 SAD LASL SALDSA LDSLA LDS ALD SAD', 1, 'B'),
(3083, 9, 'AASAS DDSA KSA KDSA KKSA KD AKDSKA KD A3 SAD LASL SALDSA LDSLA LDS ALD SAD', 1, 'B'),
(3084, 10, 'AASAS DDSA KSA KDSA KKSA KD AKDSKA KD A3 SAD LASL SALDSA LDSLA LDS ALD SAD', 1, 'A'),
(3085, 11, 'AASAS DDSA KSA KDSA KKSA KD AKDSKA KD A3 SAD LASL SALDSA LDSLA LDS ALD SAD', 1, 'B'),
(3086, 12, 'AASAS DDSA KSA KDSA KKSA KD AKDSKA KD A3 SAD LASL SALDSA LDSLA LDS ALD SAD', 1, 'B'),
(3087, 13, 'AASAS DDSA KSA KDSA KKSA KD AKDSKA KD A3 SAD LASL SALDSA LDSLA LDS ALD SAD', 1, 'B'),
(3088, 14, 'AASAS DDSA KSA KDSA KKSA KD AKDSKA KD A3 SAD LASL SALDSA LDSLA LDS ALD SAD', 1, 'B'),
(3089, 15, 'AASAS DDSA KSA KDSA KKSA KD AKDSKA KD A3 SAD LASL SALDSA LDSLA LDS ALD SAD', 1, 'B'),
(3090, 16, 'AASAS DDSA KSA KDSA KKSA KD AKDSKA KD A3 SAD LASL SALDSA LDSLA LDS ALD SAD', 1, 'B'),
(3091, 17, 'AASAS DDSA KSA KDSA KKSA KD AKDSKA KD A3 SAD LASL SALDSA LDSLA 17', 1, 'B'),
(3092, 18, 'AASAS DDSA KSA KDSA KKSA KD AKDSKA KD A3 SAD LASL SALDSA LDSLA LDS ALD SAD', 1, 'B'),
(3093, 19, 'AASAS DDSA KSA KDSA KKSA KD AKDSKA KD A3 SAD LASL SALDSA LDSLA LDS ALD SAD', 1, 'B'),
(3094, 20, 'AASAS DDSA KSA KDSA KKSA KD AKDSKA KD A3 SAD LASL SALDSA LDSLA LDS ALD SAD', 1, 'A'),
(3095, 21, 'AASAS DDSA KSA KDSA KKSA KD AKDSKA KD A3 SAD LASL SALDSA LDSLA LDS ALD SAD', 1, 'B'),
(3096, 22, 'AASAS DDSA KSA KDSA KKSA KD AKDSKA KD A3 SAD LASL SALDSA LDSLA LDS ALD SAD', 1, 'B'),
(3097, 23, 'AASAS DDSA KSA KDSA KKSA KD AKDSKA KD A3 SAD LASL SALDSA LDSLA LDS ALD SAD', 1, 'B'),
(3098, 24, 'AASAS DDSA KSA KDSA KKSA KD AKDSKA KD A3 SAD LASL SALDSA LDSLA LDS ALD SAD', 1, 'B'),
(3099, 25, 'AASAS DDSA KSA KDSA KKSA KD AKDSKA KD A3 SAD LASL SALDSA LDSLA LDS ALD SAD', 1, 'B'),
(3100, 26, 'AASAS DDSA KSA KDSA KKSA KD AKDSKA KD A3 SAD LASL SALDSA LDSLA LDS ALD SAD', 1, 'B'),
(3101, 27, 'AASAS DDSA KSA KDSA KKSA KD AKDSKA KD A3 SAD LASL SALDSA LDSLA LDS ALD SAD', 1, 'B'),
(3102, 28, 'AASAS DDSA KSA KDSA KKSA KD AKDSKA KD A3 SAD LASL SALDSA LDSLA LDS ALD SAD', 1, 'B'),
(3103, 29, 'AASAS DDSA KSA KDSA KKSA KD AKDSKA KD A3 SAD LASL SALDSA LDSLA LDS ALD SAD', 1, 'B'),
(3104, 30, 'AASAS DDSA KSA KDSA KKSA KD AKDSKA KD A3 SAD LASL SALDSA LDSLA LDS ALD SAD', 1, 'B'),
(3105, 31, 'AASAS DDSA KSA KDSA KKSA KD AKDSKA KD A3 SAD LASL SALDSA LDSLA LDS ALD SAD', 1, 'B'),
(3106, 32, 'AASAS DDSA KSA KDSA KKSA KD AKDSKA KD A3 SAD LASL SALDSA LDSLA 32', 1, 'B'),
(3107, 33, 'AASAS DDSA KSA KDSA KKSA KD AKDSKA KD A3 SAD LASL SALDSA LDSLA LDS ALD SAD', 1, 'B'),
(3108, 34, 'AASAS DDSA KSA KDSA KKSA KD AKDSKA KD A3 SAD LASL SALDSA LDSLA LDS ALD SAD', 1, 'B'),
(3109, 35, 'AASAS DDSA KSA KDSA KKSA KD AKDSKA KD A3 SAD LASL SALDSA LDSLA LDS ALD SAD', 1, 'B'),
(3110, 36, 'AASAS DDSA KSA KDSA KKSA KD AKDSKA KD A3 SAD LASL SALDSA LDSLA LDS ALD SAD', 1, 'B'),
(3111, 37, 'AASAS DDSA KSA KDSA KKSA KD AKDSKA KD A3 SAD LASL SALDSA LDSLA LDS ALD SAD', 1, 'B'),
(3112, 38, 'AASAS DDSA KSA KDSA KKSA KD AKDSKA KD A3 SAD LASL SALDSA LDSLA LDS ALD SAD', 1, 'B'),
(3113, 39, 'AASAS DDSA KSA KDSA KKSA KD AKDSKA KD A3 SAD LASL SALDSA LDSLA LDS ALD SAD', 1, 'B'),
(3114, 40, 'AASAS DDSA KSA KDSA KKSA KD AKDSKA KD A3 SAD LASL SALDSA LDSLA LDS ALD SAD', 1, 'B'),
(3115, 41, 'AASAS DDSA KSA KDSA KKSA KD AKDSKA KD A3 SAD LASL SALDSA LDSLA LDS ALD SAD', 1, 'B'),
(3116, 42, 'AASAS DDSA KSA KDSA KKSA KD AKDSKA KD A3 SAD LASL SALDSA LDSLA LDS ALD SAD', 1, 'B'),
(3117, 43, 'AASAS DDSA KSA KDSA KKSA KD AKDSKA KD A3 SAD LASL SALDSA LDSLA LDS ALD SAD', 1, 'B'),
(3118, 44, 'AASAS DDSA KSA KDSA KKSA KD AKDSKA KD A3 SAD LASL SALDSA LDSLA LDS ALD SAD', 1, 'B'),
(3119, 45, 'AASAS DDSA KSA KDSA KKSA KD AKDSKA KD A3 SAD LASL SALDSA LDSLA LDS ALD SAD', 1, 'B'),
(3120, 46, 'AASAS DDSA KSA KDSA KKSA KD AKDSKA KD A3 SAD LASL SALDSA LDSLA LDS ALD SAD', 1, 'B'),
(3121, 47, 'AASAS DDSA KSA KDSA KKSA KD AKDSKA KD A3 SAD LASL SALDSA LDSLA LDS ALD SAD', 1, 'B'),
(3122, 48, 'AASAS DDSA KSA KDSA KKSA KD AKDSKA KD A3 SAD LASL SALDSA LDSLA LDS ALD SAD', 1, 'B'),
(3123, 49, 'AASAS DDSA KSA KDSA KKSA KD AKDSKA KD A3 SAD LASL SALDSA LDSLA LDS ALD SAD', 1, 'B'),
(3124, 50, 'AASAS DDSA KSA KDSA KKSA KD AKDSKA KD A3 SAD LASL SALDSA LDSLA LDS ALD SAD', 1, 'B'),
(3125, 51, 'AASAS DDSA KSA KDSA KKSA KD AKDSKA KD A3 SAD LASL SALDSA LDSLA LDS ALD SAD', 1, 'B'),
(3126, 52, 'AASAS DDSA KSA KDSA KKSA KD AKDSKA KD A3 SAD LASL SALDSA LDSLA LDS ALD SAD', 1, 'B'),
(3127, 53, 'AASAS DDSA KSA KDSA KKSA KD AKDSKA KD A3 SAD LASL SALDSA LDSLA LDS ALD SAD', 1, 'B'),
(3128, 54, 'AASAS DDSA KSA KDSA KKSA KD AKDSKA KD A3 SAD LASL SALDSA LDSLA LDS ALD SAD', 1, 'B'),
(3129, 55, 'AASAS DDSA KSA KDSA KKSA KD AKDSKA KD A3 SAD LASL SALDSA LDSLA LDS ALD SAD', 1, 'B'),
(3130, 56, 'AASAS DDSA KSA KDSA KKSA KD AKDSKA KD A3 SAD LASL SALDSA LDSLA LDS ALD SAD', 1, 'B'),
(3131, 57, 'AASAS DDSA KSA KDSA KKSA KD AKDSKA KD A3 SAD LASL SALDSA LDSLA LDS ALD SAD', 1, 'B'),
(3132, 58, 'AASAS DDSA KSA KDSA KKSA KD AKDSKA KD A3 SAD LASL SALDSA LDSLA 58', 1, 'B'),
(3133, 59, 'AASAS DDSA KSA KDSA KKSA KD AKDSKA KD A3 SAD LASL SALDSA LDSLA LDS ALD SAD', 1, 'B'),
(3134, 60, 'AASAS DDSA KSA KDSA KKSA KD AKDSKA KD A3 SAD LASL SALDSA LDSLA LDS ALD SAD', 1, 'B'),
(3135, 61, 'AASAS DDSA KSA KDSA KKSA KD AKDSKA KD A3 SAD LASL SALDSA LDSLA LDS ALD SAD', 1, 'B'),
(3136, 62, 'AASAS DDSA KSA KDSA KKSA KD AKDSKA KD A3 SAD LASL SALDSA LDSLA LDS ALD SAD', 1, 'B'),
(3137, 63, 'AASAS DDSA KSA KDSA KKSA KD AKDSKA KD A3 SAD LASL SALDSA LDSLA LDS ALD SAD', 1, 'B'),
(3138, 64, 'AASAS DDSA KSA KDSA KKSA KD AKDSKA KD A3 SAD LASL SALDSA LDSLA LDS ALD SAD', 1, 'B'),
(3139, 65, 'AASAS DDSA KSA KDSA KKSA KD AKDSKA KD A3 SAD LASL SALDSA LDSLA LDS ALD SAD', 1, 'B'),
(3140, 66, 'AASAS DDSA KSA KDSA KKSA KD AKDSKA KD A3 SAD LASL SALDSA LDSLA LDS ALD SAD', 1, 'B'),
(3141, 67, 'AASAS DDSA KSA KDSA KKSA KD AKDSKA KD A3 SAD LASL SALDSA LDSLA LDS ALD SAD', 1, 'B'),
(3142, 68, 'AASAS DDSA KSA KDSA KKSA KD AKDSKA KD A3 SAD LASL SALDSA LDSLA LDS ALD SAD', 1, 'B'),
(3143, 69, 'AASAS DDSA KSA KDSA KKSA KD AKDSKA KD A3 SAD LASL SALDSA LDSLA LDS ALD SAD', 1, 'B'),
(3144, 70, 'AASAS DDSA KSA KDSA KKSA KD AKDSKA KD A3 SAD LASL SALDSA LDSLA LDS ALD SAD', 1, 'B'),
(3145, 71, 'AASAS DDSA KSA KDSA KKSA KD AKDSKA KD A3 SAD LASL SALDSA LDSLA LDS ALD SAD', 1, 'B'),
(3146, 72, 'AASAS DDSA KSA KDSA KKSA KD AKDSKA KD A3 SAD LASL SALDSA LDSLA LDS ALD SAD', 1, 'B'),
(3147, 73, 'AASAS DDSA KSA KDSA KKSA KD AKDSKA KD A3 SAD LASL SALDSA LDSLA LDS ALD SAD', 1, 'B'),
(3148, 74, 'AASAS DDSA KSA KDSA KKSA KD AKDSKA KD A3 SAD LASL SALDSA LDSLA LDS ALD SAD', 1, 'B'),
(3149, 75, 'AASAS DDSA KSA KDSA KKSA KD AKDSKA KD A3 SAD LASL SALDSA LDSLA LDS ALD SAD', 1, 'B'),
(3150, 76, 'AASAS DDSA KSA KDSA KKSA KD AKDSKA KD A3 SAD LASL SALDSA LDSLA LDS ALD SAD', 1, 'B'),
(3151, 77, 'AASAS DDSA KSA KDSA KKSA KD AKDSKA KD A3 SAD LASL SALDSA LDSLA LDS ALD SAD', 1, 'B'),
(3152, 78, 'AASAS DDSA KSA KDSA KKSA KD AKDSKA KD A3 SAD LASL SALDSA LDSLA LDS ALD SAD', 1, 'B'),
(3153, 79, 'AASAS DDSA KSA KDSA KKSA KD AKDSKA KD A3 SAD LASL SALDSA LDSLA LDS ALD SAD', 1, 'B'),
(3154, 80, 'AASAS DDSA KSA KDSA KKSA KD AKDSKA KD A3 SAD LASL SALDSA LDSLA LDS ALD SAD', 1, 'B'),
(3155, 81, 'AASAS DDSA KSA KDSA KKSA KD AKDSKA KD A3 SAD LASL SALDSA LDSLA LDS ALD SAD', 1, 'B'),
(3156, 82, 'AASAS DDSA KSA KDSA KKSA KD AKDSKA KD A3 SAD LASL SALDSA LDSLA LDS ALD SAD', 1, 'B'),
(3157, 83, 'AASAS DDSA KSA KDSA KKSA KD AKDSKA KD A3 SAD LASL SALDSA LDSLA LDS ALD SAD', 1, 'B'),
(3158, 84, 'AASAS DDSA KSA KDSA KKSA KD AKDSKA KD A3 SAD LASL SALDSA LDSLA LDS ALD SAD', 1, 'B'),
(3159, 85, 'AASAS DDSA KSA KDSA KKSA KD AKDSKA KD A3 SAD LASL SALDSA LDSLA LDS ALD SAD', 1, 'B'),
(3160, 86, 'AASAS DDSA KSA KDSA KKSA KD AKDSKA KD A3 SAD LASL SALDSA LDSLA LDS ALD SAD', 1, 'B'),
(3161, 87, 'AASAS DDSA KSA KDSA KKSA KD AKDSKA KD A3 SAD LASL SALDSA LDSLA LDS ALD SAD', 1, 'B'),
(3162, 88, 'AASAS DDSA KSA KDSA KKSA KD AKDSKA KD A3 SAD LASL SALDSA LDSLA LDS ALD SAD', 1, 'B'),
(3163, 89, 'AASAS DDSA KSA KDSA KKSA KD AKDSKA KD A3 SAD LASL SALDSA LDSLA LDS ALD SAD', 1, 'B'),
(3164, 90, 'AASAS DDSA KSA KDSA KKSA KD AKDSKA KD A3 SAD LASL SALDSA LDSLA LDS ALD SAD', 1, 'B'),
(3165, 91, 'AASAS DDSA KSA KDSA KKSA KD AKDSKA KD A3 SAD LASL SALDSA LDSLA LDS ALD SAD', 1, 'B'),
(3166, 92, 'AASAS DDSA KSA KDSA KKSA KD AKDSKA KD A3 SAD LASL SALDSA LDSLA LDS ALD SAD', 1, 'B'),
(3167, 93, 'AASAS DDSA KSA KDSA KKSA KD AKDSKA KD A3 SAD LASL SALDSA LDSLA LDS ALD SAD', 1, 'B'),
(3168, 94, 'AASAS DDSA KSA KDSA KKSA KD AKDSKA KD A3 SAD LASL SALDSA LDSLA LDS ALD SAD', 1, 'B'),
(3169, 95, 'AASAS DDSA KSA KDSA KKSA KD AKDSKA KD A3 SAD LASL SALDSA LDSLA LDS ALD SAD', 1, 'B'),
(3170, 96, 'AASAS DDSA KSA KDSA KKSA KD AKDSKA KD A3 SAD LASL SALDSA LDSLA LDS ALD SAD', 1, 'B'),
(3171, 97, 'AASAS DDSA KSA KDSA KKSA KD AKDSKA KD A3 SAD LASL SALDSA LDSLA LDS ALD SAD', 1, 'B'),
(3172, 98, 'AASAS DDSA KSA KDSA KKSA KD AKDSKA KD A3 SAD LASL SALDSA LDSLA LDS ALD SAD', 1, 'B'),
(3173, 99, 'AASAS DDSA KSA KDSA KKSA KD AKDSKA KD A3 SAD LASL SALDSA LDSLA LDS ALD SAD', 1, 'B'),
(3174, 100, 'AASAS DDSA KSA KDSA KKSA KD AKDSKA KD A3 SAD LASL SALDSA LD100', 1, 'D'),
(3175, 1, 'ABC', 2, 'A'),
(3176, 2, 'ESTA ES LA PREGUNTA 2', 2, 'B'),
(3177, 3, 'ASD KADSK K AKS A3 3', 2, 'B'),
(3178, 4, 'ASKD KSA KDSA KK SAD4A', 2, 'B'),
(3179, 5, 'AASAS DDSA KSA KDSA KKSA KD AKDSKA KD A3 SAD LASL SALDSA LDSLA LDS ALD SAD', 2, 'B'),
(3180, 6, 'AASAS DDSA KSA KDSA KKSA KD AKDSKA KD A3 SAD LASL SALDSA LDSLA LDS ALD SAD', 2, 'B'),
(3181, 7, 'AASAS DDSA KSA KDSA KKSA KD AKDSKA KD A3 SAD LASL SALDSA LDSLA LDS ALD SAD', 2, 'B'),
(3182, 8, 'AASAS DDSA KSA KDSA KKSA KD AKDSKA KD A3 SAD LASL SALDSA LDSLA LDS ALD SAD', 2, 'B'),
(3183, 9, 'AASAS DDSA KSA KDSA KKSA KD AKDSKA KD A3 SAD LASL SALDSA LDSLA LDS ALD SAD', 2, 'B'),
(3184, 10, 'AASAS DDSA KSA KDSA KKSA KD AKDSKA KD A3 SAD LASL SALDSA LDSLA LDS ALD SAD', 2, 'A'),
(3185, 11, 'AASAS DDSA KSA KDSA KKSA KD AKDSKA KD A3 SAD LASL SALDSA LDSLA LDS ALD SAD', 2, 'B'),
(3186, 12, 'AASAS DDSA KSA KDSA KKSA KD AKDSKA KD A3 SAD LASL SALDSA LDSLA LDS ALD SAD', 2, 'B'),
(3187, 13, 'AASAS DDSA KSA KDSA KKSA KD AKDSKA KD A3 SAD LASL SALDSA LDSLA LDS ALD SAD', 2, 'B'),
(3188, 14, 'AASAS DDSA KSA KDSA KKSA KD AKDSKA KD A3 SAD LASL SALDSA LDSLA LDS ALD SAD', 2, 'B'),
(3189, 15, 'AASAS DDSA KSA KDSA KKSA KD AKDSKA KD A3 SAD LASL SALDSA LDSLA LDS ALD SAD', 2, 'B'),
(3190, 16, 'AASAS DDSA KSA KDSA KKSA KD AKDSKA KD A3 SAD LASL SALDSA LDSLA LDS ALD SAD', 2, 'B'),
(3191, 17, 'AASAS DDSA KSA KDSA KKSA KD AKDSKA KD A3 SAD LASL SALDSA LDSLA 17', 2, 'B'),
(3192, 18, 'AASAS DDSA KSA KDSA KKSA KD AKDSKA KD A3 SAD LASL SALDSA LDSLA LDS ALD SAD', 2, 'B'),
(3193, 19, 'AASAS DDSA KSA KDSA KKSA KD AKDSKA KD A3 SAD LASL SALDSA LDSLA LDS ALD SAD', 2, 'B'),
(3194, 20, 'AASAS DDSA KSA KDSA KKSA KD AKDSKA KD A3 SAD LASL SALDSA LDSLA LDS ALD SAD', 2, 'A'),
(3195, 21, 'AASAS DDSA KSA KDSA KKSA KD AKDSKA KD A3 SAD LASL SALDSA LDSLA LDS ALD SAD', 2, 'B'),
(3196, 22, 'AASAS DDSA KSA KDSA KKSA KD AKDSKA KD A3 SAD LASL SALDSA LDSLA LDS ALD SAD', 2, 'B'),
(3197, 23, 'AASAS DDSA KSA KDSA KKSA KD AKDSKA KD A3 SAD LASL SALDSA LDSLA LDS ALD SAD', 2, 'B'),
(3198, 24, 'AASAS DDSA KSA KDSA KKSA KD AKDSKA KD A3 SAD LASL SALDSA LDSLA LDS ALD SAD', 2, 'B'),
(3199, 25, 'AASAS DDSA KSA KDSA KKSA KD AKDSKA KD A3 SAD LASL SALDSA LDSLA LDS ALD SAD', 2, 'B'),
(3200, 26, 'AASAS DDSA KSA KDSA KKSA KD AKDSKA KD A3 SAD LASL SALDSA LDSLA LDS ALD SAD', 2, 'B'),
(3201, 27, 'AASAS DDSA KSA KDSA KKSA KD AKDSKA KD A3 SAD LASL SALDSA LDSLA LDS ALD SAD', 2, 'B'),
(3202, 28, 'AASAS DDSA KSA KDSA KKSA KD AKDSKA KD A3 SAD LASL SALDSA LDSLA LDS ALD SAD', 2, 'B'),
(3203, 29, 'AASAS DDSA KSA KDSA KKSA KD AKDSKA KD A3 SAD LASL SALDSA LDSLA LDS ALD SAD', 2, 'B'),
(3204, 30, 'AASAS DDSA KSA KDSA KKSA KD AKDSKA KD A3 SAD LASL SALDSA LDSLA LDS ALD SAD', 2, 'B'),
(3205, 31, 'AASAS DDSA KSA KDSA KKSA KD AKDSKA KD A3 SAD LASL SALDSA LDSLA LDS ALD SAD', 2, 'B'),
(3206, 32, 'AASAS DDSA KSA KDSA KKSA KD AKDSKA KD A3 SAD LASL SALDSA LDSLA 32', 2, 'B'),
(3207, 33, 'AASAS DDSA KSA KDSA KKSA KD AKDSKA KD A3 SAD LASL SALDSA LDSLA LDS ALD SAD', 2, 'B'),
(3208, 34, 'AASAS DDSA KSA KDSA KKSA KD AKDSKA KD A3 SAD LASL SALDSA LDSLA LDS ALD SAD', 2, 'B'),
(3209, 35, 'AASAS DDSA KSA KDSA KKSA KD AKDSKA KD A3 SAD LASL SALDSA LDSLA LDS ALD SAD', 2, 'B'),
(3210, 36, 'AASAS DDSA KSA KDSA KKSA KD AKDSKA KD A3 SAD LASL SALDSA LDSLA LDS ALD SAD', 2, 'B'),
(3211, 37, 'AASAS DDSA KSA KDSA KKSA KD AKDSKA KD A3 SAD LASL SALDSA LDSLA LDS ALD SAD', 2, 'B'),
(3212, 38, 'AASAS DDSA KSA KDSA KKSA KD AKDSKA KD A3 SAD LASL SALDSA LDSLA LDS ALD SAD', 2, 'B'),
(3213, 39, 'AASAS DDSA KSA KDSA KKSA KD AKDSKA KD A3 SAD LASL SALDSA LDSLA LDS ALD SAD', 2, 'B'),
(3214, 40, 'AASAS DDSA KSA KDSA KKSA KD AKDSKA KD A3 SAD LASL SALDSA LDSLA LDS ALD SAD', 2, 'B'),
(3215, 41, 'AASAS DDSA KSA KDSA KKSA KD AKDSKA KD A3 SAD LASL SALDSA LDSLA LDS ALD SAD', 2, 'B'),
(3216, 42, 'AASAS DDSA KSA KDSA KKSA KD AKDSKA KD A3 SAD LASL SALDSA LDSLA LDS ALD SAD', 2, 'B'),
(3217, 43, 'AASAS DDSA KSA KDSA KKSA KD AKDSKA KD A3 SAD LASL SALDSA LDSLA LDS ALD SAD', 2, 'B'),
(3218, 44, 'AASAS DDSA KSA KDSA KKSA KD AKDSKA KD A3 SAD LASL SALDSA LDSLA LDS ALD SAD', 2, 'B'),
(3219, 45, 'AASAS DDSA KSA KDSA KKSA KD AKDSKA KD A3 SAD LASL SALDSA LDSLA LDS ALD SAD', 2, 'B'),
(3220, 46, 'AASAS DDSA KSA KDSA KKSA KD AKDSKA KD A3 SAD LASL SALDSA LDSLA LDS ALD SAD', 2, 'B'),
(3221, 47, 'AASAS DDSA KSA KDSA KKSA KD AKDSKA KD A3 SAD LASL SALDSA LDSLA LDS ALD SAD', 2, 'B'),
(3222, 48, 'AASAS DDSA KSA KDSA KKSA KD AKDSKA KD A3 SAD LASL SALDSA LDSLA LDS ALD SAD', 2, 'B'),
(3223, 49, 'AASAS DDSA KSA KDSA KKSA KD AKDSKA KD A3 SAD LASL SALDSA LDSLA LDS ALD SAD', 2, 'B'),
(3224, 50, 'AASAS DDSA KSA KDSA KKSA KD AKDSKA KD A3 SAD LASL SALDSA LDSLA LDS ALD SAD', 2, 'B'),
(3225, 51, 'AASAS DDSA KSA KDSA KKSA KD AKDSKA KD A3 SAD LASL SALDSA LDSLA LDS ALD SAD', 2, 'B'),
(3226, 52, 'AASAS DDSA KSA KDSA KKSA KD AKDSKA KD A3 SAD LASL SALDSA LDSLA LDS ALD SAD', 2, 'B'),
(3227, 53, 'AASAS DDSA KSA KDSA KKSA KD AKDSKA KD A3 SAD LASL SALDSA LDSLA LDS ALD SAD', 2, 'B'),
(3228, 54, 'AASAS DDSA KSA KDSA KKSA KD AKDSKA KD A3 SAD LASL SALDSA LDSLA LDS ALD SAD', 2, 'B'),
(3229, 55, 'AASAS DDSA KSA KDSA KKSA KD AKDSKA KD A3 SAD LASL SALDSA LDSLA LDS ALD SAD', 2, 'B'),
(3230, 56, 'AASAS DDSA KSA KDSA KKSA KD AKDSKA KD A3 SAD LASL SALDSA LDSLA LDS ALD SAD', 2, 'B'),
(3231, 57, 'AASAS DDSA KSA KDSA KKSA KD AKDSKA KD A3 SAD LASL SALDSA LDSLA LDS ALD SAD', 2, 'B'),
(3232, 58, 'AASAS DDSA KSA KDSA KKSA KD AKDSKA KD A3 SAD LASL SALDSA LDSLA 58', 2, 'B'),
(3233, 59, 'AASAS DDSA KSA KDSA KKSA KD AKDSKA KD A3 SAD LASL SALDSA LDSLA LDS ALD SAD', 2, 'B'),
(3234, 60, 'AASAS DDSA KSA KDSA KKSA KD AKDSKA KD A3 SAD LASL SALDSA LDSLA LDS ALD SAD', 2, 'B'),
(3235, 61, 'AASAS DDSA KSA KDSA KKSA KD AKDSKA KD A3 SAD LASL SALDSA LDSLA LDS ALD SAD', 2, 'B'),
(3236, 62, 'AASAS DDSA KSA KDSA KKSA KD AKDSKA KD A3 SAD LASL SALDSA LDSLA LDS ALD SAD', 2, 'B'),
(3237, 63, 'AASAS DDSA KSA KDSA KKSA KD AKDSKA KD A3 SAD LASL SALDSA LDSLA LDS ALD SAD', 2, 'B'),
(3238, 64, 'AASAS DDSA KSA KDSA KKSA KD AKDSKA KD A3 SAD LASL SALDSA LDSLA LDS ALD SAD', 2, 'B'),
(3239, 65, 'AASAS DDSA KSA KDSA KKSA KD AKDSKA KD A3 SAD LASL SALDSA LDSLA LDS ALD SAD', 2, 'B'),
(3240, 66, 'AASAS DDSA KSA KDSA KKSA KD AKDSKA KD A3 SAD LASL SALDSA LDSLA LDS ALD SAD', 2, 'B'),
(3241, 67, 'AASAS DDSA KSA KDSA KKSA KD AKDSKA KD A3 SAD LASL SALDSA LDSLA LDS ALD SAD', 2, 'B'),
(3242, 68, 'AASAS DDSA KSA KDSA KKSA KD AKDSKA KD A3 SAD LASL SALDSA LDSLA LDS ALD SAD', 2, 'B'),
(3243, 69, 'AASAS DDSA KSA KDSA KKSA KD AKDSKA KD A3 SAD LASL SALDSA LDSLA LDS ALD SAD', 2, 'B'),
(3244, 70, 'AASAS DDSA KSA KDSA KKSA KD AKDSKA KD A3 SAD LASL SALDSA LDSLA LDS ALD SAD', 2, 'B'),
(3245, 71, 'AASAS DDSA KSA KDSA KKSA KD AKDSKA KD A3 SAD LASL SALDSA LDSLA LDS ALD SAD', 2, 'B'),
(3246, 72, 'AASAS DDSA KSA KDSA KKSA KD AKDSKA KD A3 SAD LASL SALDSA LDSLA LDS ALD SAD', 2, 'B'),
(3247, 73, 'AASAS DDSA KSA KDSA KKSA KD AKDSKA KD A3 SAD LASL SALDSA LDSLA LDS ALD SAD', 2, 'B'),
(3248, 74, 'AASAS DDSA KSA KDSA KKSA KD AKDSKA KD A3 SAD LASL SALDSA LDSLA LDS ALD SAD', 2, 'B'),
(3249, 75, 'AASAS DDSA KSA KDSA KKSA KD AKDSKA KD A3 SAD LASL SALDSA LDSLA LDS ALD SAD', 2, 'B'),
(3250, 76, 'AASAS DDSA KSA KDSA KKSA KD AKDSKA KD A3 SAD LASL SALDSA LDSLA LDS ALD SAD', 2, 'B'),
(3251, 77, 'AASAS DDSA KSA KDSA KKSA KD AKDSKA KD A3 SAD LASL SALDSA LDSLA LDS ALD SAD', 2, 'B'),
(3252, 78, 'AASAS DDSA KSA KDSA KKSA KD AKDSKA KD A3 SAD LASL SALDSA LDSLA LDS ALD SAD', 2, 'B'),
(3253, 79, 'AASAS DDSA KSA KDSA KKSA KD AKDSKA KD A3 SAD LASL SALDSA LDSLA LDS ALD SAD', 2, 'B'),
(3254, 80, 'AASAS DDSA KSA KDSA KKSA KD AKDSKA KD A3 SAD LASL SALDSA LDSLA LDS ALD SAD', 2, 'B'),
(3255, 81, 'AASAS DDSA KSA KDSA KKSA KD AKDSKA KD A3 SAD LASL SALDSA LDSLA LDS ALD SAD', 2, 'B'),
(3256, 82, 'AASAS DDSA KSA KDSA KKSA KD AKDSKA KD A3 SAD LASL SALDSA LDSLA LDS ALD SAD', 2, 'B'),
(3257, 83, 'AASAS DDSA KSA KDSA KKSA KD AKDSKA KD A3 SAD LASL SALDSA LDSLA LDS ALD SAD', 2, 'B'),
(3258, 84, 'AASAS DDSA KSA KDSA KKSA KD AKDSKA KD A3 SAD LASL SALDSA LDSLA LDS ALD SAD', 2, 'B'),
(3259, 85, 'AASAS DDSA KSA KDSA KKSA KD AKDSKA KD A3 SAD LASL SALDSA LDSLA LDS ALD SAD', 2, 'B'),
(3260, 86, 'AASAS DDSA KSA KDSA KKSA KD AKDSKA KD A3 SAD LASL SALDSA LDSLA LDS ALD SAD', 2, 'B'),
(3261, 87, 'AASAS DDSA KSA KDSA KKSA KD AKDSKA KD A3 SAD LASL SALDSA LDSLA LDS ALD SAD', 2, 'B'),
(3262, 88, 'AASAS DDSA KSA KDSA KKSA KD AKDSKA KD A3 SAD LASL SALDSA LDSLA LDS ALD SAD', 2, 'B'),
(3263, 89, 'AASAS DDSA KSA KDSA KKSA KD AKDSKA KD A3 SAD LASL SALDSA LDSLA LDS ALD SAD', 2, 'B'),
(3264, 90, 'AASAS DDSA KSA KDSA KKSA KD AKDSKA KD A3 SAD LASL SALDSA LDSLA LDS ALD SAD', 2, 'B'),
(3265, 91, 'AASAS DDSA KSA KDSA KKSA KD AKDSKA KD A3 SAD LASL SALDSA LDSLA LDS ALD SAD', 2, 'B'),
(3266, 92, 'AASAS DDSA KSA KDSA KKSA KD AKDSKA KD A3 SAD LASL SALDSA LDSLA LDS ALD SAD', 2, 'B'),
(3267, 93, 'AASAS DDSA KSA KDSA KKSA KD AKDSKA KD A3 SAD LASL SALDSA LDSLA LDS ALD SAD', 2, 'B'),
(3268, 94, 'AASAS DDSA KSA KDSA KKSA KD AKDSKA KD A3 SAD LASL SALDSA LDSLA LDS ALD SAD', 2, 'B'),
(3269, 95, 'AASAS DDSA KSA KDSA KKSA KD AKDSKA KD A3 SAD LASL SALDSA LDSLA LDS ALD SAD', 2, 'B'),
(3270, 96, 'AASAS DDSA KSA KDSA KKSA KD AKDSKA KD A3 SAD LASL SALDSA LDSLA LDS ALD SAD', 2, 'B'),
(3271, 97, 'AASAS DDSA KSA KDSA KKSA KD AKDSKA KD A3 SAD LASL SALDSA LDSLA LDS ALD SAD', 2, 'B'),
(3272, 98, 'AASAS DDSA KSA KDSA KKSA KD AKDSKA KD A3 SAD LASL SALDSA LDSLA LDS ALD SAD', 2, 'B'),
(3273, 99, 'AASAS DDSA KSA KDSA KKSA KD AKDSKA KD A3 SAD LASL SALDSA LDSLA LDS ALD SAD', 2, 'B'),
(3274, 100, 'AASAS DDSA KSA KDSA KKSA KD AKDSKA KD A3 SAD LASL SALDSA LD100', 2, 'D');

-- --------------------------------------------------------

--
-- Estructura de tabla para la tabla `sede`
--

CREATE TABLE `sede` (
  `codSede` int(11) NOT NULL,
  `nombre` varchar(70) NOT NULL
) ENGINE=InnoDB DEFAULT CHARSET=utf8mb4;

--
-- Volcado de datos para la tabla `sede`
--

INSERT INTO `sede` (`codSede`, `nombre`) VALUES
(1, 'Trujillo');

-- --------------------------------------------------------

--
-- Estructura de tabla para la tabla `tasa`
--

CREATE TABLE `tasa` (
  `codTasa` int(11) NOT NULL,
  `valorMinimo` float NOT NULL,
  `valorMaximo` float NOT NULL,
  `valorTasa` float NOT NULL
) ENGINE=InnoDB DEFAULT CHARSET=utf8mb4;

--
-- Volcado de datos para la tabla `tasa`
--

INSERT INTO `tasa` (`codTasa`, `valorMinimo`, `valorMaximo`, `valorTasa`) VALUES
(1, 0, 50, 0.45),
(2, 50, 100, 0.5),
(7, 100, 150, 0.55),
(8, 150, 200, 0.6),
(9, 200, 250, 0.65),
(10, 250, 300, 0.7);

-- --------------------------------------------------------

--
-- Estructura de tabla para la tabla `tipo_actor`
--

CREATE TABLE `tipo_actor` (
  `codTipoActor` int(11) NOT NULL,
  `nombre` varchar(100) NOT NULL
) ENGINE=InnoDB DEFAULT CHARSET=utf8mb4;

--
-- Volcado de datos para la tabla `tipo_actor`
--

INSERT INTO `tipo_actor` (`codTipoActor`, `nombre`) VALUES
(1, 'Postulante'),
(2, 'Consejo Universitario');

-- --------------------------------------------------------

--
-- Estructura de tabla para la tabla `usuario`
--

CREATE TABLE `usuario` (
  `codUsuario` int(11) NOT NULL,
  `usuario` varchar(50) NOT NULL,
  `contraseña` varchar(200) NOT NULL
) ENGINE=InnoDB DEFAULT CHARSET=utf8mb4;

--
-- Volcado de datos para la tabla `usuario`
--

INSERT INTO `usuario` (`codUsuario`, `usuario`, `contraseña`) VALUES
(25910, 'LUCANO 4181', '123'),
(25911, 'REAÑO T1632', '123'),
(25912, 'FERNAND9628', '123'),
(25913, 'MURILLO8666', '123'),
(25914, 'GARCIA 7772', '123'),
(25915, 'CUEVA E4182', '123'),
(25916, 'POEMAPE2415', '123'),
(25917, 'RODAS C3680', '123'),
(25918, 'BORDA R3848', '123'),
(25919, 'PINTO A2960', '123'),
(25920, 'RODRIGU3149', '123'),
(25921, 'BALAREZ6521', '123'),
(25922, 'CHAMAY 1760', '123'),
(25923, 'OLIVERA6549', '123'),
(25924, 'CRUZ HE7265', '123'),
(25925, 'SALAZAR7636', '123'),
(25926, 'ILDEFON4024', '123'),
(25927, 'PACHECO8247', '123'),
(25928, 'ARAUJO 7640', '123'),
(25929, 'SALVADO9982', '123'),
(25930, 'BARAHON9946', '123'),
(25931, 'CARRASC9292', '123'),
(25932, 'BAZAN C5581', '123'),
(25933, 'SILVA C9022', '123'),
(25934, 'RAMOS M5323', '123'),
(25935, 'MENDEZ 5727', '123'),
(25936, 'CRUZADO2072', '123'),
(25937, 'MALCA S7503', '123'),
(25938, 'GONZALE6620', '123'),
(25939, 'FLORES 5076', '123'),
(25940, 'REYES R4245', '123'),
(25941, 'CAMPOS 3531', '123'),
(25942, 'ESCOBAR8414', '123'),
(25943, 'HOYOS C4141', '123'),
(25944, 'LEON YN9053', '123'),
(25945, 'AGUILAR7092', '123'),
(25946, 'GODOY P8438', '123'),
(25947, 'REYES P8719', '123'),
(25948, 'VILCHEZ7675', '123'),
(25949, 'LLENQUE8011', '123'),
(25950, 'AGRAMON9197', '123'),
(25951, 'ARANDA 8597', '123'),
(25952, 'VEGA AL5092', '123'),
(25953, 'JARA FI4621', '123'),
(25954, 'MENDOZA5305', '123'),
(25955, 'HERNAND5738', '123'),
(25956, 'SAGAL C8645', '123'),
(25957, 'ROQUE R5596', '123'),
(25958, 'MENDOZA6492', '123'),
(25959, 'CULQUE 7292', '123'),
(25960, 'BACA SA6022', '123'),
(25961, 'CUEVA H6496', '123'),
(25962, 'HUAMAN 9114', '123'),
(25963, 'FERNAND9862', '123'),
(25964, 'PAREDES4771', '123'),
(25965, 'RODRIGU1106', '123'),
(25966, 'HERNAND3232', '123'),
(25967, 'TIRADO 7484', '123'),
(25968, 'HERNAND7868', '123'),
(25969, 'LOPEZ N3832', '123'),
(25970, 'NUREÑA 2178', '123'),
(25971, 'GRANDEZ5929', '123'),
(25972, 'PEREA A9353', '123'),
(25973, 'MOSTACE3124', '123'),
(25974, 'DIAZ RU5216', '123'),
(25975, 'VASQUEZ4424', '123'),
(25976, 'TORRES 4611', '123'),
(25977, 'LEON AS6648', '123'),
(25978, 'RUIZ DE3920', '123'),
(25979, 'CHAVEZ 9393', '123'),
(25980, 'HUAMAN 1054', '123'),
(25981, 'NUÑEZ L6109', '123'),
(25982, 'CORTIJO2792', '123'),
(25983, 'RUIZ VE9658', '123'),
(25984, 'AREVALO6948', '123'),
(25985, 'GUTIERR3020', '123'),
(25986, 'MOSQUER1044', '123'),
(25987, 'BELTRAN5177', '123'),
(25988, 'CULQUIT6213', '123'),
(25989, 'ANGEL J9949', '123'),
(25990, 'VALDERR7033', '123'),
(25991, 'TUESTA 5368', '123'),
(25992, 'GARGURE9800', '123'),
(25993, 'SEGURA 7486', '123'),
(25994, 'SALAZAR3784', '123'),
(25995, 'DE LA C9528', '123'),
(25996, 'VASQUEZ2333', '123'),
(25997, 'BALLENA8064', '123'),
(25998, 'MARQUEZ2057', '123'),
(25999, 'SUAREZ 1208', '123'),
(26000, 'ESPINOZ5456', '123'),
(26001, 'QUISPE 2827', '123'),
(26002, 'NIETO V3081', '123'),
(26003, 'CHOLAN 5890', '123'),
(26004, 'GONZALE2416', '123'),
(26005, 'MORAN J6571', '123'),
(26006, 'MARKY Z6942', '123'),
(26007, 'DEZA VI7005', '123'),
(26008, 'LUJAN R4989', '123'),
(26009, 'ANGULO 7523', '123'),
(26010, 'ZUÑIGA 1914', '123'),
(26011, 'GAMBOA 2175', '123'),
(26012, 'CANCINO9108', '123'),
(26013, 'RODRIGU4538', '123'),
(26014, 'RIOS JU7542', '123'),
(26015, 'SOLANO 3900', '123'),
(26016, 'ROMERO 8681', '123'),
(26017, 'MOSTACE6929', '123'),
(26018, 'LEYVA G3379', '123'),
(26019, 'CAMPERO1980', '123'),
(26020, 'VASQUEZ3074', '123'),
(26021, 'SANCHEZ5791', '123'),
(26022, 'GASTELO6569', '123'),
(26023, 'PEREZ Y4865', '123'),
(26024, 'RAMÍREZ3425', '123'),
(26025, 'LEON GA7634', '123'),
(26026, 'SAAVEDR8184', '123'),
(26027, 'BRICEÑO5456', '123'),
(26028, 'CASTILL4771', '123'),
(26029, 'TERRONE5509', '123'),
(26030, 'HILARIO9561', '123'),
(26031, 'DE LA C6650', '123'),
(26032, 'TORRES 3445', '123'),
(26033, 'ZAPATA 7173', '123'),
(26034, 'AGUILAR9189', '123'),
(26035, 'QUIÑONE6648', '123'),
(26036, 'CARRION7837', '123'),
(26037, 'FLORENT5685', '123'),
(26038, 'GARCIA 1797', '123'),
(26039, 'DÍAZ MU8412', '123'),
(26040, 'HUERTA 7426', '123'),
(26041, 'CRUZ GU6906', '123'),
(26042, 'RODRIGU3477', '123'),
(26043, 'ALVARAD9634', '123'),
(26044, 'VIDAL V8889', '123'),
(26045, 'CORTEZ 5107', '123'),
(26046, 'DÍAZ CA9251', '123'),
(26047, 'VILLARR2878', '123'),
(26048, 'CARRANZ6219', '123'),
(26049, 'HARO AV6251', '123'),
(26050, 'SEVILLA7310', '123'),
(26051, 'RODRIGU3655', '123'),
(26052, 'CESPEDE7090', '123'),
(26053, 'VASQUEZ9630', '123'),
(26054, 'CRUZ DO6576', '123'),
(26055, 'RODRIGU4193', '123'),
(26056, 'VASQUEZ9461', '123'),
(26057, 'ROSALES1873', '123'),
(26058, 'IMAMURA1548', '123'),
(26059, 'HILARIO3722', '123'),
(26060, 'MEZA RU3605', '123');

--
-- Índices para tablas volcadas
--

--
-- Indices de la tabla `actor`
--
ALTER TABLE `actor`
  ADD PRIMARY KEY (`codActor`);

--
-- Indices de la tabla `analisis_examen`
--
ALTER TABLE `analisis_examen`
  ADD PRIMARY KEY (`codAnalisis`);

--
-- Indices de la tabla `area`
--
ALTER TABLE `area`
  ADD PRIMARY KEY (`codArea`);

--
-- Indices de la tabla `carrera`
--
ALTER TABLE `carrera`
  ADD PRIMARY KEY (`codCarrera`);

--
-- Indices de la tabla `carrera_examen`
--
ALTER TABLE `carrera_examen`
  ADD PRIMARY KEY (`codCarreraExamen`);

--
-- Indices de la tabla `condicion_postulacion`
--
ALTER TABLE `condicion_postulacion`
  ADD PRIMARY KEY (`codCondicion`);

--
-- Indices de la tabla `estado_examen`
--
ALTER TABLE `estado_examen`
  ADD PRIMARY KEY (`codEstado`);

--
-- Indices de la tabla `examen`
--
ALTER TABLE `examen`
  ADD PRIMARY KEY (`codExamen`);

--
-- Indices de la tabla `examen_postulante`
--
ALTER TABLE `examen_postulante`
  ADD PRIMARY KEY (`codExamenPostulante`);

--
-- Indices de la tabla `facultad`
--
ALTER TABLE `facultad`
  ADD PRIMARY KEY (`codFacultad`);

--
-- Indices de la tabla `grupo_iguales`
--
ALTER TABLE `grupo_iguales`
  ADD PRIMARY KEY (`codGrupo`);

--
-- Indices de la tabla `grupo_patron`
--
ALTER TABLE `grupo_patron`
  ADD PRIMARY KEY (`codGrupoPatron`);

--
-- Indices de la tabla `modalidad`
--
ALTER TABLE `modalidad`
  ADD PRIMARY KEY (`codModalidad`);

--
-- Indices de la tabla `parametros`
--
ALTER TABLE `parametros`
  ADD PRIMARY KEY (`codParametro`);

--
-- Indices de la tabla `postulantes_elevados`
--
ALTER TABLE `postulantes_elevados`
  ADD PRIMARY KEY (`codPostulanteElevado`);

--
-- Indices de la tabla `pregunta`
--
ALTER TABLE `pregunta`
  ADD PRIMARY KEY (`codPregunta`);

--
-- Indices de la tabla `sede`
--
ALTER TABLE `sede`
  ADD PRIMARY KEY (`codSede`);

--
-- Indices de la tabla `tasa`
--
ALTER TABLE `tasa`
  ADD PRIMARY KEY (`codTasa`);

--
-- Indices de la tabla `tipo_actor`
--
ALTER TABLE `tipo_actor`
  ADD PRIMARY KEY (`codTipoActor`);

--
-- Indices de la tabla `usuario`
--
ALTER TABLE `usuario`
  ADD PRIMARY KEY (`codUsuario`);

--
-- AUTO_INCREMENT de las tablas volcadas
--

--
-- AUTO_INCREMENT de la tabla `actor`
--
ALTER TABLE `actor`
  MODIFY `codActor` int(11) NOT NULL AUTO_INCREMENT, AUTO_INCREMENT=26045;

--
-- AUTO_INCREMENT de la tabla `analisis_examen`
--
ALTER TABLE `analisis_examen`
  MODIFY `codAnalisis` int(11) NOT NULL AUTO_INCREMENT, AUTO_INCREMENT=70;

--
-- AUTO_INCREMENT de la tabla `area`
--
ALTER TABLE `area`
  MODIFY `codArea` int(11) NOT NULL AUTO_INCREMENT, AUTO_INCREMENT=5;

--
-- AUTO_INCREMENT de la tabla `carrera`
--
ALTER TABLE `carrera`
  MODIFY `codCarrera` int(11) NOT NULL AUTO_INCREMENT, AUTO_INCREMENT=11;

--
-- AUTO_INCREMENT de la tabla `carrera_examen`
--
ALTER TABLE `carrera_examen`
  MODIFY `codCarreraExamen` int(11) NOT NULL AUTO_INCREMENT, AUTO_INCREMENT=3;

--
-- AUTO_INCREMENT de la tabla `condicion_postulacion`
--
ALTER TABLE `condicion_postulacion`
  MODIFY `codCondicion` int(11) NOT NULL AUTO_INCREMENT, AUTO_INCREMENT=5;

--
-- AUTO_INCREMENT de la tabla `estado_examen`
--
ALTER TABLE `estado_examen`
  MODIFY `codEstado` int(11) NOT NULL AUTO_INCREMENT, AUTO_INCREMENT=6;

--
-- AUTO_INCREMENT de la tabla `examen`
--
ALTER TABLE `examen`
  MODIFY `codExamen` int(11) NOT NULL AUTO_INCREMENT, AUTO_INCREMENT=3;

--
-- AUTO_INCREMENT de la tabla `examen_postulante`
--
ALTER TABLE `examen_postulante`
  MODIFY `codExamenPostulante` int(11) NOT NULL AUTO_INCREMENT, AUTO_INCREMENT=26493;

--
-- AUTO_INCREMENT de la tabla `facultad`
--
ALTER TABLE `facultad`
  MODIFY `codFacultad` int(11) NOT NULL AUTO_INCREMENT, AUTO_INCREMENT=12;

--
-- AUTO_INCREMENT de la tabla `grupo_iguales`
--
ALTER TABLE `grupo_iguales`
  MODIFY `codGrupo` int(11) NOT NULL AUTO_INCREMENT, AUTO_INCREMENT=240;

--
-- AUTO_INCREMENT de la tabla `grupo_patron`
--
ALTER TABLE `grupo_patron`
  MODIFY `codGrupoPatron` int(11) NOT NULL AUTO_INCREMENT, AUTO_INCREMENT=606;

--
-- AUTO_INCREMENT de la tabla `modalidad`
--
ALTER TABLE `modalidad`
  MODIFY `codModalidad` int(11) NOT NULL AUTO_INCREMENT, AUTO_INCREMENT=3;

--
-- AUTO_INCREMENT de la tabla `parametros`
--
ALTER TABLE `parametros`
  MODIFY `codParametro` int(11) NOT NULL AUTO_INCREMENT;

--
-- AUTO_INCREMENT de la tabla `postulantes_elevados`
--
ALTER TABLE `postulantes_elevados`
  MODIFY `codPostulanteElevado` int(11) NOT NULL AUTO_INCREMENT, AUTO_INCREMENT=3;

--
-- AUTO_INCREMENT de la tabla `pregunta`
--
ALTER TABLE `pregunta`
  MODIFY `codPregunta` int(11) NOT NULL AUTO_INCREMENT, AUTO_INCREMENT=3275;

--
-- AUTO_INCREMENT de la tabla `sede`
--
ALTER TABLE `sede`
  MODIFY `codSede` int(11) NOT NULL AUTO_INCREMENT, AUTO_INCREMENT=2;

--
-- AUTO_INCREMENT de la tabla `tasa`
--
ALTER TABLE `tasa`
  MODIFY `codTasa` int(11) NOT NULL AUTO_INCREMENT, AUTO_INCREMENT=16;

--
-- AUTO_INCREMENT de la tabla `tipo_actor`
--
ALTER TABLE `tipo_actor`
  MODIFY `codTipoActor` int(11) NOT NULL AUTO_INCREMENT, AUTO_INCREMENT=3;

--
-- AUTO_INCREMENT de la tabla `usuario`
--
ALTER TABLE `usuario`
  MODIFY `codUsuario` int(11) NOT NULL AUTO_INCREMENT, AUTO_INCREMENT=26061;
COMMIT;

/*!40101 SET CHARACTER_SET_CLIENT=@OLD_CHARACTER_SET_CLIENT */;
/*!40101 SET CHARACTER_SET_RESULTS=@OLD_CHARACTER_SET_RESULTS */;
/*!40101 SET COLLATION_CONNECTION=@OLD_COLLATION_CONNECTION */;
