-- phpMyAdmin SQL Dump
-- version 5.0.2
-- https://www.phpmyadmin.net/
--
-- Servidor: 127.0.0.1
-- Tiempo de generación: 11-08-2021 a las 06:39:34
-- Versión del servidor: 5.7.32-log
-- Versión de PHP: 7.4.10

SET SQL_MODE = "NO_AUTO_VALUE_ON_ZERO";
START TRANSACTION;
SET time_zone = "+00:00";


/*!40101 SET @OLD_CHARACTER_SET_CLIENT=@@CHARACTER_SET_CLIENT */;
/*!40101 SET @OLD_CHARACTER_SET_RESULTS=@@CHARACTER_SET_RESULTS */;
/*!40101 SET @OLD_COLLATION_CONNECTION=@@COLLATION_CONNECTION */;
/*!40101 SET NAMES utf8mb4 */;

--
-- Base de datos: `sidiraunt`
--

-- --------------------------------------------------------

--
-- Estructura de tabla para la tabla `actor`
--

CREATE TABLE `actor` (
  `codActor` int(11) NOT NULL,
  `apellidosYnombres` varchar(500) NOT NULL,
  `codUsuario` int(11) NOT NULL,
  `codTipoActor` int(11) NOT NULL
) ENGINE=InnoDB DEFAULT CHARSET=utf8mb4;

--
-- Volcado de datos para la tabla `actor`
--

INSERT INTO `actor` (`codActor`, `apellidosYnombres`, `codUsuario`, `codTipoActor`) VALUES
(26045, 'CONSEJO UNIVERSITARIOO', 26061, 2),
(29612, 'LUCANO NIEVES DANIEL HANANI JOED', 29628, 1),
(29613, 'REAÑO TORRES JUAN ANSELMO', 29629, 1),
(29614, 'FERNANDEZ GUEVARA JOHN DE JESUS', 29630, 1),
(29615, 'MURILLO LOZANO DIEGO ARON', 29631, 1),
(29616, 'GARCIA CRUZ STEVEN ALEXANDER', 29632, 1),
(29617, 'CUEVA ESCOBEDO JENNIFER ARELI', 29633, 1),
(29618, 'POEMAPE GARCIA JOSEPH ANTONIO', 29634, 1),
(29619, 'RODAS CASTILLO ANTHONELLA NATALY', 29635, 1),
(29620, 'BORDA RIVEROS LISBETH DAYSI', 29636, 1),
(29621, 'PINTO ALVA NICOLE KAORI', 29637, 1),
(29622, 'RODRIGUEZ ARTEAGA PIERO ALEXANDER', 29638, 1),
(29623, 'BALAREZO LUNA YAMELY ESMERALDA', 29639, 1),
(29624, 'CHAMAY ARZABE FRANK JHORDAN', 29640, 1),
(29625, 'OLIVERA ESPINOZA MIRELLA LISSETH', 29641, 1),
(29626, 'CRUZ HENRIQUEZ GEORGINA ANAIS', 29642, 1),
(29627, 'SALAZAR MARIN ISABAUT GIULIANA', 29643, 1),
(29628, 'ILDEFONSO ALVARADO PABLO ALBERTH', 29644, 1),
(29629, 'PACHECO ROJAS PABLO OSWALDO JHAIR', 29645, 1),
(29630, 'ARAUJO CHOMBA MICHAEL JHONATAN', 29646, 1),
(29631, 'SALVADOR FLOREANO DEMMY BRIAN', 29647, 1),
(29632, 'BARAHONA MORILLAS ANDRE PAULET', 29648, 1),
(29633, 'CARRASCO PEREZ JOCABED SURIEL', 29649, 1),
(29634, 'BAZAN CASTILLO ALDO JAK', 29650, 1),
(29635, 'SILVA CARUAJULCA ERLAND OSCAR', 29651, 1),
(29636, 'RAMOS MALAVER MARIANA ELIZABETH', 29652, 1),
(29637, 'MENDEZ TORRES DANIELA MARÍA ILLARY', 29653, 1),
(29638, 'CRUZADO RISCO ROSA MERCEDES', 29654, 1),
(29639, 'MALCA SILVA LEANDRO ARTURO', 29655, 1),
(29640, 'GONZALES CARRASCO JESUS MIGUEL IDELSO', 29656, 1),
(29641, 'FLORES AGUIRRE RENZO ANDERSON', 29657, 1),
(29642, 'REYES RUBIO LILIANA HAYDEE', 29658, 1),
(29643, 'CAMPOS RODRIGUEZ PAOLA ANETTE', 29659, 1),
(29644, 'ESCOBAR GONZALES DIEGO ARNIE', 29660, 1),
(29645, 'HOYOS CRUZ EMERSON MIGUEL', 29661, 1),
(29646, 'LEON YNOQUIO JORGE LUIS', 29662, 1),
(29647, 'AGUILAR MOSTACERO ISABEL CRISTINA', 29663, 1),
(29648, 'GODOY PAREDES KEVIN ANDRES', 29664, 1),
(29649, 'REYES POLO KAROLYNE BRITHNEY CHANTAL', 29665, 1),
(29650, 'VILCHEZ BALDERA LUCERO DEL MILAGRO', 29666, 1),
(29651, 'LLENQUE LLENQUE JORGE DAVID', 29667, 1),
(29652, 'AGRAMONTE SANCHEZ XIOMARA YHOSCIMAR', 29668, 1),
(29653, 'ARANDA RAMOS ARIANA JAEL', 29669, 1),
(29654, 'VEGA ALVAREZ ALEJANDRA ELIZABETH', 29670, 1),
(29655, 'JARA FIGUEROA XIOMARA ANTONELLA', 29671, 1),
(29656, 'MENDOZA PEREZ CLAUDIA ISABEL', 29672, 1),
(29657, 'HERNANDEZ VALENCIA KAROL ALESSANDRA', 29673, 1),
(29658, 'SAGAL CASTILLO GLORIA MARIA', 29674, 1),
(29659, 'ROQUE RODRIGUEZ SEGUNDO ELIAS', 29675, 1),
(29660, 'MENDOZA SANDOVAL SANTOS FRANCISCA', 29676, 1),
(29661, 'CULQUE ANTICONA MARIA FERNANDA', 29677, 1),
(29662, 'BACA SANCHEZ OSCAR MILTON', 29678, 1),
(29663, 'CUEVA HERRERA LUCCAS ENRIQUE', 29679, 1),
(29664, 'HUAMAN CORONADO VICTOR ANDRES', 29680, 1),
(29665, 'FERNANDEZ TORRES ALEXIS MANUEL', 29681, 1),
(29666, 'PAREDES SANCHEZ LEONIDAS ESTTIBEN', 29682, 1),
(29667, 'RODRIGUEZ ZAVALETA DANIXA JASMIN', 29683, 1),
(29668, 'HERNANDEZ LLANOS JOSE JULIO GABRIEL', 29684, 1),
(29669, 'TIRADO ALBITRES MIGUEL ENRIQUE', 29685, 1),
(29670, 'HERNANDEZ HUAMAN WILLY ALDAIR', 29686, 1),
(29671, 'LOPEZ NAVEZ ALBA CAMILE', 29687, 1),
(29672, 'NUREÑA CASTILLO KAROL YAMELI', 29688, 1),
(29673, 'GRANDEZ VELASQUEZ GUIANELLA MAKENSY', 29689, 1),
(29674, 'PEREA ALVA AUREA LYZ', 29690, 1),
(29675, 'MOSTACERO JIMENEZ KARLA JACKELINE', 29691, 1),
(29676, 'DIAZ RUBIRA ANDREA FERNANDA', 29692, 1),
(29677, 'VASQUEZ AGUIRRE CARLOS ALEXANDER', 29693, 1),
(29678, 'TORRES ALDAVE NAHOMI OSMARI BELHEN', 29694, 1),
(29679, 'LEON ASCATE EDUARDO YAIR SEBASTIAN', 29695, 1),
(29680, 'RUIZ DE LA CRUZ STACY ALISSON', 29696, 1),
(29681, 'CHAVEZ VILLARREAL GERALDINE LISSET', 29697, 1),
(29682, 'HUAMAN MERCADO VIOLETA DEL RUBI', 29698, 1),
(29683, 'NUÑEZ LLAJARUNA BRIGITTE ANGELINE', 29699, 1),
(29684, 'CORTIJO RUIZ ANGELO SEGUNDO', 29700, 1),
(29685, 'RUIZ VERA ERIKA ELIZABETH', 29701, 1),
(29686, 'AREVALO LLAPAPASCA CRISTHIAN DANIEL', 29702, 1),
(29687, 'GUTIERREZ PAREDES FATIMA LIZBETH', 29703, 1),
(29688, 'MOSQUERA PERALTA ROSITA DEL MILAGRO', 29704, 1),
(29689, 'BELTRAN RODRIGUEZ JUANY STEPHANY', 29705, 1),
(29690, 'CULQUITANTE ANTICONA DENIS SMITH', 29706, 1),
(29691, 'ANGEL JARA MARIA TERESA', 29707, 1),
(29692, 'VALDERRAMA ESPINOLA RUTH CAMILA', 29708, 1),
(29693, 'TUESTA REYNA KARYN MARIA', 29709, 1),
(29694, 'GARGUREVICH NUÑEZ THEO IBAR', 29710, 1),
(29695, 'SEGURA SILVESTRE ELVIRA DAYANNE', 29711, 1),
(29696, 'SALAZAR REYES GLORIA ESTHER', 29712, 1),
(29697, 'DE LA CRUZ BARRUETO MARIESTHER DE LOS AN', 29713, 1),
(29698, 'VASQUEZ CABRERA FLOR DE MARIA', 29714, 1),
(29699, 'BALLENA GONZALES JACKELINE BEL', 29715, 1),
(29700, 'MARQUEZ DAMIAN NAYELY MARIEL', 29716, 1),
(29701, 'SUAREZ MURILLO DAIRA MARYFE', 29717, 1),
(29702, 'ESPINOZA VITAL LUZ MARIA DE FATIMA', 29718, 1),
(29703, 'QUISPE GOMEZ KATHERINE ESTER', 29719, 1),
(29704, 'NIETO VEGA KATE ALICIA', 29720, 1),
(29705, 'CHOLAN HUATAY LESLY MARIBEL', 29721, 1),
(29706, 'GONZALES MAVILA ALEXIS PAVEL', 29722, 1),
(29707, 'MORAN JULCA JACKELIN YANIRA', 29723, 1),
(29708, 'MARKY ZEGARRA EVELY JANELLY', 29724, 1),
(29709, 'DEZA VILELA JOSUE JONATAN', 29725, 1),
(29710, 'LUJAN ROJAS ALEXIA CRISTINA', 29726, 1),
(29711, 'ANGULO ESPINO NIKOLLE STEPHANY', 29727, 1),
(29712, 'ZUÑIGA CIEZA MARCIA JAHAIRA', 29728, 1),
(29713, 'GAMBOA ALFARO ROMINA MILI', 29729, 1),
(29714, 'CANCINO PRETEL YADHIRA CANCINO', 29730, 1),
(29715, 'RODRIGUEZ CISNEROS JHOSELYN PAMELA', 29731, 1),
(29716, 'RIOS JULCA JENNYFER ARIANA', 29732, 1),
(29717, 'SOLANO RODRÌGUEZ KARLA MARÌA VICTORIA', 29733, 1),
(29718, 'ROMERO ROJAS LESLIE ISABELINA', 29734, 1),
(29719, 'MOSTACERO BLAS CARLOS JONATHAN', 29735, 1),
(29720, 'LEYVA GONZALES LORENA LIZETH', 29736, 1),
(29721, 'CAMPERO MURGA SANDRA SUSANA', 29737, 1),
(29722, 'VASQUEZ MATUTE VALERIA ISABEL', 29738, 1),
(29723, 'SANCHEZ OLIVA NOHELY ALEXANDRA', 29739, 1),
(29724, 'GASTELO MERINO NAYELLI DARIANA', 29740, 1),
(29725, 'PEREZ YRIGOIN ALEXANDRA NICOLE', 29741, 1),
(29726, 'RAMÍREZ SAAVEDRA ANDREA MABEL', 29742, 1),
(29727, 'LEON GALVEZ KAREN JOHANA', 29743, 1),
(29728, 'SAAVEDRA ZAMORA CARLA PATRICIA', 29744, 1),
(29729, 'BRICEÑO GONZALES KATHERINE NICOL', 29745, 1),
(29730, 'CASTILLO SANCHEZ JHOYSY SULEYKA', 29746, 1),
(29731, 'TERRONES BALTODANO MERCEDES ANILU', 29747, 1),
(29732, 'HILARIO ROJAS AMPARITO ELIZABETH', 29748, 1),
(29733, 'DE LA CRUZ TERRONES QUITERIA YESSADORA', 29749, 1),
(29734, 'TORRES VARAS PAULA FABIANA', 29750, 1),
(29735, 'ZAPATA GUEVARA LESLI KATERINE', 29751, 1),
(29736, 'AGUILAR RIVEROS DINA LIZBETH', 29752, 1),
(29737, 'QUIÑONES RIOS MARIA FERNANDA', 29753, 1),
(29738, 'CARRION VEGA ARLETH NOELIA', 29754, 1),
(29739, 'FLORENTINO MENDOZA MARIA ROSA DE LOS ANG', 29755, 1),
(29740, 'GARCIA HUACCHILLO FLAVIA RUBI', 29756, 1),
(29741, 'DÍAZ MUÑOZ NAYELI BRIGHIT', 29757, 1),
(29742, 'HUERTA ARTEAGA JESSICA NICOLLE', 29758, 1),
(29743, 'CRUZ GUTIERREZ ANTONELLA SARAI', 29759, 1),
(29744, 'RODRIGUEZ VERGARAY MAYLEN VIVIANA', 29760, 1),
(29745, 'ALVARADO AMAYA JESUS MARINA', 29761, 1),
(29746, 'VIDAL VARAS SANTOS MELITA', 29762, 1),
(29747, 'CORTEZ VERA MARIA EMILIA DEL MILAGRO', 29763, 1),
(29748, 'DÍAZ CARRANZA ITATI EVA NAHIARA', 29764, 1),
(29749, 'VILLARREAL MALDONADO DIEGO JULINHO', 29765, 1),
(29750, 'CARRANZA CARRANZA FIORELLA ALEXANDRA', 29766, 1),
(29751, 'HARO AVALOS ESTHEFANY MELISSA', 29767, 1),
(29752, 'SEVILLANO BERNABE KAREN ROSA', 29768, 1),
(29753, 'RODRIGUEZ DIAZ ARIANA JULIET', 29769, 1),
(29754, 'CESPEDES PEREZ XIOMARA IBETH', 29770, 1),
(29755, 'VASQUEZ MARQUINA VICTOR HUSSID', 29771, 1),
(29756, 'CRUZ DOMINGUEZ ANA ELIZABETH', 29772, 1),
(29757, 'RODRIGUEZ ALFARO YADHIRA DAYELI', 29773, 1),
(29758, 'VASQUEZ VASQUEZ JOANA NICOL', 29774, 1),
(29759, 'ROSALES SANCHEZ TALITA MISHELL', 29775, 1),
(29760, 'IMAMURA URIOL AIRI SILVANA', 29776, 1),
(29761, 'HILARIO SULLON ESTELA BRISETH', 29777, 1),
(29762, 'MEZA RUIZ EVELYN MARGARITA', 29778, 1),
(29763, 'DIAZ CARRIL ADRIANA LUCIA MARICE', 29779, 1),
(29764, 'FERNANDEZ CENTENO JOSELYN MADELEYNE', 29780, 1),
(29765, 'VALENTIN CASTAÑEDA SHIRLEY ESTEFANY', 29781, 1),
(29766, 'GONZALES ALONZO NICOLE ESTEPHANIE', 29782, 1),
(29767, 'MALCA DIAZ YULISSA JEMIMA', 29783, 1),
(29768, 'SANCHEZ IPANAQUE MILAGROS ELIZABETH', 29784, 1),
(29769, 'CALLIRGOS REYNA LEIDY KARINA', 29785, 1),
(29770, 'RODRIGUEZ MIÑANO PAMELA MERCEDES', 29786, 1),
(29771, 'MURILLO RODRIGUEZ ALHELI VALENTINA', 29787, 1),
(29772, 'ORTIZ PINEDO JASEIDI DAMARIS', 29788, 1),
(29773, 'RAMIREZ INFANTES HEYLI JOSSELI', 29789, 1),
(29774, 'FLORES ZAPATA CLAUDIA MILAGROS', 29790, 1),
(29775, 'QUESQUEN RAMOS MARICIELO MYSURY', 29791, 1),
(29776, 'GONZALES CARRANZA ANDREA XIOMARA', 29792, 1),
(29777, 'TRUJILLO DOMINGUEZ NAOMY ALESSANDRA', 29793, 1),
(29778, 'ALCALDE FLORES CIELO ABIGAIL', 29794, 1),
(29779, 'CABANILAS LUJAN FIORELLA MERCEDES', 29795, 1),
(29780, 'MONZON FERNANDEZ LESLIE LISBETH', 29796, 1),
(29781, 'VARILLAS VASQUEZ MARINA', 29797, 1),
(29782, 'RAMOS GUARNIZ ITHALA MARIEL', 29798, 1),
(29783, 'ARCE GUTIERREZ ANGELICA MARIA', 29799, 1),
(29784, 'GUTIÉRREZ RODRÍGUEZ DAYANNA JESUS', 29800, 1),
(29785, 'AGUILAR ALVAREZ CIELO YULEYSSY', 29801, 1),
(29786, 'TORRES RODRIGUEZ ALISON BELEN', 29802, 1),
(29787, 'CHACON POLO KATHERIN JOSELY', 29803, 1),
(29788, 'RUIZ CORONEL FIORELLA OLENKA', 29804, 1),
(29789, 'HUANES CARRANZA MARICIELO NICOLE', 29805, 1),
(29790, 'VASQUEZ SILVA LESLY ANTUANETH', 29806, 1),
(29791, 'RODRIGUEZ LLICAN CAMILA MARIAFERNANDA', 29807, 1),
(29792, 'CASQUIN ZAMORA ELISA ANTHUANE', 29808, 1),
(29793, 'RODRIGUEZ VILLARREAL ARLETH KRISTELL', 29809, 1),
(29794, 'SIMON HURTADO CLAUDIA BRENDA', 29810, 1),
(29795, 'SERIN ESPEJO JUNIOR HERNANDO', 29811, 1),
(29796, 'VERA MENDOZA ANDERSON YONEL', 29812, 1),
(29797, 'LAZARO NOVOA LIZBETH JULISSA', 29813, 1),
(29798, 'CADENILLAS HUANCA JAZMIN LUCERO', 29814, 1),
(29799, 'ROBLES RUIZ ROSITA JULISSA', 29815, 1),
(29800, 'CERNA CORONEL GENESIS  KEILA', 29816, 1),
(29801, 'JARA TORRES DANITZA YOMAIRA', 29817, 1),
(29802, 'QUEZADA CASPITO JESLYN YAMILE', 29818, 1),
(29803, 'VARGAS QUEZADA ANGIE CAROLINE', 29819, 1),
(29804, 'ESPINOZA COBA JHOSELYN BRIYITH', 29820, 1),
(29805, 'JACOBO AREDO TREYSI JHADYRA', 29821, 1),
(29806, 'OLIVARES BUSTAMANTE KAREN PAMELA', 29822, 1),
(29807, 'MELENDEZ PEREZ SANTOS ADELAYDA', 29823, 1),
(29808, 'SANTA MARIA ALARCON ANJHIE FIORELLA', 29824, 1);

-- --------------------------------------------------------

--
-- Estructura de tabla para la tabla `analisis_examen`
--

CREATE TABLE `analisis_examen` (
  `codAnalisis` int(11) NOT NULL,
  `tasaIrregularidad` float DEFAULT NULL,
  `codExamen` int(11) NOT NULL,
  `tasaGI` float DEFAULT NULL,
  `tasaGP` float DEFAULT NULL,
  `tasaPE` float DEFAULT NULL
) ENGINE=InnoDB DEFAULT CHARSET=utf8mb4;

--
-- Volcado de datos para la tabla `analisis_examen`
--

INSERT INTO `analisis_examen` (`codAnalisis`, `tasaIrregularidad`, `codExamen`, `tasaGI`, `tasaGP`, `tasaPE`) VALUES
(91, 0.0812183, 1, 0, 0.406091, 0),
(92, 0.104636, 2, 0, 0.423841, 0.0662252);

-- --------------------------------------------------------

--
-- Estructura de tabla para la tabla `area`
--

CREATE TABLE `area` (
  `codArea` int(11) NOT NULL,
  `descripcion` varchar(200) NOT NULL,
  `area` varchar(2) NOT NULL
) ENGINE=InnoDB DEFAULT CHARSET=utf8mb4;

--
-- Volcado de datos para la tabla `area`
--

INSERT INTO `area` (`codArea`, `descripcion`, `area`) VALUES
(1, 'CIENCIAS DE LA VIDA Y DE LA SALUD', 'A'),
(2, 'CIENCIAS BÁSICAS Y TECNOLÓGICAS', 'B'),
(3, 'CIENCIAS DE LA PERSONA', 'C'),
(4, 'CIENCIAS ECONÓMICAS', 'D');

-- --------------------------------------------------------

--
-- Estructura de tabla para la tabla `carrera`
--

CREATE TABLE `carrera` (
  `codCarrera` int(11) NOT NULL,
  `nombre` varchar(200) NOT NULL,
  `codAreaActual` char(1) NOT NULL,
  `codFacultad` int(11) NOT NULL,
  `abreviacionMayus` varchar(50) NOT NULL
) ENGINE=InnoDB DEFAULT CHARSET=utf8mb4;

--
-- Volcado de datos para la tabla `carrera`
--

INSERT INTO `carrera` (`codCarrera`, `nombre`, `codAreaActual`, `codFacultad`, `abreviacionMayus`) VALUES
(1, 'Ingenieria de Sistemas', '2', 7, 'IS'),
(2, 'Ciencias Biológicas', '1', 1, 'CCAS.BIOLOGICAS'),
(3, 'Enfermería', '1', 1, 'ENFERMERIA'),
(4, 'Farmacia y Bioquímica', '1', 1, 'FARMACIA y BBQQ.'),
(7, 'Medicina', '1', 1, 'MEDICINA'),
(8, 'Microbiología y Parasitologia', '1', 1, 'MICROBIOL.y PARAS.'),
(9, 'Estomatología', '1', 1, 'ESTOMATOLOGIA'),
(10, 'Biología pesquera', '1', 1, 'BIOLOGIA PESQUERA');

-- --------------------------------------------------------

--
-- Estructura de tabla para la tabla `carrera_examen`
--

CREATE TABLE `carrera_examen` (
  `codCarreraExamen` int(11) NOT NULL,
  `cantidadVacantes` int(11) NOT NULL,
  `codExamen` int(11) NOT NULL,
  `codCarrera` int(11) NOT NULL,
  `puntajeMinimoPostulante` float NOT NULL,
  `puntajeMaximoPostulante` float NOT NULL,
  `puntajeMinimoPermitido` float NOT NULL
) ENGINE=InnoDB DEFAULT CHARSET=utf8mb4;

--
-- Volcado de datos para la tabla `carrera_examen`
--

INSERT INTO `carrera_examen` (`codCarreraExamen`, `cantidadVacantes`, `codExamen`, `codCarrera`, `puntajeMinimoPostulante`, `puntajeMaximoPostulante`, `puntajeMinimoPermitido`) VALUES
(21, 31, 1, 2, 73.326, 172.18, 72.933),
(22, 22, 1, 3, 108.961, 205.791, 72.904),
(23, 31, 2, 2, 73.326, 172.18, 72.933),
(24, 22, 2, 3, 108.961, 205.791, 72.904);

-- --------------------------------------------------------

--
-- Estructura de tabla para la tabla `condicion_postulacion`
--

CREATE TABLE `condicion_postulacion` (
  `codCondicion` int(11) NOT NULL,
  `nombre` varchar(50) NOT NULL
) ENGINE=InnoDB DEFAULT CHARSET=utf8mb4;

--
-- Volcado de datos para la tabla `condicion_postulacion`
--

INSERT INTO `condicion_postulacion` (`codCondicion`, `nombre`) VALUES
(1, 'INGRESA'),
(2, 'ING. 2-OPC'),
(3, 'NO INGRESA'),
(4, 'AUSENTE');

-- --------------------------------------------------------

--
-- Estructura de tabla para la tabla `estado_examen`
--

CREATE TABLE `estado_examen` (
  `codEstado` int(11) NOT NULL,
  `descripcion` varchar(50) NOT NULL
) ENGINE=InnoDB DEFAULT CHARSET=utf8mb4;

--
-- Volcado de datos para la tabla `estado_examen`
--

INSERT INTO `estado_examen` (`codEstado`, `descripcion`) VALUES
(1, 'Creado'),
(3, 'Procesando'),
(4, 'Aprobado'),
(5, 'Cancelado'),
(6, 'Analizado'),
(7, 'Datos Insertados'),
(8, 'Archivos Cargados'),
(9, 'Archivos Preparados');

-- --------------------------------------------------------

--
-- Estructura de tabla para la tabla `examen`
--

CREATE TABLE `examen` (
  `codExamen` int(11) NOT NULL,
  `año` int(11) NOT NULL,
  `fechaRendicion` date NOT NULL,
  `nroVacantes` int(11) DEFAULT NULL,
  `nroPostulantes` int(11) DEFAULT NULL,
  `asistentes` int(11) DEFAULT NULL,
  `ausentes` int(11) DEFAULT NULL,
  `codModalidad` int(11) NOT NULL,
  `codSede` int(11) NOT NULL,
  `codEstado` int(11) NOT NULL,
  `valoracionPositivaCON` float NOT NULL,
  `valoracionPositivaAPT` float NOT NULL,
  `valoracionNegativaCON` float NOT NULL,
  `valoracionNegativaAPT` float NOT NULL,
  `periodo` varchar(20) DEFAULT NULL,
  `codArea` int(11) NOT NULL
) ENGINE=InnoDB DEFAULT CHARSET=utf8mb4;

--
-- Volcado de datos para la tabla `examen`
--

INSERT INTO `examen` (`codExamen`, `año`, `fechaRendicion`, `nroVacantes`, `nroPostulantes`, `asistentes`, `ausentes`, `codModalidad`, `codSede`, `codEstado`, `valoracionPositivaCON`, `valoracionPositivaAPT`, `valoracionNegativaCON`, `valoracionNegativaAPT`, `periodo`, `codArea`) VALUES
(1, 2021, '2021-01-28', 53, 197, 197, 0, 1, 1, 6, 4.079, 4.07, -1.021, -1.019, '2021-I', 2),
(2, 2021, '2021-07-28', 53, 151, 151, 0, 1, 1, 6, 4.079, 4.07, -1.021, -1.019, '2021-II', 2);

-- --------------------------------------------------------

--
-- Estructura de tabla para la tabla `examen_postulante`
--

CREATE TABLE `examen_postulante` (
  `codExamenPostulante` int(11) NOT NULL,
  `orden` int(11) NOT NULL,
  `nroCarnet` varchar(10) NOT NULL,
  `codActor` int(11) NOT NULL,
  `puntajeAPT` float NOT NULL,
  `puntajeCON` float NOT NULL,
  `puntajeTotal` float NOT NULL,
  `puntajeMinimoPermitido` float NOT NULL,
  `codCarrera` int(11) NOT NULL,
  `codCondicion` int(11) NOT NULL,
  `respuestasJSON` varchar(1000) NOT NULL,
  `codExamen` int(11) NOT NULL,
  `nroCorrectas` int(11) NOT NULL,
  `nroIncorrectas` int(11) NOT NULL
) ENGINE=InnoDB DEFAULT CHARSET=utf8mb4;

--
-- Volcado de datos para la tabla `examen_postulante`
--

INSERT INTO `examen_postulante` (`codExamenPostulante`, `orden`, `nroCarnet`, `codActor`, `puntajeAPT`, `puntajeCON`, `puntajeTotal`, `puntajeMinimoPermitido`, `codCarrera`, `codCondicion`, `respuestasJSON`, `codExamen`, `nroCorrectas`, `nroIncorrectas`) VALUES
(31417, 1, '013814', 29612, 67.152, 105.028, 172.18, 72.933, 2, 1, ' ABBBBXBXBCBXBXBBBXXABABXBXXXBXXXXXEXBXXCXXBXBBBXXBXXBBEXBXBXXBXBCXBBXBBBXBXXBXBBBXXBBXXXBBXXXCXXXXBX', 1, 44, 7),
(31418, 2, '009161', 29613, 49.847, 93.792, 143.639, 72.933, 2, 1, ' ABXXBBAXXAXXBBEEBDBCDBXXBBBXBCCDXBXDXBXDBBBXCXABDDBCXXXBXBXXDBBDEXBXEXCBABBBXBBBBBAACAXXBXBXBXDBXBBD', 1, 42, 27),
(31419, 3, '017841', 29614, 55.955, 73.407, 129.362, 72.933, 2, 1, ' AXBEBEABBXBBXBBBXDXXBBXBBBXXXCXXAXXBBBBBXBEDXCXAXBXXXEAXXXXXXXBBXBXDXBBXXCXXXXBXXBXDBXABBXXBBXEBXXBX', 1, 36, 17),
(31420, 4, '030871', 29615, 83.432, 43.838, 127.27, 72.933, 2, 1, ' XBXBXBBXBXBBBCBBBBXABABBBXBBBBAXXXXAXCBBDBBXXBXXXXBXXXXXXXBXXXXXXXXXXEXXBDXXXXXXXXXDXXBBEXXAXXBXBXBX', 1, 34, 11),
(31421, 5, '027263', 29616, 65.114, 53.017, 118.131, 72.933, 2, 1, ' ABBXXBBBXAXXXXBBBBAABCBCBXXBABXDABDBBBXXXBXBXXXXCBXXXXXXXXXXDXXXXXXXBXXXXXXBXCBBBXBXXBDXXXXXXXAXXBXX', 1, 32, 12),
(31422, 6, '024097', 29617, 63.076, 53.012, 116.088, 72.933, 2, 1, ' ABBXXBBDXEEXBBBBEDBABXEBBBXBXBXABXDBXXBBBXXXXXECXEXXBEEBDBXBXXDBXXXXXXXXXXXXXXXXXXBXBXBBXEBDXXBXXAXX', 1, 33, 18),
(31423, 7, '047438', 29618, 45.783, 69.333, 115.116, 72.933, 2, 1, ' ABBXEBBBBXXBXEXXXBDAXXBXXXXXXBXBXBXXXXXABXXXBBBAXXAXXABXXXXXBXXBBXXXBXXXXBEBEXXBBBXCXXXAXXXXBBXXXBXX', 1, 31, 11),
(31424, 8, '023827', 29619, 80.381, 34.659, 115.04, 72.933, 2, 1, ' ABBXBXXXBABBBEBXBBBXBXBBBBXBBXDBXXXXXXXXXBBXXXBEXEXXXXXXXBXXDXCXXXXXXXCXXXXDCXXBACXXXXXBBXXBXBXXXXXD', 1, 31, 11),
(31425, 9, '052793', 29620, 47.809, 66.28, 114.089, 72.933, 2, 1, ' ABABBBDBCEBBXXBXDADXXABBBABXXBXBXXXXBXXXBEBXBBXXXXBXXXXBXBXXBXXXXXXXBXXXXXXBXXBXXBXBCXXXXXBAXXXXXXBX', 1, 31, 12),
(31426, 10, '030509', 29621, 45.777, 68.307, 114.084, 72.933, 2, 1, ' XBBAXABXXABXBECXXXBBXBXBABEBBBXBXXCXXXXCXBXXXBXXBXBXXXBCBDXXXBBXDXBXBXDXXXBXCDBDEBABXXBXXXXBCXBBBXCX', 1, 33, 20),
(31427, 11, '048263', 29622, 59, 53.012, 112.012, 72.933, 2, 1, ' ABBCBEXCBACBABBEABXAABBBBCBCBXXXXXXXEXCXBXBCXXAXXXBXXXXBBBCXBXAAEDXDBXXXXXXXXXBAXXBBDXXXXXBXXXXBBBBX', 1, 33, 22),
(31428, 12, '047925', 29623, 66.127, 41.806, 107.933, 72.933, 2, 1, ' ABXBBAXBEABBBBBBBXXEBBXEBBBDCAXXXXXXXBXXXXXXXEXBXBXXEXXBBXXXXBCXXXXXXXXXXXXBXXXXXBBXXXBXXXXXXXXBXXXX', 1, 29, 10),
(31429, 13, '029839', 29624, 56.974, 47.927, 104.901, 72.933, 2, 1, ' XBBABXXBBXBBBXXXDXXEBXXBBBCBBBXXXXXXXBXXXXXXXXXXXBDXBBBXXBXXXBXXXXXXXXXXXXXXBBXXXXXXXXXXXXXXBXBXXXBX', 1, 27, 5),
(31430, 14, '018245', 29625, 35.587, 66.23, 101.817, 72.933, 2, 1, ' EBEEBBBBBDBBDBEBAAAADEBEEEBAAEDADABEABBDEEBBAADDBABABABCEDDEDBEEDCDEBBABDBBABBBDBDBBEDCBCABBECCBBAED', 1, 40, 60),
(31431, 15, '019283', 29626, 54.936, 46.881, 101.817, 72.933, 2, 1, ' XXDBECXBBXBBBXXBXCAACBBBXBBBXBXDBBCXEXBXXBXACXXXXBXXBEACBDADBBCEXEXBXXXBXAXXCBBXBCBXXAXBEXADXXXBXXXC', 1, 32, 28),
(31432, 16, '038761', 29627, 49.847, 50.965, 100.812, 72.933, 2, 1, ' ABEEXXBBBXXBAAXBXBBCABXXDBXBBBXBAEXXXBXXBXAXBXXXXCCBBXAEXEABXXXDAXXBDXBXXXEEBEXXXXXBDBXBXBXXBBXEXABX', 1, 31, 25),
(31433, 17, '039006', 29628, 53.923, 45.885, 99.808, 72.933, 2, 1, ' AXXBXBBBXXBBABXBXBXAXEXXBBXCBXXXDXXXXXCXXXBXXXXXBXXEBXXXXXXBXXXXXXXXBXXXXXBXXXXXBXXBXBXXXXXXXXBXXXBD', 1, 26, 6),
(31434, 18, '004849', 29629, 48.828, 50.975, 99.803, 72.933, 2, 1, ' XBBBBCEXBAAXBDXBBXDAABBBBEXXAXXXXAXXAXXBXXXBXXBXXXXBXXXDEEXXBXXXXDXXXBXBCBCXXXXBDBBXBXXXXXXBXBBXXEXX', 1, 29, 18),
(31435, 19, '001432', 29630, 64.095, 31.611, 95.706, 72.933, 2, 1, ' AABXBXBEXBBBBBBDBEBABXBXXXBBBXXXXXXXXXXXXXXXXXXXXBBXXXXXXXXXXEXXXXXBXXXXXBBXXXXXXXXXXXBXXXXXBXXXXXBX', 1, 25, 6),
(31436, 20, '032447', 29631, 30.516, 64.233, 94.749, 72.933, 2, 1, ' XXXBBCAEDXXBABXXBBXXBBDXBXXXXXXXEXXBBXXXXXXBBAXXBBXXCXXXXXXBBBXBXXADXAXXBCDDXXBBXXXBBXXXXXXXBBXXXBXX', 1, 27, 15),
(31437, 21, '015074', 29632, 60.025, 34.654, 94.679, 72.933, 2, 1, ' AXXBXXXCBAEDCBBBXBBAXBBBBBXBAXBXEXXEBXAXBDXBXBXXXCEBXXXXXDDXXXXXXXXCBEDXABXXBXXXXXXXCXXBXXXEXXXXBBXX', 1, 28, 19),
(31438, 22, '022813', 29633, 46.796, 35.68, 82.476, 72.933, 2, 1, ' XXBDXXBXXABBBCDBBXXXDBXBCBBDBXXXXXXXXXXBBBXBXXXXEXXXBXBDEXXXEXXXXXBXXXXXXXXXXXDBDCXXDXXXXXBXDBXXXXBX', 1, 24, 15),
(31439, 23, '027426', 29634, 40.688, 39.759, 80.447, 72.933, 2, 1, ' CBXBBBXXDABDCBAXXBDCBABBBXXXXXXXXXBBXXXDXDXXXEDXBBXXXXEBXXXBBXXBEXXXXBXXXXXXXXDXXXBXXAXXXXAXXXXBXBXX', 1, 24, 17),
(31440, 24, '002779', 29635, 29.491, 49.939, 79.43, 72.933, 2, 1, ' XEECEXEBXXEBXABXBBBXBEBEDDBXXBXBEXXXDBBXCDXBBXXXBXCDABBXBXEXXEBBXABCXBCXBXBBXDXBXXXCDXXAAXXDXAXEDBAC', 1, 28, 34),
(31441, 25, '030774', 29636, 46.802, 31.606, 78.408, 72.933, 2, 1, ' AXBBCBXXBABXXXXXXXXXBBXDXBXBBXXXXXXXXXXXXXXXXXXBXXXXXCXXXXXEXEXXBXXXBBXBXXXXXXXAXXXXXXXXXBXBXXDXXXBD', 1, 21, 7),
(31442, 26, '050514', 29637, 42.72, 35.675, 78.395, 72.933, 2, 1, ' AXXCBBXDAXECDBXBBBBDBBEXACBXBBXXXXXXXDXXAXABXXXBCXCXBXDXBBBXBXXXXAEXXBXDXXXBBXAXXXXCXXXXXBCXXXXXAXBX', 1, 25, 23),
(31443, 27, '036889', 29638, 49.847, 26.511, 76.358, 72.933, 2, 1, ' XCXXXBBXBABBADCXBXBABBAXXBADBBXXAXXXXXXXXXXBXXXBXXXXXXXXBXXXXXXXXXXXXXEXXXXXXBXXBXXXXBXXXXXXXXXXBXXX', 1, 21, 9),
(31444, 28, '041484', 29639, 44.752, 31.601, 76.353, 72.933, 2, 1, ' ACBBBCBXBXXBBBBCBCEEDDXCCCBCBBXXXXBXXXXCXBXXXDEXXXXXBEXXXXXXXXXXXXXAXXXBXXXXBXDXXBXXBDBXAXBXXXXDXXXD', 1, 24, 21),
(31445, 29, '039014', 29640, 47.815, 27.527, 75.342, 72.933, 2, 1, ' ABXBXXXBBXBDXXXBBXBABXCBXEBXEEXXXXXCXXXXXXXXXXDXXXXXXXXBXXBXXCXXBXBXXXXXXXXBXDBXXAXBXXXXXXXXXXXBXXXX', 1, 21, 10),
(31446, 30, '027922', 29641, 36.618, 37.712, 74.33, 72.933, 2, 1, ' AAXXBBCBBABBXCXXBXDABXXAXDCXXDAXAXBXBDXAXXXBXXEXXXXXXXEXXCCECXXXXDXXBBXBABXXAXXXXBXBBXXXXXBCBXAXXXBX', 1, 24, 23),
(31447, 31, '030183', 29642, 33.567, 39.759, 73.326, 72.933, 2, 1, ' CBXBXXBBDXCBXXBXXXDXXXCBBBBDCXXXXXXBXDBXXXXAXXDXXXBAAXXBEXBXXBXXXXBXDXXXXXXXXXXXXBXXXAXXXXBBAXBXXXBX', 1, 22, 16),
(31448, 32, '001925', 29643, 37.637, 31.596, 69.233, 72.933, 2, 2, ' CXABBXBXAADXXBXBXCXXDBBXBBXXBEBXXECDXEBXBAXXBDBXBXXXXXBXXXXXXEXXXBXXXXXXXXXDXXACXBXXEXXXXXXBAXAXXBXX', 1, 22, 20),
(31449, 33, '038145', 29644, 44.758, 23.448, 68.206, 72.933, 2, 3, ' EAEXBEXBXDBBXXXXBDBXBABDBXBBBBXXDXXXXXCXXBXXXBXXXXXXBXXXXXXXXXXEXXXXXAXXXXBXXXXXXXXXXXXBXXXBEXXXXXXD', 1, 20, 13),
(31450, 34, '002232', 29645, 34.586, 32.627, 67.213, 72.933, 2, 3, ' AEBAXXBXAAXBXXDBBXXBXBBXXXCBXXXXBBDXXXXBXXXXXXXXXCXXXXXXXXXXXXBXXBXXXBBXXXXXXXXXDXXXXBXXXXBXXXXXXXXE', 1, 19, 10),
(31451, 35, '049315', 29646, 30.522, 35.685, 66.207, 72.933, 2, 3, ' XXBXXXBXXXBBCBXXXXXEXXXBBXXBXXXDBXXBBXBXXXXXXXXXXXXBXXXXBXXXBXXXXXXXXXXXXXDXXEXBXEXXXBXXXXXEXBXXXXXX', 1, 18, 7),
(31452, 36, '039941', 29647, 33.573, 31.606, 65.179, 72.933, 2, 2, ' XXBBCBBXXXBBBXXXXXXXCXXXXCXBBXXXBXXXXBXXXXXXXXXXXXXCDXXXXAXXBBXXXBXXXXXXXBXXXXXBXXBXXXXXABXXXXXCXXXX', 1, 18, 8),
(31453, 37, '027094', 29648, 29.497, 35.68, 65.177, 72.933, 2, 3, ' DEBBBXXXXACDXBXXXCBXXBXXEEBBXXXAXXXXXXXXXXXXXBXXXXXXXCEDXXABBBXXXBXXCXXXXXEBXXEXXXXXXXXXXAXBBXXXXBBD', 1, 20, 16),
(31454, 38, '029244', 29649, 24.396, 40.745, 65.141, 72.933, 2, 3, ' DEBBABECBBABDBDBDXDXCXXCBDEBBCBECCCXECEBXAAXCBABABBBBEEBXCXBXXEXBCXDEBXBEACBDDXXCXCECCABBABXDBEAAXDD', 1, 29, 52),
(31455, 39, '028248', 29650, 40.688, 24.449, 65.137, 72.933, 2, 3, ' DBXBXBBXBCBXXBBDDBBAACXXXAAXXBBXBXXXXEXXBXBXXXXAEXXCEBDXXXBEBXXBXDXXXACCXXXDBEXXBXDCEBXXXXXACXXXXEEX', 1, 23, 28),
(31456, 40, '010508', 29651, 31.529, 32.607, 64.136, 72.933, 2, 2, ' XXBXXDEBAABBBBDXBXAEXABBEXXXXEXXBXXDEEXXBEXXDXEEXXXABBXXXXEBXBXXXBXXXXDXXDEXXCBDXAAEXXXXDBXCBBBDBXXX', 1, 23, 29),
(31457, 41, '028553', 29652, 21.345, 37.672, 59.017, 72.933, 2, 3, ' BBXXBXCDXBBXBBEBCBBXCBCECADACDDBBAADBDBBDBBEBCEDCCBBCCCBEDDXEDBDDDEEBCABABBBAEEBXBDACEAECCBCBCDDADDB', 1, 30, 62),
(31458, 42, '018262', 29653, 44.758, 14.224, 58.982, 72.933, 2, 2, ' ADBXBBABXXAEXXBBCCCABBXBXXBDXBBAABBCCXCAEXEBDCXCXEEXAXADABXABACBBCCBBBBEXCBCDDXACEADBDDEXXECDXCXXADA', 1, 27, 50),
(31459, 43, '040853', 29654, 41.713, 13.228, 54.941, 72.933, 2, 2, ' AXBBXXBXXXBXXCXXXBEABBCXXXBXBXXAXXXDXEXXBBXXXBXXXBXDXXXXEBXXBXEXDDBXXDXACAXDXDAEXAXAXBADDCXXXXXXBXXA', 1, 20, 26),
(31460, 44, '026726', 29655, 23.395, 30.58, 53.975, 72.933, 2, 3, ' AXXXCXXXXAXABXAXXDXDBXBXXBXBXXBXXXDXXXXXXXXBXDXBXBXXXXXEXBCCXEXXDXBXXBXXBXXXXXXXXXXBXXXXDXXXEXDXBXXX', 1, 17, 15),
(31461, 45, '041499', 29656, 29.497, 24.444, 53.941, 72.933, 2, 3, ' XXBBXDXBEXBBCXBXXABBXXXBXXDDBXXBEXXEXBBCBADEAXDBXXACXXXXDXAXXBBXXBXEXAXAXCXXABXBBXXXDXDDXEXEXXAXCXBX', 1, 21, 31),
(31462, 46, '029394', 29657, 32.542, 21.396, 53.938, 72.933, 2, 3, ' AXBCDBXXXAEACDEBBXBADBADEBDXXBXBXXXXXBAXXXXAXXXXDAXXXEXXXBXXXXXDDCEXXXXCXXXXEBDXXXXBCBXXXXXBEXBXDXXD', 1, 20, 27),
(31463, 47, '047357', 29658, 34.58, 19.349, 53.929, 72.933, 2, 3, ' XXADCXXBBXDBBDCXBACDXXBXBBBCBBBEDXBXAXXXXXABBXDBCBXXXXXXXXXXAXXABDXXXXXXXCXXBXXDXBBCADXEAXDXXDXDXEXE', 1, 21, 31),
(31464, 48, '050329', 29659, 26.446, 23.433, 49.879, 72.933, 2, 3, ' CXXBBXAXXAXXXXXXDEAXBBBBXEXXXBXXXXXXBXAACXXXXXCXXAEXXXXXBXBXXCBBXDXBXXXXDXXXEBAXBXCXXXXECAAXXXXBXBXB', 1, 18, 23),
(31465, 49, '028851', 29660, 33.567, 16.306, 49.873, 72.933, 2, 3, ' XBXBBBXXXAECBCXXXBBXEDDBXBDXXXXXBXXXXXXXXXXEXXXXXXXXXXXEXXEXXXXBXACXXCBXXXEXDXBXXXBXXXXXXXBXXXXXXXXX', 1, 16, 15),
(31466, 50, '045288', 29661, 30.516, 18.348, 48.864, 72.933, 2, 3, ' AXCXEXBBCDBBDBXXBBXXXXXXBAXXXXXXXXXXBXXXXXXXXXXXBXXXXXBXXXBXXXXXXXBXXXXXXAXXXBXXXXXXXAXXXXEXCXCAXXXX', 1, 15, 12),
(31467, 51, '031385', 29662, 29.497, 18.348, 47.845, 72.933, 2, 3, ' XAXXBBXCCAXXEBXXBXAABXXCAXXBBXXXXAXXXXXCXBXXXEAXXXXXXXXXXXXXXXXXXXXXXXXXXXXXBBXXXBXXXXXXXXXXXDXXDXBD', 1, 15, 13),
(31468, 52, '010992', 29663, 18.3, 28.543, 46.843, 72.933, 2, 3, ' ABBXXXBBXCEXXXXDEXAXAXCXABDXBDXXXXXXXXCXAXECXXBXXXXBBXXXXXXXXBXXBXBXXXXXXXXXDXXXXXXXXXBXXXXBXXAXBDXB', 1, 16, 18),
(31469, 53, '034541', 29664, 26.446, 20.38, 46.826, 72.933, 2, 3, ' ABXXEXBEBXBXBXXXXBBDXXAXXACXXXXXBBXXEXXXXXXXXXXBXXXXEXDXDBXXEXXCXCXXXXXXXXXXBBBXABXXXXXXXXCXXEXXAXCX', 1, 16, 18),
(31470, 54, '012922', 29665, 26.446, 19.364, 45.81, 72.933, 2, 3, ' EDDXXBXBXXBXBBBEBXXXXXXXAXEBXXXXXXEXXXXXCXXXXXXXXXXXXBADXXBXXXXXXBXXXDBXXXXXBXXBXXXXCXXXXEXXXXXXEXDD', 1, 15, 15),
(31471, 55, '032284', 29666, 34.58, 10.175, 44.755, 72.933, 2, 2, ' XXBXEBXABAXBBABXCXEXDCBBXAEBBEECXXXXBXDXXXXBDEXXXXXXEXXXXAXXXXBXXCXXXBXXXXXXXCXCXXXDBACXXAXEXBXBAEDX', 1, 18, 28),
(31472, 56, '020364', 29667, 21.363, 22.422, 43.785, 72.933, 2, 3, ' XXXXXXBXXXXXXXXXBBXXXXBAECXBXBBXXXBXXXXXXXXCBCXAXXXXXBXXBXXXXXXXXXXXXXXXXXXXEBXAXDAXXXXXXAABXEXXBXXX', 1, 14, 13),
(31473, 57, '012197', 29668, 26.44, 17.317, 43.757, 72.933, 2, 3, ' ACXXCXXAXCBXBEXBXBBADDDAXXXBCBXXXXBXDXEXXXCCXXXXXBAXXBAXXXXDXBEXXXXXBXBXAXXXBXXXCXADXXXXXXXEBXXAXXAX', 1, 17, 25),
(31474, 58, '040961', 29669, 26.452, 15.285, 41.737, 72.933, 2, 3, ' XXAXXXXXBXBBXXXBXBXEXBXBXXXXXXXCXXXXXXXXCXXXXXXXXXXXAXXXEBXXXDDXXXXXXXXXXXXDBXBXXXXXXXBXCXXXCXXBXBXX', 1, 13, 11),
(31475, 59, '043066', 29670, 25.427, 16.296, 41.723, 72.933, 2, 3, ' XXXXBXXDDABAXBXXXXCXXBEBXEDBBXXXXBXXAXXBXXXCXBXDCCXXXXEXXXXXBBXXBXDXXXXXXXBDAXBDXEXXXEXCXXXCXCCXXXXX', 1, 16, 23),
(31476, 60, '029599', 29671, 33.567, 8.148, 41.715, 72.933, 2, 2, ' DBBXAXXBXXBBDXXBBXAXDBCXXXXBDBXXXXXDXXXXXXXXBXAXXAXXCBXXXBXXXXXXXXXXXXXXXXXXXXXXXDXEEXXXXXBXXXXXDXXX', 1, 14, 15),
(31477, 61, '014175', 29672, 13.211, 24.464, 37.675, 72.933, 2, 3, ' CDXXEBBXXCXXEEXDDEXXEXXBEXBXBBXXXXXXXXXXXXXBXXEXXXXABBBBXXXXXXBXXAXXXXDXXXXBXBAXXXDXXXXXXXXXXXXXXEXC', 1, 14, 19),
(31478, 62, '007556', 29673, 33.567, -0.01, 33.557, 72.933, 2, 3, ' AXABBBXXDABBEXCBXBEDXXXXXBXXEXXEXXXXXXBXXXXXXXXAXXXXXXXDXXADXXXXXXXXXXXXXXXDXXXXXXXXXXXAXXXDXXXXXXXD', 1, 12, 15),
(31479, 63, '042883', 29674, 11.185, 21.401, 32.586, 72.933, 2, 3, ' XBXDXCABXXXXXXXXXXXABXAXXXXXCXXXBXXXXCBXXXXXEXXBXXBXXXXCBAXXXXXXXXAXCXXXXDXXEDXXXXAXXXXBXDXXXXXXXBBX', 1, 12, 16),
(31480, 64, '037578', 29675, 30.516, 2.012, 32.528, 72.933, 2, 3, ' AXBXXBXXXXXBXXXCXBXBCAXDBBBBCXBAEXXXXDXDCXDBXXEXXEXXDCXXXXXXDDAXXXXBXXXXXDXBCXAXAXXCAXXXXEXBXDAXXBXX', 1, 15, 28),
(31481, 65, '009389', 29676, 28.478, -0.02, 28.458, 72.933, 2, 3, ' XXXBXEXBXEBXEBXBABXXEBXEXXACBBCXXDXEXXXXXXXXXXXXXDBXXXXXEXXADXXXBDXXXXXADXEDXXBXXXBEDAXXXXAXXXXXXXXX', 1, 13, 24),
(31482, 66, '015812', 29677, 11.173, 14.264, 25.437, 72.933, 2, 3, ' EXBAXXXXAABXCXECDXDACXDECXBXDBXXXXXXXCEXXXXXXXBXXXXXXXXXXXBAXXXEXBXXXXXXXXCAXXXXXXCEXBBXXAXXXXXXBXDX', 1, 12, 23),
(31483, 67, '028527', 29678, 10.142, 10.13, 20.272, 72.933, 2, 3, ' CADCBBDBCACAEBEACECEAABBCCEAEBCBBBCECBEEADCDAECBCBDCCAABDBDCDBBDBBEECAABEBCAEDCECBDEDDECEDCECCABAEDB', 1, 24, 76),
(31484, 68, '042069', 29679, 6.084, 11.186, 17.27, 72.933, 2, 3, ' XCXBXCEABXBDCCXXXEXDCCXBXBDDXEBXAAXDXXBXXXCXXADDXCEXXXCDXXXAXEXEDBXXBXDXXCAXABXXBBCXXXCBCXDXXXADXXXD', 1, 14, 39),
(31485, 1, '053096', 29680, 81.394, 124.397, 205.791, 72.904, 3, 1, ' ABEEXBBBBAXBBBBXAABXBBBXBBBBBBBXXXXXXBBBBXXXCBBBEBAXXBEBXXBEBBACXBBBXXXBXBXBEBBBAXBBXBXBXXXAXBBBBBBX', 1, 54, 14),
(31486, 2, '045847', 29681, 88.515, 115.208, 203.723, 72.904, 3, 1, ' ABABBBCBBABBBBDXBEBAEBBXBBBBBBBBABDXXBBXBBXBEXXBBXXBBBBXXBBEBCBBBCXBCABXXDEBBDBBXBBAXEBXBXEXBBEDCEED', 1, 56, 24),
(31487, 3, '049686', 29682, 54.936, 117.255, 172.191, 72.904, 3, 1, ' XBBBBBXEBXXBBCXDBBXEBXBEBEBBXXXBXBBDBBDXBXBBBXXBXXXBBXBBBBXXBBXBBXAXBXXBBEXXXBXCEBBBEAXBACXBBXABACXD', 1, 47, 19),
(31488, 4, '016445', 29683, 85.464, 76.46, 161.924, 72.904, 3, 1, ' AXCBBBDBBBXBBBBCXBBABBBXBBBBBBBXBCBCBXDXXABDBXEBCBAXXXDBBBXXXXXBBXBXXBBXBBBXABXDXBBXXEXDDEXXXXCXXXAD', 1, 45, 21),
(31489, 5, '021679', 29684, 75.286, 79.533, 154.819, 72.904, 3, 1, ' ABXDBBBBEABCXBDABBBABBAXBBBXBBXBXXXXXXXXXXXXBBABXAXXBXBXBBXXBBEXXBBBBXXXXXBXDXXBXXXXXCXBBBXXBXXXDXBX', 1, 41, 12),
(31490, 6, '040466', 29685, 81.394, 63.212, 144.606, 72.904, 3, 1, ' AXDDBBBDBABBBXBBXXBABBBXBBABBBXXXBBBBXXXXBDXXXXXXBXBXBXBXXBXXAADBBEBCXXXBXCBDXXAXXXXXBXBBXXXXXXXXEXX', 1, 39, 14),
(31491, 7, '029698', 29686, 54.936, 85.639, 140.575, 72.904, 3, 1, ' XXABBDBBBADXBXXXBBEAXBBBXCBXBEBBBBXABXXDBXXBBBXXBEDXXXCEEBBBXDBBXBAXXXACXXXBXBBXBABCXBBEXXBEBXXXXEXX', 1, 40, 22),
(31492, 8, '023223', 29687, 76.305, 64.228, 140.533, 72.904, 3, 1, ' AADEXBBBBABBXBXBBABABXBXCBBBBBBBXXXXEBEBXXXXXXXBXBCXXBXXBXEXXBDXXXXXBXBCBBAEXBBXEXXXCCBAXXXBBBDXXXXX', 1, 39, 18),
(31493, 9, '049459', 29688, 62.063, 76.48, 138.543, 72.904, 3, 1, ' AXBBBBEXBXBXXBXBBXXABXBABDXBXBXXXBXXXXXXXBXXXXXBXXXXBXXXXBBXXXXXBXBBXBBXXXXBXXXXBXXXXBXXXBXXBXXBEXBD', 1, 35, 4),
(31494, 10, '042091', 29689, 65.114, 70.354, 135.468, 72.904, 3, 1, ' XBXXBDBBEABXEBXBBBXAXBBBBXBBXEXBXXBXXCBXBBXXBBXXCXXXXXBXXBXXXXXBXBXXBXBXXXXBXBXAXXBBXXXBBXXEAXAXXXAX', 1, 36, 11),
(31495, 11, '011831', 29690, 63.076, 66.28, 129.356, 72.904, 3, 1, ' EBXBAAEBBABBXXBBCBXXBBXBBBBXBCXXBXXXXBXXXXXXXXXBAXXXBXXXBBXXXBXBBEBBXBXXXXXXXBXAXBXXXXXXXXXXXBBXXBXX', 1, 34, 9),
(31496, 12, '013836', 29691, 50.866, 77.491, 128.357, 72.904, 3, 1, ' ABXBBBBXEXCXXXBAXEBEBCBXBBXXBBBXXBBXXCBXXBXXBXXXXAXXBXXXXXEBBBXEBXBBBXXDXBBBXXXXAXBXXXXBXCBXXXBXXEXX', 1, 35, 14),
(31497, 13, '031503', 29692, 60.031, 65.259, 125.29, 72.904, 3, 1, ' ABXBXBBXXAXXBBBXXBBXEXXBXBXBBXBXXCXXXXXXXXXXXXXXBBXXXXXBXXBBBCBBBXDXXXXXXXXXBXXBXXBXEXXXXBBXXXBXXBXX', 1, 32, 5),
(31498, 14, '049437', 29693, 48.834, 74.428, 123.262, 72.904, 3, 1, ' XXXBXBXBBAXBXXXAXBXABDBAXBBBDXBXXXXABXXXXBCBBCXBCXXEXXBXXXBXEEXXXXBXXCABBXXBXBXXXXDBBBBXBBXXBXXBXAXX', 1, 34, 15),
(31499, 15, '033438', 29694, 40.688, 81.56, 122.248, 72.904, 3, 1, ' ABBCADXXXXXBBBBCBBBXBXXXACBEXEXDBXCBCXXBBXXBBXXEBAXCXXBXXXBAEBBXXXBXXXDBXBXBCBXXBBBXEBBDXCEBXAXXEXBD', 1, 36, 24),
(31500, 16, '020066', 29695, 65.114, 55.049, 120.163, 72.904, 3, 1, ' ABBBXBXXXAABXEBXBAXXBDXBBBBBBBXDXXBEAXXXBBXDBXBXAXXXEBDXXXBXXXXXBEXXXXAXBBXXCBAXBXXXXBDXBXDXXBXDXBBX', 1, 34, 18),
(31501, 17, '011781', 29696, 63.076, 54.023, 117.099, 72.904, 3, 1, ' ABXBXABBAABBXXEXBDDAXBBBBEBXBBBCDXXBBEBXEXCXBXCXXXXEXXXAXXXBXXCXBBBBXBBXXXEBDXBBXXXDBXXBXDXABADAXDAX', 1, 35, 25),
(31502, 18, '005501', 29697, 60.025, 56.075, 116.1, 72.904, 3, 1, ' BBBBBBBDBABBXXBXXBBADXBXXXCBDXXXAXXBXXBBXBXXXXBXDXXEXCXXAXXXXBXXXBXXBBBXDXXCXBXXXXXBDBBXXXXCBBXXXXXX', 1, 32, 14),
(31503, 19, '045131', 29698, 79.362, 34.669, 114.031, 72.904, 3, 1, ' ABBXXDXXBABCBBBBBXBABBBBBBXXXBXXXXXXXDXXXXXXXXXXXXXBBXXXXBBXXBXXXXXBXXXXXXXBXXXXXXXXXXXBXXXBXDXXXXXX', 1, 29, 4),
(31504, 20, '025252', 29699, 38.65, 74.423, 113.073, 72.904, 3, 1, ' DBXBBBXEBBXEBBACCXBAXBXDBADXBXXDXXBBXEXXXBXXXBBBBXXEBDABXXXXBBXXXBCXEXEXBEXXXXBXXBXDXACDBBXBBEBXCBXD', 1, 34, 25),
(31505, 21, '049113', 29700, 47.815, 63.207, 111.022, 72.904, 3, 1, ' DXBBBBXABAXXEXDBXXXAXABXBXBBXBBBDDXXBDXBXXXXXDBEXXXXXXAXBBEXXXBXBXEBBEXAAXBXXDXBXBXAXXXXBXBAXXXBXBBX', 1, 32, 19),
(31506, 22, '015723', 29701, 61.044, 47.917, 108.961, 72.904, 3, 1, ' XBXXXEXBBXBXDBBBXEXABXBBABBBBBXBXXXXXXXBXBXXXXXBBEXXBDXDXAXDXXXXXXEBXCXXDBXXXBXXXEBXXXBXBXXXXBXXXXXD', 1, 30, 13),
(31507, 23, '010013', 29702, 72.241, 36.706, 108.947, 72.904, 3, 3, ' AABXBBBXXAXXBXXBBBBABXBBBXBBXXXXXEBXBXXXXXXXBXXXXXXXXXXXXAXBXXXXXXXCXXXXXXBXXXXXXXXXXXBXBXXXXBBXXABX', 1, 28, 5),
(31508, 24, '029817', 29703, 70.203, 37.727, 107.93, 72.904, 3, 3, ' XBBBBCXBDABBBBXBBBBXXBBXBXXEXBCXXXXXBXDXXXXXXXXXXXXXXXXXBXBXXXBBXXXXBDXBXBXXXXXXXXXXXXXXXXXXBXXXXXBX', 1, 28, 6),
(31509, 25, '019571', 29704, 75.292, 29.559, 104.851, 72.904, 3, 3, ' ABBXBBCBBABBBXXXXBBABDBBBXBXXXXXXXXBXBXXXEXXBXXDXXXXXEABBXBXXXDXXXBAXBXXXXAXBEXXXDXXXBXXXXXCXXXXXXXA', 1, 29, 13),
(31510, 26, '046258', 29705, 63.076, 39.759, 102.835, 72.904, 3, 3, ' XBXXBACXBCBBXBBXBBBCBBBBBDDXBBABXXXXCCXXDXXXXXBXXXXXXXXXXXXXXXXXXBXXBXBAXXXBBBEXXCXXBAXXXXXXXXBXXBBA', 1, 29, 15),
(31511, 27, '050234', 29706, 45.771, 56.075, 101.846, 72.904, 3, 3, ' ABEBBDXDAADABBBEXXBAXXBACBEBBDXBXBXXXBBDXXBAXXCABBXXXXXXXXCBBXXXXXBXEDXXBAXXXXBXXXBXBXXXXXBBXXEXXXXX', 1, 30, 20),
(31512, 28, '026087', 29707, 53.911, 46.871, 100.782, 72.904, 3, 3, ' AEABABBCBCDBDDABBBXABBXBXBBBDDBBEXBXDDACDABXCXEDBBAXCBBBCBBEBXBXXAEBDXXADBCBXXXXXCCXBXXEEAECXBDXDAXD', 1, 35, 41),
(31513, 29, '038841', 29708, 78.343, 22.432, 100.775, 72.904, 3, 3, ' EXABBBBBBEBBBBBBBXBABXBBXXBXBXXXXXXXBXXXXXXXXXXXXXXXXXXXXXXBXXBXXXXXBXXDXXDXXXXXXXXXXXXXXBXXBXXXXXXX', 1, 26, 5),
(31514, 30, '043922', 29709, 68.165, 31.601, 99.766, 72.904, 3, 3, ' XXXDABCXBACBBBBBXXBAXBBABBBBBBXXBXXBBDBXXXBXXXXXXCXXXXXXCXEXXXBXBXXXBXXXXXXBXXXAXXXXXXXXCEXXBXCXXXDX', 1, 28, 14),
(31515, 31, '021754', 29710, 47.815, 50.98, 98.795, 72.904, 3, 3, ' AEBXXBXBBXBCXBBXXBBAXXEBBXAXXAXXDXBXXXBXBXXXBAXBXXXBXXBXXBXXXXBXXEXXXXBCXXXXBBCXXXXBXXXXXXBXXXXDXXXX', 1, 27, 11),
(31516, 32, '040713', 29711, 38.65, 60.124, 98.774, 72.904, 3, 3, ' XAAXEXBBAXEABAXBDBBABBABXBABXXXEBABBXCEEEAACBEBBBXBXBDBBXBCBBXCAXBECCCDBXXDXEXADDCDXDBBCADCEBBBEBXBX', 1, 35, 43),
(31517, 33, '025614', 29712, 34.574, 63.197, 97.771, 72.904, 3, 3, ' ADEEBACEACBEBCXCXABCBBCBXBBXBBBBXBBXXXDDDBXXBDBAXACBCXBBXXXXBCAXAXCDXBBBECXAXXXXXEBXDCXDBCXXBXBXABBD', 1, 33, 36),
(31518, 34, '001849', 29713, 45.783, 50.965, 96.748, 72.904, 3, 3, ' XEBBBXXBXXBXBXXXBBXAXXBDAXXBXBXCBXXXBDEBBXXXEBXXDDBXBXXXXAXXCCAEXBCXXAXBXBXBXXXDCXBXDXXBBXXEXBXBBAXX', 1, 29, 21),
(31519, 35, '047643', 29714, 42.726, 53.012, 95.738, 72.904, 3, 3, ' AXXXXCBXBXCBBXDXBXCAXXBBBBXEABAXEXXBXBXDBBBXXXEXXXABXXBDXXXBXAXXXXBXXBDXAXXBXAXXBXXBXXXXBXBXXXBXXCXB', 1, 28, 18),
(31520, 36, '043811', 29715, 53.923, 40.78, 94.703, 72.904, 3, 3, ' AXBXBBBBXXXBBABXXBBXXBXBXEXBXCXXXXXBXXBXXXXBBXCXXEACXXXXXXXXXXXXXBXBXXBXXXXBDXXXXXXXXAXBBBXXXXAXABXX', 1, 26, 11),
(31521, 37, '043708', 29716, 60.025, 34.659, 94.684, 72.904, 3, 3, ' XBXBBXCBBABCCBXXBXXDBBXXBBBCBBXXXXAXEEXXBBXCXBXXBXXXXXXXCXXXBXBXXXXXXXXXXXBXXXXABXEXCXXCBXXXXXDXBBXX', 1, 27, 15),
(31522, 38, '015505', 29717, 63.076, 31.596, 94.672, 72.904, 3, 3, ' ABXBXBAXBAXXABBBBBDDCXBBAXBBBBXEXXEXBXXDXXXXXXXXXXXXXXXAXXDEXXBXXXAXXAXXXBBXBXXEXXBBXBXAXDDBXBXABXXX', 1, 28, 19),
(31523, 39, '014447', 29718, 40.682, 51.966, 92.648, 72.904, 3, 3, ' BXDBCBDXXADDBBBAEBXXABBBABBBEDCXDBBADBBCCDBXXXXAXXDDBXABXEXBBACEDDEXBBBBXAABCDCBAABBDXABXXBCCAEXBBEE', 1, 34, 45),
(31524, 40, '046992', 29719, 50.866, 39.759, 90.625, 72.904, 3, 3, ' ACAXXXCXCABXXBBBXBBXXBDABXBBBBXXEXBXCBBBXXXXXXXXXEXACXXXBBXXXXBXXXXXXXCXBEXXXBXXXCXXXXXXXXXCXXBXXXBD', 1, 26, 15),
(31525, 41, '010258', 29720, 61.044, 29.564, 90.608, 72.904, 3, 3, ' ABBBBXBXBABCBBXAXAXXEXBBBXXBBXXXXXXBXXBXBXXXXXXXCXXXCXXXXXEXXBCXXBXBXXXDXXXXXXXXXXBXXXXAXCBXXXBXXXXX', 1, 25, 11),
(31526, 42, '035089', 29721, 38.656, 50.965, 89.621, 72.904, 3, 3, ' EXBBBCDBXXBBDXXXBXEAXXDXBXBXXBBBXBXBXXAXACEDEDBBXXBXAXAXXCBDBXBXBXEXXBXXXDBXXEAXXAXBXBXXXXAXXXBXXDXD', 1, 28, 24),
(31527, 43, '039334', 29722, 35.605, 53.022, 88.627, 72.904, 3, 3, ' CBXXBXBXXCXABXXBCXXAXXBXXABBXBXBXXXBXXXDXXXXBXXXEXBXXBXXBXXXXBXXBXXXXXBBXBEXBBXAXXXBXXXXXXXXXXXXXXXX', 1, 24, 9),
(31528, 44, '044531', 29723, 54.942, 32.627, 87.569, 72.904, 3, 2, ' XXBBXBDXBAXBXBXXBBBAXXEXBXXXBBXXXXXXXXXXBXBEXDXXXBXXXXXXXXXBXXXXXXDXXXXXXXBXXXXXXXAXXXXXXXXBBXXXBXXD', 1, 23, 6),
(31529, 45, '022377', 29724, 50.866, 36.696, 87.562, 72.904, 3, 3, ' XBBBXABBBADDBXBXXBXXXBXDBDDBXBXDXEXBXXXXDBXCXBXBAXXXXXXXXXXDBCXXXXXBXXXXXDXXBBAXAXEEBXXBBXXXXXBXXXXX', 1, 26, 18),
(31530, 46, '013496', 29725, 51.885, 34.649, 86.534, 72.904, 3, 3, ' DXXXXBBBXABAEBXCBXXABXBXABXBBBXXBBAXBBXDBXXXDXXDCXXXXAXXAXXAXBXDXBXXEXXXDXBXXXXXBBXBEXDBXXECDXEXDXXD', 1, 27, 23),
(31531, 47, '024959', 29726, 61.044, 25.485, 86.529, 72.904, 3, 3, ' ABDBBCXBDXXXXBBXXBBABXBBBBAXBXXDBXXXXAXBXXXXXXXXXXXBXXXXXXXXXXXXXXXBXDXBXXCXXXXXXXBDXXCXXXXXXBXXXBAX', 1, 24, 11),
(31532, 48, '005603', 29727, 35.587, 50.93, 86.517, 72.904, 3, 3, ' EBBEBDBECEDBBBEABBEABDAADEECBBACABACDEEBCEBBCBCEDBBCCBDBDEBBBBDAABBBBCCEBEEEBDBBACEDEAADBBADCDAADCBC', 1, 37, 63),
(31533, 49, '003814', 29728, 54.936, 30.57, 85.506, 72.904, 3, 3, ' EXBXXXBXCABXBBXAEBXABBBBBBACXBXBXBXXAXXBBCXECXDAXXXXXBXXDXBXXXEEXXBBBXXECCXCXXCBXXXXXXCBXXXXXBECXXXC', 1, 27, 24),
(31534, 50, '025625', 29729, 50.866, 32.622, 83.488, 72.904, 3, 3, ' XBXXBXXBXEAABEBBBXBDEBBXBBXBBXBXXXBXXXXEXBXXXAXBXXDXAXAXXXXAXXXXXBXXDXXDXBBXXXXXXXXXBXXBXXXXXXXXXBXX', 1, 24, 14),
(31535, 51, '040709', 29730, 46.796, 35.69, 82.486, 72.904, 3, 3, ' AXBBXBDEXACXBDBXXBXXXBBBBXXEDBXXXXXXXXXXBXXXXXXBXBXXXXXXXXXXXXXXXEXBXXBXXXBXXXXXXXXBXXBXXXXXXXBXXXXX', 1, 22, 7),
(31536, 52, '034194', 29731, 50.866, 31.596, 82.462, 72.904, 3, 3, ' XBXBBBBBDXEBXBBXXXAACXXBEBXBCBXBXDXXXXABXBEDBXXXXABXXXXCBXXXXXXDDBXXXXXBXXBBDXDXXXXXAXXDXXXXXXBXXXXA', 1, 25, 19),
(31537, 53, '047466', 29732, 35.593, 45.85, 81.443, 72.904, 3, 3, ' DBDAACDBBBXBBBBBCXEEXBXXBEDBBACBACXXXDCXXAAEABBCBXXBCCAEXBBAXEXXDBEBBEBXBDECXCBDXBXABXXBDBXDXABABDXC', 1, 31, 44),
(31538, 54, '036537', 29733, 47.815, 31.596, 79.411, 72.904, 3, 3, ' XABABBXBBBBXBXXBXXXAEBBBXXXXBCXXXBBDXXXEXXXXXDXECXXDXCXXXXBEXXBBXXXXXXXBXXEXBXXXBXXCBBXXEXXXXBXXXAEX', 1, 24, 18),
(31539, 55, '000207', 29734, 40.688, 36.686, 77.374, 72.904, 3, 3, ' XBBXXXBXBEXXXBBEBBBXEBBXCECBEAEBBXXBXXXBABEAXAXEBXDBXXXEXAAXXDXXXXXCXXBXAXAEXDAEBBBXXXBXXXXXXBBXADXX', 1, 26, 28),
(31540, 56, '050548', 29735, 47.809, 29.529, 77.338, 72.904, 3, 3, ' XBEBBBEBDAXABEXBADBXBCBABBXBXXBXBBCAXAEAXCEBBBBBXXACEXXAEXAAXEXBEDXDBBAXBECXXDXBEEXADXDEABBAABXCDCXB', 1, 30, 44),
(31541, 57, '044694', 29736, 38.656, 35.685, 74.341, 72.904, 3, 3, ' XXCXBBBXBABXXXXBXBAXABDBXXDXBCXBBXXXXXBXBXXXXXXXXXXEXXXBXXXEBXXXXXXXXXXAXBXXXAXBXXDXXXBBXXXXXXXXXXXX', 1, 21, 11),
(31542, 58, '037791', 29737, 46.796, 27.522, 74.318, 72.904, 3, 3, ' AABCXABBBAXBBXBXXEXCXXBXBXXEBBXXBXXXXXXBCXXXXXXXXDXCXXXXXBXDXXBXXCAXXXXXAXXXBXAXBBXXXDXXXXBXXXXBXXXX', 1, 22, 15),
(31543, 59, '053856', 29738, 61.038, 12.217, 73.255, 72.904, 3, 3, ' ABEBBBEBBXBBBCBXXBBAEXBDABXABCXXXCBCXXXAXBXXXXXXXXXXCCBXXXXXAXXXXXXXAXAXXXDDXXXXXDXXCDCXEXBXEXXXBBXD', 1, 24, 24),
(31544, 60, '047563', 29739, 52.904, 19.374, 72.278, 72.904, 3, 2, ' AXXBBBAXBABBBXBEXXXABEBXXXXBDXXXXBXXXXXXBXXXXXXXXXXXXXXXXXXXXXXXXXXXXXXXXXXXXXXXXXXBXXBXXABXXXXXXXXX', 1, 19, 5),
(31545, 61, '025222', 29740, 29.497, 41.791, 71.288, 72.904, 3, 3, ' ADBXBBBDBXXXDBXXXXXXDXCXDXABBXXXDBEXAXXCXXBDBXDXXXXXXXXBXBEBAEXXXXDEXXXCBBBXDBXXBXCXXBXBBXXXXXXXXXXB', 1, 23, 22),
(31546, 62, '022404', 29741, 46.796, 23.448, 70.244, 72.904, 3, 3, ' XXBXEBCXAABBBBBBCBXXXBXBEBXCXXXXABXCXXAXXXXXXXBXXXXXXBXXXXXXBXXXXXXXXXXXXXXXEXXXXBXXBXXXXXXXBXXXXXXB', 1, 20, 11),
(31547, 63, '003569', 29742, 33.567, 35.68, 69.247, 72.904, 3, 3, ' XBXXDBXBXXBBXBBDXBXEXBCXXAEBDXXXXXXBXXXXDXBXXXXXBXXXXBXXXXXXXBEXDXXXBXXXDXDXBXAEXXXAXBXXXBXXXXXBBXXE', 1, 21, 16),
(31548, 64, '027316', 29743, 46.796, 22.432, 69.228, 72.904, 3, 3, ' XXBAXXBBXAXXCXEEXEXABBBBBBAXBBBXBXXBXDXBXXXXXXXXXXXXXXXXBXXXXXXXXXXXXXXXXXXXXXBXXXXXXAXXXXXXXXXXXXXX', 1, 19, 8),
(31549, 65, '035255', 29744, 38.656, 30.565, 69.221, 72.904, 3, 3, ' BEABBXXBAXBXXBXBBBBXXAXDXXBBXXEXXBECXXDXCBXXAABAXBXXEDCDBXXXAEXEXXXXXBXXXXXAXDECXXBBXXBXXAXDAXBBBBXX', 1, 24, 28),
(31550, 66, '039638', 29745, 28.478, 38.743, 67.221, 72.904, 3, 3, ' XCAXXBBXAXXXXBBDXBBAEXXBBXCDXCXXXXBXXXCXCXEXXBXXXBXXXBBBXBXXBXXXXBXXXDXXXXXXXXXXXECXXXXBXXXXXXXXBXXX', 1, 20, 14),
(31551, 67, '043413', 29746, 34.586, 31.591, 66.177, 72.904, 3, 3, ' ABXXXEXXXCBBBEXBDXXDXBCXBBXXXBCCBXXAAXEXXXAXXCXBDBXAXBXXXXCXXXBXXBXXXXXXXCEXBXXXBEXCXXXBXDBXBXXDAXBX', 1, 22, 23),
(31552, 68, '030388', 29747, 51.885, 14.239, 66.124, 72.904, 3, 3, ' ABXBABXXDXXXBBEBBXBAXABAXBXBBXCCXXXCBBBXXXXDEXXXXXDXEXCXBXXXEXDBXXABXDBBDBXAEEEXACAEXCCAXCXAEDXABEXD', 1, 25, 35),
(31553, 69, '040479', 29748, 40.676, 25.43, 66.106, 72.904, 3, 3, ' ABBDCADBAECBCBBBDABACCBBDEBBCABDBBEDBBEBECBBCBDACDBBBCAEBCBEEACCDAEBCDCBDDDADEECBAADCABBDDCCACAACAAA', 1, 33, 67),
(31554, 70, '017421', 29749, 39.669, 25.48, 65.149, 72.904, 3, 3, ' DBBXBXEEXCBXXBCXBXBAEXBXBCBABADXXXBBXXXXXXXAXXXEXXAXDXBXXXEXXXBXXXEBXXXXAXXXXCBXXBXXXXXEXXXXABXXXBXX', 1, 21, 20),
(31555, 71, '051774', 29750, 26.446, 36.696, 63.142, 72.904, 3, 3, ' XXBXXXXEXAXXCXXAEBXXEBXXBBXBBECACXXXXBXXBXXBBXXXBXXXXEXDXXXXXXXXCXBXXXEXBXXXXBDCEXABXXXDXBXXXBXXXXBX', 1, 20, 18),
(31556, 72, '013721', 29751, 34.58, 28.538, 63.118, 72.904, 3, 3, ' AEBBXXXADAXCXBCDAXBADBEBAXXBXBCXXXXXABXXAXXXXXXEXXXXBBXBBXXXAXDXXXXXBAXXXXBXEXXXXXXXBDXDXXBCXXXEBXXX', 1, 21, 22),
(31557, 73, '041686', 29752, 40.694, 21.391, 62.085, 72.904, 3, 3, ' ADXBBXXXXADBXXBXXXBXXBBCXXXBBDXCXAXXXBXXXDXXXDXXXABXDAXXXXXXAXXAXDAXBXXDXXXCXEAXBDXXXBBADBBXXXXXCBXD', 1, 21, 23),
(31558, 74, '018946', 29753, 35.587, 26.456, 62.043, 72.904, 3, 3, ' AEBBEBBEBCDBDAAABDAACBDBCBBCAEDCACEBCCXABEDABXEXEBCBECCEEDEAAAEBDXBECEXCEADCBBEBEBABBADABAEEBDBBADBX', 1, 31, 63),
(31559, 75, '006474', 29754, 40.694, 19.359, 60.053, 72.904, 3, 3, ' AXEXBXXXAXXBXBBXBXCXXBXBBXXBBAXXAXXXXXXXXXXBDBBXXXXDXXXXXAXXXXXXXEDXXCXAXXXXXXBDXCXXBXXDXXXBXDXXBXBB', 1, 19, 17),
(31560, 76, '046012', 29755, 39.669, 20.38, 60.049, 72.904, 3, 3, ' ABAXBCBXBCABXBXCXAXCXBBBXAXBCBXXXXDXXDXDXXXXBXXXEXXXXBXXXXXCXXDBXXXBXXXBCXXXXXDXXAXXBBBXXXXXXXXECXXC', 1, 20, 21),
(31561, 77, '051051', 29756, 25.409, 34.619, 60.028, 72.904, 3, 3, ' BECEAACBBDEBEBDEBBBADECBABEABDCECDCBCEADBXCDBBBEEBCDAXCBXAAXXAABDEDADCBXXBADBBDABAXEBAXABCDDEBBDCBBE', 1, 30, 61),
(31562, 78, '020784', 29757, 27.447, 31.566, 59.013, 72.904, 3, 3, ' DBBECBBBCACDDCEXBABECDEBBBEDAXAXADXDBDDBAEAABABAXXBEXBDBDDBDABBEXEDACBEXACXDAEBBCCDCXXXXXCAXBAXBBXBE', 1, 28, 54),
(31563, 79, '011266', 29758, 45.771, 13.208, 58.979, 72.904, 3, 3, ' ACBBBDXXBXECDBAEXCBABXBABBBCABXACACXXEBXCBEABEXEXXXXDBBDCDEACECECBBXEBDEXABXECCXAEXEXBCBDCAXCBAEXEBX', 1, 27, 50),
(31564, 80, '053294', 29759, 19.325, 38.743, 58.068, 72.904, 3, 3, ' AAXBXXBXXADBXXXBXXXXXXDXXEXXXEXXXXXXXXBXBXBDXCXBCXXXXXXBXBXBXXXXBXXXXXEXXXXXXBXXXXXXXXXXXXBXXXAXXBEX', 1, 17, 11),
(31565, 81, '017382', 29760, 30.51, 27.527, 58.037, 72.904, 3, 3, ' XBDBEBAXBDBBCXACEXXABXABXXAXXBXXXXXXXXXBXXXXXXXXEXXCXXXXXBBCXXXXXXXXXXXXXXXXBXXXXBXBXXXXBAXDXXXXXXXD', 1, 18, 15),
(31566, 82, '042355', 29761, 37.643, 20.38, 58.023, 72.904, 3, 3, ' ACXBXXEBXAXBBBXXXBBXXBXXXXCXXXXXACXXXXXXXXXXXXXBXXDAXXXEXXXBXXAXXXBXBXBXXXXCXXXXXXXBXEXEXCXBXDXXDXBX', 1, 18, 15),
(31567, 83, '028311', 29762, 40.688, 17.317, 58.005, 72.904, 3, 3, ' AXXBBXXDXEBBBADXDBBXEXXBBEBBEXXXBXAAXXXXXBXXXEEXBXAXBXXXXXDXABAXDXXXBXXXXAXXDXXXXXXCCXXXBDXXXEXXXXXD', 1, 20, 23),
(31568, 84, '003844', 29763, 44.758, 12.227, 56.985, 72.904, 3, 3, ' DBBXBXABADXBEBEBBXBABDXBXBXEXXXCXXXXXXXXXXXXXXXXXXXBCXBXXXXXXXXXXXXBXXXDBDXXXXXXXBXXXXXXXEXXXXAEXXCX', 1, 18, 16),
(31569, 85, '028302', 29764, 25.427, 30.59, 56.017, 72.904, 3, 3, ' XXBXBXXXBEBCXXEDXXBXBBXXCXADXBXXXXAXBXXBXXXXXBXXXXXXXXXXBXXXXXXEXBXXXXXXXXXXXXXXXXXXBXXXXXXXXXXBXXXD', 1, 16, 9),
(31570, 86, '030522', 29765, 26.434, 28.518, 54.952, 72.904, 3, 3, ' BDAXBXCBBADEAXXCBDAADCCBXBBBEXAECXACBXAXBXBAXBXAXDXEDBXXXEXDBAEXXXDXXDBEEBXXXXBBXXXABEBBXADDAXDCBDXX', 1, 24, 42),
(31571, 87, '029064', 29766, 18.306, 34.654, 52.96, 72.904, 3, 3, ' XXBXBDAXXAXXXXXXXDBXEXXXDDBXBXXXXXXCXACXXXXXXCXXXBXBXBDXBCXXXXXXXAXXXDXXBBXBXDXXXXXBBBCEXXXXEBXBXEXB', 1, 18, 20),
(31572, 88, '017186', 29767, 37.637, 15.29, 52.927, 72.904, 3, 3, ' AXXDBXBXBCBABXBXXXDXBDXABXBCXBXXBXXXXDBXXXXEXBXXXXXXXXXBXBXXXXXXXXXXXXCXXXXXXXXXXXAXXXXCXXXXXXXXXXXX', 1, 16, 12),
(31573, 89, '049098', 29768, 28.484, 23.448, 51.932, 72.904, 3, 3, ' XXEXCBXXXAABXBXXXXXAXXXABXBXXBXXXXXXXBXBXXXXXXXXXXXXBXXXXDXXBAXAXXXXXXXXXXXXXDXXBXXXXXXXXXBXBXXXXXXB', 1, 15, 9),
(31574, 90, '049516', 29769, 34.586, 17.322, 51.908, 72.904, 3, 3, ' XXCXBAXXBCBBXABXBXXABXCBBCXXXXXBXXXDXXBXXXXDXXXXXXXXXXXXBEXBXXXXXXXXXXXDBAXXXXDCXEXXBXDXXXXBEXEXXXXX', 1, 17, 17),
(31575, 91, '001182', 29770, 24.408, 26.501, 50.909, 72.904, 3, 3, ' XXBBXADXCAEXBXBABXXXDXXXXBXDBABXDBXXXXBXXXXEXXXXXBCXXXXDBCXXXXXXXXXBXXXBXXXBXXBXXXXXAAXXXCXEXXXAXXXX', 1, 17, 18),
(31576, 92, '010846', 29771, 28.472, 22.412, 50.884, 72.904, 3, 3, ' ABADBBAXXBCXXBBCDBEAXDXXABBXCDXBXXXXXXCXEXXXEXXBBBDAXXXXEXBXXXDBBXCXXXXXEXABDDXEXXXXXAXXXADBBXXXCXXC', 1, 20, 30),
(31577, 93, '045788', 29772, 29.497, 20.38, 49.877, 72.904, 3, 3, ' AXXBXAEBDAXXXABXBCBXXXXCEXXXBBXXXXXXXEBDXXBXXCXXXXXXXXXXXXEXCCXXXBAXXXDXXXXBBBCXXBXXEXAXXXXBXXXXEXXX', 1, 17, 19),
(31578, 94, '047666', 29773, 18.294, 31.556, 49.85, 72.904, 3, 3, ' EBDBABADDEBDDAEBDXBAXEXBXXXXXACXBEDBECDABECXEDACADEEBBXXBBDEBBABBXCDEBEEBEBCBCEBBBDCADDEEBDCDCEAXCCA', 1, 27, 59),
(31579, 95, '017126', 29774, 24.408, 24.464, 48.872, 72.904, 3, 3, ' XDADEXDBXABXDXBAXBXXBXXBEBXXXXXXXXBDBXXXXXXCXABAXXXCBXXXXXXXXXBEXXCXXXXXXBXXXXXAXXXXXXXXBXXBXXXXXXXX', 1, 16, 16),
(31580, 96, '052113', 29775, 24.408, 24.459, 48.867, 72.904, 3, 3, ' XXXAXXBXCBXXABABBXDXXXBBXEXBBAXXXBXBXXXXDXEBXDXCXBXXDDXXXXXXXXXBCXXXXXDXBBXXXXXXAXXXXXDXBXXAEXBXXXXX', 1, 17, 20),
(31581, 97, '025837', 29776, 30.516, 18.323, 48.839, 72.904, 3, 3, ' XCDBXXXXAXXXBXXBBABBBXBXEXBXBXBXBXXAXXDXEXAAXXXCDXBDXXBDDXXEEEXDXEBXXXXXXBXXAABAEEAXEXXXBXCCXXDBXBBC', 1, 20, 32),
(31582, 98, '025469', 29777, 24.408, 23.448, 47.856, 72.904, 3, 3, ' XXXXBDXBCADXXCXBEXAABXXXBDCBXXXXXXXAXXXBXXXXXXXXXXDXXBXXXXXXXBXXXXXXXBXXEXXXXBXXXXXXDXXXXXBXXAXXBXXX', 1, 15, 13),
(31583, 99, '004087', 29778, 29.497, 18.348, 47.845, 72.904, 3, 2, ' ABEXABXDXAXXBXXXBCBAXXEEEXXXXBAXXXXXXBXXCXXBCXXBXAXBXXXXDXXCXXXXXXXXXXXXXXXXXXBXXXXXXXXXXXBXXXXXXXXX', 1, 15, 13),
(31584, 100, '020627', 29779, 21.351, 25.475, 46.826, 72.904, 3, 3, ' XEAEBXAXAEXXXBBXCXXCXABBXABBDBXXXXXXXDXAXXXCBBXXEXXXCXXDXXCXXXEBXXEXBBXXXBDBDXDEAXXXBXBXCXXXXXXXXBXX', 1, 18, 26),
(31585, 101, '030131', 29780, 42.726, 4.074, 46.8, 72.904, 3, 3, ' AXXBAXBXBAXXXADXBBXACBBXBBXXCCXXXXXXXXXXXXXXXXXXXEXXXXXXXXXCXXXXXBAXXXXXXXXXXXXXXXXXXXXXXXXCBXXXXXXX', 1, 14, 10),
(31586, 102, '011735', 29781, 23.395, 22.417, 45.812, 72.904, 3, 3, ' EXCXXEXXXAXAXXXBXXXXEXBBBXBBXXBBXBXXXXXXEXXXAXXXDEXDXADDXXXXXXBXXXXXXXXBXBBXXXXXBEXDXEECXXXCXXXXXXXD', 1, 16, 19),
(31587, 103, '044765', 29782, 26.446, 18.348, 44.794, 72.904, 3, 3, ' AXDXXXBXXXBBABBXXXXXDXAXXBXBAAXXXXXXXXXXXXXXXXXEXXXXXXXXXXBXDAXXXXBXXBXDXXXBDXXXXXBXEXXXXXXXXBXXXXXX', 1, 14, 12),
(31588, 104, '004245', 29783, 36.624, 8.128, 44.752, 72.904, 3, 3, ' EBBXXXBXBXEXXXBXBBXCBBXXXXXEXBXXEXBAXBDXCXXXCXXXCDXXXAXXAXXXXAXECXXBACBXDABDBXBXXDXXXXXCCCCXXBXAXDXX', 1, 18, 28),
(31589, 105, '039219', 29784, 32.536, 11.166, 43.702, 72.904, 3, 3, ' CBBAEXABCBABBBEABBADAEBBCBEXABBDDXEDEEEDBCADBAXXXAEXXDXCXBXCABXEABCCBXEABBXAXAADBBCXBBADAACDEXXEEEEC', 1, 25, 57),
(31590, 106, '027701', 29785, 20.338, 22.422, 42.76, 72.904, 3, 3, ' BBXXDXXCXXCXEXDBBBXAXXBAXBXXXEXXXXXXXXXXXXXBAXBBXAXXXXXBXAXXDXXXBXXDXCXXXDXXXXXXXXXXXXXXABBBXXXXXXDC', 1, 15, 18),
(31591, 107, '039296', 29786, 20.338, 21.401, 41.739, 72.904, 3, 3, ' XEXABXXXXXCBXXXEXXXABDXBXADBBCXXXXXXEXXXXCXXDBXXXDXXXBXXBBDXXBXCXXXXXXXXCEBXXXXXCXXXEAXXXXXXXBXXXBXX', 1, 15, 19),
(31592, 108, '026382', 29787, 34.586, 6.106, 40.692, 72.904, 3, 3, ' XBBBXBEEAXXCEBBXXBXEXXXBBXXXXBXXAXXXXXXXXAXXXXBXXXXXXCXXXXXXBXXXXXXEXXCXXXXADXXBXXXAAXXXXXXBDXXXXXXX', 1, 14, 16),
(31593, 109, '038113', 29788, 21.345, 19.324, 40.669, 72.904, 3, 3, ' EABXBBXXXCBDEXEBDCCABCBBDDEEEXXBXDDBAEABBEXDCDBDBECXECBACCXEEXACBXBADEAXECXDAEEBBXXEACDXBXCXBEABEDAD', 1, 24, 56),
(31594, 110, '002366', 29789, 38.65, 2.017, 40.667, 72.904, 3, 3, ' ACBBCXDDBAXBXXDXBBXXBEBBABAXCCXEXBAEXXXXXDEXXXXXXXAXAXXDXDAXXXACXXBXXXXXBXXXBXXXAXXDXXXXXXXXDXEAXBEX', 1, 17, 28),
(31595, 111, '027753', 29790, 18.3, 20.38, 38.68, 72.904, 3, 3, ' CXXAXCXXXAXCBEXCBXEXBXBDBXAXDBXXXXXXXXXXXBEBXXXXXXXXXDXXXXBBBXCXXXXCCAEXCEXBBDXXXXXXXXXXXBXXXXCXXXDX', 1, 15, 22),
(31596, 112, '022584', 29791, 23.389, 12.217, 35.606, 72.904, 3, 3, ' XXABXXXBBCXCBBAEXBBXXXXXDABXAABDAXXXXXXDXXDXBXXXDBXXXXXXXXXDXBXBXBAAEXXCXXXXBXXXXXXCEXXXXXCXCEXXXXCX', 1, 15, 25),
(31597, 113, '036835', 29792, 29.497, 6.086, 35.583, 72.904, 3, 3, ' DBXXBBXXXBXEXBCBEXXBXXBXXBBXBEABBEXXXXEDXXEXXCXDBXXADDDCXBXDXXBXXXXXBXEAECADXBDXXXXXCXDAXCXXXXXXDDXD', 1, 17, 33),
(31598, 114, '048248', 29793, 32.548, 2.022, 34.57, 72.904, 3, 3, ' XEDAEBXDXABXXXBCBXBAXBXXXBEXEBXXXXXXEXCXDXXXDBXXXDXXXXXXXBXXXBCXXXXBXCXCXXDXXXEXXXXXDXXXXXXXXDXCXXXE', 1, 14, 22),
(31599, 115, '038029', 29794, 22.364, 12.192, 34.556, 72.904, 3, 3, ' XXCCXBBACADCXBXXDCBXBDABABCEBECXXXDXEXXDACEBEXABXXCCDXEXXXABBDDCAXXBXCXDEXDCBBDBXEBBXABDCCCXCDXEACED', 1, 21, 50),
(31600, 116, '036055', 29795, 38.65, -4.129, 34.521, 72.904, 3, 3, ' XBXAXBXEBDXXXXBABCCCBEBBBBCEBBCBCDEXAACXEDAXDAXBCEAXXDCEDCXEEXBCAXCBCCDBEEEBXEDXBXEXAEXXDDCXBBXXXCXX', 1, 21, 50),
(31601, 117, '035779', 29796, 23.395, 8.148, 31.543, 72.904, 3, 3, ' XXXCXBXXBXXXXXEBABXXEBXBXDXBXXXXXXCBXXXXXCXXXXXXXXXXXEXXXCCXXXBBXXXXXBXXXCXAXDXXXXXXXXXXXXXXXXXXXXXX', 1, 11, 13),
(31602, 118, '041541', 29797, 24.402, 7.112, 31.514, 72.904, 3, 3, ' ACAEBXXBAABEXXXXAXCABAEBDXBXEDXXCBXXBXXDBXBAXXXCXBBDDXXDXEBDACXXXXEXXXXXXXXXXXCXXDXCCXXDDCXXXXXDEXXX', 1, 16, 33),
(31603, 119, '004661', 29798, 15.243, 15.26, 30.503, 72.904, 3, 3, ' XCAACAXBBXBEXDEXDXXABBDXEDBDXXDBBXXXXXEAXEAXBCXXEXXDXDADBCXXXXBCAXDXEXBCXXBXBXDXXCDXCBBCEAAXXXADCXBA', 1, 18, 42),
(31604, 120, '040165', 29799, 15.231, 15.23, 30.461, 72.904, 3, 3, ' AAAADABCCCBDBDAECABECBEEBDDBBACDBCBDDEEEEDBADBDBCBDDAEEACECEAADCDAAEDDCBBCDBDCCBCBACEEABCABDBBACBBAB', 1, 26, 74),
(31605, 121, '049375', 29800, 22.376, 7.127, 29.503, 72.904, 3, 3, ' XBBXCBXDXEXXBDXXXXAXBXXXCXBXBXECXXXXXXBXBDXCXXXXXBXXCXXXXXXXXXXXXXXXXXXXXXXAXXXXDXXXXXXXXXAXXXXXXXAD', 1, 11, 15),
(31606, 122, '028879', 29801, 16.262, 13.238, 29.5, 72.904, 3, 3, ' XXEBBDBXXBEXXXAXAABDXBCAXBEBXDXXXXXXEABXXXXXXXXXEXXXAXABCBXXXXXXCBXXXXXXDBXXCBXXCXXXXXXXXXACXXXEDXAD', 1, 14, 27),
(31607, 123, '033269', 29802, 16.268, 13.223, 29.491, 72.904, 3, 3, ' ABBBXXXXXBDXEDCXXBEXXDBXXXDXXXEBDXXXXCXBAAXECXEXBACBDBEXXDEEXXXXXXAXXBXXEXAXXAEBXXXDXXXXDXEXBXBACCED', 1, 16, 35),
(31608, 124, '027872', 29803, 22.376, 6.116, 28.492, 72.904, 3, 3, ' AEBXXADXBXXXXXXBXXXXDXBBCXBXAXXXXXXCXXXXXXXXXXXXXXXXXXXXXXXXXXXXXXXXBXXXBXXXXXXXXXXXAXXXXXXXXXXXXXXX', 1, 9, 8),
(31609, 125, '028208', 29804, 30.516, -2.047, 28.469, 72.904, 3, 3, ' XBXXBXXXBXBBXBBBXDAXEXXADXXBXAXXXXXXXXXXXXXXXXXXXXXXXXXXXXXEXXXXXXXCXXEXXXXXXXXXXXEXAXXXXXDXXXXXXXXD', 1, 10, 12),
(31610, 126, '052704', 29805, 12.198, 15.275, 27.473, 72.904, 3, 3, ' DXEXEXXBXXBXXBXXXXXAXACDXXCXBDDXXXBXCXAXAXBXXDXXBXCBXXXEXXCBEXXXXDXXXXXXXXADXXXXXAXAXBXCXXXXBCDXXBXX', 1, 13, 25),
(31611, 127, '000494', 29806, 0.983, 25.435, 26.418, 72.904, 3, 3, ' BEAABAEDDDEBABCEABXCCACEABADBACAEABBAAXAAAECBABXDBBAAECCBCXAAEBEDEBDBBBEXAEBBDEEADABABCCCECDBAEXBDAC', 1, 24, 70),
(31612, 128, '014954', 29807, 5.053, 20.33, 25.383, 72.904, 3, 3, ' CDEDACCDBEEABDCABABDCBABEEEDBABBACBBBCBACDBBEEEADCEDABDCDEBCDECBBDEBBDDDECECDCBCBACDAEADDCBEEBAECEEC', 1, 25, 75),
(31613, 129, '017464', 29808, 11.173, 11.196, 22.369, 72.904, 3, 3, ' EXEAXXXBCDCBEBEXDXXADXXBXCDBXACBXDXXXXCXXXEXXEAXXAAXAXBXCXAXXDBXBXXXXXEBXAXXXXXXXXXXXXBXBXXXAXXCXDXX', 1, 13, 30),
(31614, 1, '013814', 29762, 67.152, 105.028, 172.18, 72.933, 2, 1, ' XBBXBBBXBABBDXBBBBXXBXXBBXBXXCXBXBBBBXBBXXXXBBBXXXXAXXBXXEXBXBXXCBXXBBXBAXXXXXXEBBBXBXXBBBBXBXXBXXXX', 2, 44, 7),
(31615, 2, '009161', 29613, 49.847, 93.792, 143.639, 72.933, 2, 1, ' XEXABBXBXXCBXBBBXBEEBBBBCBAXBXCBACDXXBXBBXABXBXBXXBBXEXDDBBXBAXBBBAEXBCXBBBBBBEXEXCDEBBBXXBAXXDEBXXD', 2, 42, 27),
(31616, 3, '017841', 29614, 55.955, 73.407, 129.362, 72.933, 2, 1, ' ABACDBXXDABBXBBBEXXXXBXBBBBXXBXXXXBXEXXXABXXXXDEXXBDXXEXBXEXXXBEXBAXBBBBXBBBBXXAXXXBXBXBXXBCBXXCBXBX', 2, 36, 17),
(31617, 4, '030871', 29615, 83.432, 43.838, 127.27, 72.933, 2, 1, ' AXBCBBBXBABBBXBXBBBABBDXBXXBBBAXXXBBXXXXXXBXBAXXXXXXBBCXXEXCXXCDXXXXXXEBXBXXXDXXXBBXXXXXBXXXXXXBXBXX', 2, 34, 11),
(31618, 5, '027263', 29616, 65.114, 53.017, 118.131, 72.933, 2, 1, ' AXBDXBBBBAXXXBXBXBBEBBABBBXBXEDXXBXXXXXBXXXBXBXXXXBXBDBXXXXBXXXXXCXBBXEAXCXXXXBXXXXBXCXXXXXXBCXXXBXD', 2, 32, 12),
(31619, 6, '024097', 29761, 63.076, 53.012, 116.088, 72.933, 2, 1, ' AXAXBBXBBEEBEBBBBXBAXBXCBBCXBBBBXBXCXEXXXBXXAADXXBBXBXBXXXXDXCXXXBBEXXXBXXXBXXBBXXXXABXXCEXXXDBXXXXX', 2, 33, 18),
(31620, 7, '047438', 29618, 45.783, 69.333, 115.116, 72.933, 2, 1, ' XBCBXXXBXXBBBXBXXADABXBXXXBXXBBBEBBXXXBBXXXXXDBXXAXXBXXBXXXBXXXXXDXXXCXXBBXBBEXXXXBXBXXEXXXXBXXXBAXD', 2, 31, 11),
(31621, 8, '023827', 29619, 45.783, 69.333, 115.116, 72.933, 2, 1, ' XXBXAXBXXABXEXXBBBXAXXBXBXDBBXXXXXXBXBXBXBXEXXXBDXXXXBXXXBBXXBXXXXXXXBBABXXBBXCXXBXBXCEBXXXBXXXXBCXA', 2, 31, 11),
(31622, 9, '052793', 29620, 47.809, 66.28, 114.089, 72.933, 2, 1, ' XBDDXBBBXADBXBDBXXBABEBAABDBAXXXBXXXXECXXXXXXXBXXBBBXXXXXXXBBXXXXXXCXXXXXBBXXXXXBXXXBXXBXXXBXBXXBBBX', 2, 31, 12),
(31623, 10, '030509', 29621, 45.777, 68.307, 114.084, 72.933, 2, 1, ' XBBXABEBBXCXXBXXBBBCCXXBBDBBXEBACXXEXEXEXBBXBBBXXXXBXXBCBXEXXXXCXAXBXXXBBBXXXBBBXBXXXEXXBXBXEXCBXAXX', 2, 33, 20),
(31624, 11, '048263', 29622, 59, 53.012, 112.012, 72.933, 2, 1, ' BDBAEBXBDABBAABBBCBADXBBABBBXBBDXABAXBXACXXXXXXBBBAXXXXXXEXXXBXBXABXXXAXBXXXXEXBCXXBXXBBXXBXXDBXXXXX', 2, 33, 22),
(31625, 12, '047925', 29623, 66.127, 41.806, 107.933, 72.933, 2, 1, ' ABXBABBDABDXBBBBXXBBDBBBBBBXBBBXBXXXECXXXXXXDXXBXXXXXXXXXBXXXXBBXXBXXXXXXXXXXXBXXXBXXBXXXBXXXXXXXXXX', 2, 29, 10),
(31626, 13, '029839', 29624, 56.974, 47.927, 104.901, 72.933, 2, 1, ' XXBBXXBEBXBBBXBEXBBAXDBXBBXXCBXBBXXXXXXXXXBXXBXXBXXXXXXXXXXXXBBXXXXXXBXAXBXBXXBXXXXXXXXXXBXXXXXXXXXX', 2, 27, 5),
(31627, 14, '018245', 29625, 35.587, 66.23, 101.817, 72.933, 2, 1, ' ABACDBBCEBCACCABBCBCBBEBABBBADBADCBBABEAACBBDBBBBBABCBEBBBCDEACBBCBABAAADABDABABDDDEDCAEBDCDCECBBDBB', 2, 40, 60),
(31628, 15, '019283', 29626, 54.936, 46.881, 101.817, 72.933, 2, 1, ' XBBXDBBBBXBAXXBBXCXABBAEBBBAXXBBBXBBXXBXXBDCBXBEXCXXXDACBXAABCXXXXXDBXXXECXAXXXXEBCCXBBBXXEEAXBXXXDC', 2, 32, 28),
(31629, 16, '038761', 29627, 49.847, 50.965, 100.812, 72.933, 2, 1, ' ABCBEACBAXBXXXBXCBXAXBCXBBBXBBXXXBXBBXXDXXCCBXBBAEBABXCXBXBBXBXDXBCAXXXAXDXXXBXXXXCBCBXXXXCADXBXDXXX', 2, 31, 25),
(31630, 17, '039006', 29628, 53.923, 45.885, 99.808, 72.933, 2, 1, ' XXBXBXBBXDBBBBXDBXAAXBXXBBBXXXXBBXXXXBXXXXXBXXXXXXXXXXXBXXXXXXXXXXXXXXBXBBBXXXBXXXXXEBAXXXXXXXXXXBXA', 2, 26, 6),
(31631, 18, '004849', 29629, 48.828, 50.975, 99.803, 72.933, 2, 1, ' XCBBACBXAABBBDXAEBBDXBXXBXBXBBBABDBEDXBXXEXBXAXXCXXXCXABXXXBBXXXXXXXXBXXXXXXBXXXXBXXXBXXBXBXXBXXXXXC', 2, 29, 18),
(31632, 19, '001432', 29630, 64.095, 31.611, 95.706, 72.933, 2, 1, ' XXBXEBBDBCBXBBBBXBBBXBBBBXXEBBXXBXXXXXXXXXXXBXXXXXXXXXXXBBXXBXXBXXXXXXXXXBXBXXXXAXXXXXXXXXXXXXXXXXXX', 2, 25, 6),
(31633, 20, '032447', 29631, 30.516, 64.233, 94.749, 72.933, 2, 1, ' XDXBXXXBEACXBXXXXBBAXDXBEBEXXXXXXDBXEBCXBXXXXXXXEXBXXXXCEBXBXXDXBAXXXBXXBXBABBBXBBXXBXXXXXBXXXXXXXBX', 2, 27, 15),
(31634, 21, '015074', 29632, 60.025, 34.654, 94.679, 72.933, 2, 1, ' EBBBXBBBXABBXEBDAEBXBBXXXXBBXBXABBXACXXXBXXXXXBXXXXBXBXXXXXXXEDXXDXDAXXAXBXBXXEBABCXXXXXXXXBXXXBXEXA', 2, 28, 19),
(31635, 22, '022813', 29633, 46.796, 35.68, 82.476, 72.933, 2, 1, ' XDBBBBBCBAXBBBBXEXDXXCXXXXXBCBXXXXXXXBXXXXXXDXXXDXDXXXXXXXXEXXXXXXBXXXBDXBBXXXXCXCXXXBXBXBXBAXBBAXXX', 2, 24, 15),
(31636, 23, '027426', 29634, 40.688, 39.759, 80.447, 72.933, 2, 1, ' XBXBBDCXBXXBDXXBDBCACXXBBBEDXBEXXXBXXXXCBXXXXDXXXXXBXXXXXBXBXBCXBXXXBXXBBXXXXXXXXXXBXXXEXXXAXBCXXEXB', 2, 24, 17),
(31637, 24, '002779', 29635, 29.491, 49.939, 79.43, 72.933, 2, 1, ' AXXXXXCBBCXEXADAXEBEBEXBBCCBBBXXEXAXXDXBBXBXCXXXBACEXXXBBCBBXXXAXACEEXBBBXXAEXXXECAXBBDCBXBXAXBACBBX', 2, 28, 34),
(31638, 25, '030774', 29636, 46.802, 31.606, 78.408, 72.933, 2, 1, ' XBBXXXXXXXBBXXDBXBBXBXXBXXDBBBXXXBXXXXXEBXXXXXXXXDXBXXXXDEDXXXXXXXBXXXXXXXXXXXBBXXXXXXXXXXXBBBXXXXXX', 2, 21, 7),
(31639, 26, '050514', 29637, 42.72, 35.675, 78.395, 72.933, 2, 1, ' ABABDXBXBACBXCABBXBXCCCBEBXXBDXXBXDDXXXXDXEXBBBXXXXXXEBEBXXXXXXXXXXBBXXXXDXXXXXXXXXBXXCXABXXXBBAXCEE', 2, 25, 23),
(31640, 27, '036889', 29638, 49.847, 26.511, 76.358, 72.933, 2, 1, ' AXEXXXXEBDBXBCXEBBXABDEBBBXBBBXXBXXXXXXXXXXXXXXXXBXXXXXBXXXXXXXXXXEXXXXXBXBXXXXXXXXCXXXXXXXXXXXXBBXX', 2, 21, 9),
(31641, 28, '041484', 29639, 44.752, 31.601, 76.353, 72.933, 2, 1, ' BEEBBBBBBXXEBXBDAXCAEBBCBCBBECXBXXXXBXXAXXDXXXXXXBXBXBXABBXXXXXXXXXEXXXXXXXXXACXXXAXXBXXXBBXCXXXXXXB', 2, 24, 21),
(31642, 29, '039014', 29640, 47.815, 27.527, 75.342, 72.933, 2, 1, ' XXBXABXBXCBXXBDXDBBXBBBEXXBBBXBXXXXXXXXXXXXXXXBXXBXXEXXXXBBXXXXBXXXXXXXXXXXXXXXXXXXXDXXXXXXXAXECXXBD', 2, 21, 10),
(31643, 30, '027922', 29641, 36.618, 37.712, 74.33, 72.933, 2, 1, ' XBAAXXBEXAXCBABEBXXACXXXBBEXBBCXBBXXABXXEXBDXBBXXXXEXXBXXBXBXXXXXXEXXXXBXCEDCXDBXEBBXXXXXAXXXXXCCXXX', 2, 24, 23),
(31644, 31, '030183', 29642, 33.567, 39.759, 73.326, 72.933, 2, 1, ' AXXXBXXXBXXBBBBXDDBXXXCBAEDXBAXBXADXXXXXXXXXXXBXXXBBXXXXXBBXXAXBDXEXEBEXXXBXXCBXXXXXBXDXBXXXXXXXXXXX', 2, 22, 16),
(31645, 32, '001925', 29643, 37.637, 31.596, 69.233, 72.933, 2, 2, ' XXXXCBBDXABCBXCBEBXXXBXBBXXBAADBXXXXXAXXXXBXAXXXXCXBBXXXBXXCDXXXXXXXXXBBXBXXXXBXECXBAXDAXXXXBXXXXXAC', 2, 22, 20),
(31646, 33, '038145', 29644, 37.637, 31.596, 69.233, 72.933, 2, 3, ' ABBCXXABBXCXBXXBXXBBBXBBXECEXXXCXXXBXBEXXXXDDBXEXXXXXBXCBBBXBXBXXXXXXXXXXXXXBXXXXEXAXXXAAXEXXBXXEXXA', 2, 22, 20),
(31647, 34, '002232', 29645, 34.586, 32.627, 67.213, 72.933, 2, 3, ' XXXBBXXAXAXBBXBBXDXXBEBXBAXCXEXXXXXXXBXXCXBBXXXXXXXXXXXXXXXBXXXXDXXXXXXXBXXXABBXXXBXXXXXXXXXXBXXXXXB', 2, 19, 10),
(31648, 35, '049315', 29646, 30.522, 35.685, 66.207, 72.933, 2, 3, ' XBXBXXBEBAXBXXXXBXXXBXXXXXXAXXXXXXBXXXXXBBXXXXXXXXAXCXXXXXXXXXXXXXXXXCXXXXXBAXXXXBXXXBXXXBBBXXXBXXCX', 2, 18, 7),
(31649, 36, '039941', 29647, 33.573, 31.606, 65.179, 72.933, 2, 2, ' XBBXXXXXBXBBBXXXBXAXXCXXBBEXXXXXXXBCXXXXBXXXXXXXXXAXXXXBXXBXBXXXXBXXBXXXXXXXXXXXBXXBXXDXXXXDXXXXXCXX', 2, 18, 8),
(31650, 37, '027094', 29648, 29.497, 35.68, 65.177, 72.933, 2, 3, ' ADXXXCBBBXXEEXBXBBEAXXCXEXXXXBXXXXXEXXXXAXXXEXXXXXXXXXXBXXXDXXXXXBBXXXXXXXXXCCBXXBBXCXXXBXDXEBBBXXXD', 2, 20, 16),
(31651, 38, '029244', 29649, 24.396, 40.745, 65.141, 72.933, 2, 3, ' EXEADBBBDCDBEBBAEAXADBCDBEBCXXXDBXAABXEXBDABAEAAXAEDDBECXDBXXBBABCXXEXDBDXXBCBXXABEADDABBCEBBCADBAED', 2, 29, 52),
(31652, 39, '028248', 29650, 40.688, 24.449, 65.137, 72.933, 2, 3, ' EXEXXEBBBXXBCBXBXBXABBCBABXCCXXAXBXXXEXXBXXDXXABAEXEBBXXAXBXDXAXDXXBBXXXXXXXXAXXXEXXBECEXXABAXXBCXEX', 2, 23, 28),
(31653, 40, '010508', 29651, 31.529, 32.607, 64.136, 72.933, 2, 2, ' CBXCBBXDBBEEXCXXBXEABXDBXXBBXXDXAXECXBBXBBXBXABBXAXXXBBXDXXXXXXXXXXDADAXXBXXXXDXXCXXBEXBXXXXCECADBEX', 2, 23, 29),
(31654, 41, '028553', 29652, 21.345, 37.672, 59.017, 72.933, 2, 3, ' CBDDBBBXBCBXABAXDEEDEEXBDXCCBXEABEEBCDBBBDBBDAACCBAACEDDAEEEEEACXADXBDAACBBBDAEACBBCDEBCBDBABBEBCCBA', 2, 30, 62),
(31655, 42, '018262', 29653, 44.758, 14.224, 58.982, 72.933, 2, 2, ' ABBBXXEDBEXXBCAXXBBABXBABXDBEXXBXXXDDXCADECECAXCDCXACAXBDBEABAEABBDECXBACXBEBCXAXCDCDXDDBBBBABXEDEDB', 2, 27, 50),
(31656, 43, '040853', 29654, 41.713, 13.228, 54.941, 72.933, 2, 2, ' XBXXBBBBBXXXXXBBEBAXBXBXXXXXCXXXXXEEXXXXCBXBXXBXXADEBBXEXXXDXXCACBXXXXEEXDXBXEXCXXXXEXXEEEXXBXCCBXDX', 2, 20, 26),
(31657, 44, '026726', 29655, 23.395, 30.58, 53.975, 72.933, 2, 3, ' XCXBXEAXXXXXXXXXBBXAXXBEBBXAXXBXBXXXXAXAXXXXBXXXBXDXXEBXAXXBXXXXXXXDCXCXXXXXXXXXXXXXDXBXBXXXAXXXXBXD', 2, 17, 15),
(31658, 45, '041499', 29656, 29.497, 24.444, 53.941, 72.933, 2, 3, ' DBXXXBXCAXBDEXEXXCXAXBBXXXXBBBXEBDXDBDDBXXXXXXXBABEACXBXDXAXXCXXBCXAXXBDCDAXXXCEXXCXDBXBXBXXAXXXBXXA', 2, 21, 31),
(31659, 46, '029394', 29657, 32.542, 21.396, 53.938, 72.933, 2, 3, ' DEXECCBCAXBBXXEBXCXABBBXBCCCBBXXXEBXXBEXXBEXXXDXXXCXXXXXXXBEXXXXXXXCDXXBXBBXXXXACBXXCAXXXEXXXXCXBXXB', 2, 20, 27),
(31660, 47, '047357', 29658, 34.58, 19.349, 53.929, 72.933, 2, 3, ' ADXBBBBCBAAXBBXXCBXECBECXCXDXXXXDXAXCXBXXBXEXAEBXEXXECXBXXBXXBXBXXCABXXBCDXAXDXAXCXXDBXEXXXXCXXCXXXX', 2, 21, 31),
(31661, 48, '050329', 29659, 26.446, 23.433, 49.879, 72.933, 2, 3, ' XXBBCXXXXAXAXXCBXAXAXXACXBBXXBXBXBCXCDXXXXXCBXXXXXXBXXXCXEXXBXXXXXBBXBXBAXXAXXXXDXCDXCAXXXXXXEDDXBXC', 2, 18, 23),
(31662, 49, '028851', 29660, 33.567, 16.306, 49.873, 72.933, 2, 3, ' AXBEEBBXBXBDXXXBCXXCEBAXXBBXXXXXXXXXXXCXXXXXXAXXXXXCXXXXBDXXXXXXBXXXXXXXXXXXXXBAXXXXXBXEXDXBXXXCXXXD', 2, 16, 15),
(31663, 50, '045288', 29661, 30.516, 18.348, 48.864, 72.933, 2, 3, ' EDXXXEXABXXBBBXXXBDXBBXXXEBBXXXBXBXEBXXXXXXXXXBXXXXXXXXXXXXXXBCXXXXXDXXAXXXXXXXXXXXXXBCCXXXXXXXXXXXX', 2, 15, 12),
(31664, 51, '031385', 29662, 29.497, 18.348, 47.845, 72.933, 2, 3, ' ABXBXXXBXAXXABCXBXCADXXDXEEXXBBXXXXXXXXCXXXXXXXXXXXXCXXXXXDXXXXXXBXXXXXXXXBXXBXXXEXXXBXXXXXXBXEXXXEX', 2, 15, 13),
(31665, 52, '010992', 29663, 18.3, 28.543, 46.843, 72.933, 2, 3, ' XXBBAEXECXDBXEBCXBXXAXXXDBDXBXXXXAXXXXXXXDXXBXXXXXXBBXXXXXCXXBXBXCBXBBXXXXXXXXXXDXXXBXXCXXXDXXXDXXXX', 2, 16, 18),
(31666, 53, '034541', 29664, 26.446, 20.38, 46.826, 72.933, 2, 3, ' AXXXXXEBXXXBABXEXXBXBBXDXBXCXEBXXAXXXCCXXEXXDXXEXXXBAXXXXXXXXXBXBXBXXDBXXXXXXXXXXXXEXXXXXXEXBXXXEEXD', 2, 16, 18),
(31667, 54, '012922', 29665, 26.446, 19.364, 45.81, 72.933, 2, 3, ' EDXBXXCCXABBAXXBXEXABXBXXXXXXXXXBBXXXXBXXCXXXBXBCXDXXXXXXXXXXXBXBXXXEXXXEXXXCXXXEXXXXXXXXXXAXXXXXXXB', 2, 15, 15),
(31668, 55, '032284', 29666, 34.58, 10.175, 44.755, 72.933, 2, 2, ' XXXBXBCBBDBXEBXCXXDAEBBCXEBCDBXXXXEACBAXBXXXXXXXXXBXXXEAEXXXCBBAABBXXCXXXDXXXXXXXXXCXXXXXEXXCEAXXXAX', 2, 18, 28),
(31669, 56, '020364', 29667, 21.363, 22.422, 43.785, 72.933, 2, 3, ' DBXXCBBXBXXXBXXXXXXXXXXBXXCXXXBDAXXXXXXEBXEXDXXXBXXXXXXXXXXXXXXXXXXBXXBXXCXXBXXBDXBXDXXCXXAXXXXXXXXX', 2, 14, 13),
(31670, 57, '012197', 29668, 26.44, 17.317, 43.757, 72.933, 2, 3, ' ABAXBXXEBEABDXXXEXXABBXEBEXDCXCXXXXXEXEDXXBXXXEXBXXXBXXXXXXXBBAXDBXCCXXXXXDBXXXBEDXXXXXXXXDXXXXXAXXE', 2, 17, 25),
(31671, 58, '040961', 29669, 26.452, 15.285, 41.737, 72.933, 2, 3, ' XXBBBXXXXXAXXXBBBXXXXXXXBXXXXEXBXXBXXXEXXXXXXCXXXBXXXXXXXXAXXXXXXXXXXXXXXXXXXXXCABXEXXXXXABEXDBXXXXX', 2, 13, 11),
(31672, 59, '043066', 29670, 25.427, 16.296, 41.723, 72.933, 2, 3, ' AXDXBXXXXCXXBXDBXDAXBXBEXBEXXBXCAXXXAXBDXXXXXDXXDBCXXXXXXBXBXBXXDXXXXXXBCXXXXBDXXBXXXXXEDXCXXXXDCXXE', 2, 16, 23),
(31673, 60, '029599', 29671, 33.567, 8.148, 41.715, 72.933, 2, 2, ' AXBXXEXXBDBXEXXBXDXAXDBBXBXBAEBXXXXDXXXXXCXXXXXCXXXXXBXXXXBXXXXXXXXCXXXXXDXXXDXAXXXXXXXXXXCXXXBXXXXX', 2, 14, 15),
(31674, 61, '014175', 29672, 13.211, 24.464, 37.675, 72.933, 2, 3, ' AXBXBECAADXBBXXXDXAXDXAXEXCBXXXXXXXXEXDXBXXXBBXXXXXXCXXDXXXXXXXXXXXXBXXXXXXXXBXDBXXXXXXBBXXXXXEAXXDX', 2, 14, 19),
(31675, 62, '007556', 29673, 33.567, -0.01, 33.557, 72.933, 2, 3, ' EBXBCBXXBXCXXDXBBAAAXBBXXBXDXXXXXXXXXXDXXXXAXBAXXXXXXXXXXXXBXXXXCXXXXXXXXXEXEXXXXXXXXXXXXXXXXCXCXXXX', 2, 12, 15),
(31676, 63, '042883', 29674, 11.185, 21.401, 32.586, 72.933, 2, 3, ' XXXXDXXBAXXEBXXXXXXADXXBXXXXXEXXXDXADXXXXXCXXXBXXCXXXDXXEXXXDAXXXXAXBBXXXXXXXXBXBXXXXXCXXXXXXXBXXBBX', 2, 12, 16),
(31677, 64, '037578', 29675, 30.516, 2.012, 32.528, 72.933, 2, 3, ' XXCABBCBBBXXXBBXXAXAXAXXXBXXXBEXXBXAXXCXXXXCXXXAAEXXDXBXXXDXXDBXAXXXEEADDXXXXXDXCXDXBXXXAAXXXXXDBBXX', 2, 15, 28),
(31678, 65, '009389', 29676, 28.478, -0.02, 28.458, 72.933, 2, 3, ' XXDEXXBBXAXXCXXXBBEDXBEXBBEXBEADXXXXAXDXXXXXXXCXXXXXXXXXXXXXXEECXXXXXXXAEXCXBAXXCBXXXXXXBXBXAXXACXXX', 2, 13, 24),
(31679, 66, '015812', 29677, 11.173, 14.264, 25.437, 72.933, 2, 3, ' AEABXXXABAXXCXAXXDAACCXDDXXEBDXCXXEACBXXBEAXXXXXXXBBXXEXXXXXXXXXBXXXXBXXXXXXXXACXXXXXXXXXXXXXXXAXXXX', 2, 12, 23),
(31680, 67, '028527', 29678, 10.142, 10.13, 20.272, 72.933, 2, 3, ' CEADAABDBBAABDCECBBCADCBAABDCBDCEEBCBDEBBDDCEDCBBACADBDDBBDEDEDDDDCBDCACCEEDAAAADBCBEBBCAABCEAADAAAD', 2, 24, 76),
(31681, 68, '042069', 29679, 6.084, 11.186, 17.27, 72.933, 2, 3, ' DXXBABAXXABXXCXDDACBAXEXDXCXBDBXXXCDECCDBXDXXXCDXXXDXBXXCEBXXXDXDXCXXECCEXXXXBXBXXXEBBBXXXAEDXXECXXX', 2, 14, 39),
(31682, 1, '053096', 29680, 81.394, 124.397, 205.791, 72.904, 3, 1, ' ABBXXBBXBDBBBBBBBBBXBDBBABEBXBBABBXCXXDBXBBXXCEXBACBACBXBBBXXDBXBBBXBXBBBBXXBXXXBXXBXXBBBXBXBXBBXXBD', 2, 54, 14),
(31683, 2, '045847', 29681, 88.515, 115.208, 203.723, 72.904, 3, 1, ' ACBBBBBBBAABBECBBBBAXBBBBCBBXBXXXBXXBDXAACBBBBBCBBXBBBXBBCXBBBAXBXDEXBXXBAXDBBCBBEBBBBDXCBDCXBDDBBXD', 2, 56, 24),
(31684, 3, '049686', 29682, 54.936, 117.255, 172.191, 72.904, 3, 1, ' XBEDBXBCBEXXXCXBBCBXBXBBBBBBXBXBBXEBBXABBXXBBEBAEXXBXBBEXXXBBCBXDACBBBBEXXBCXXBXBXBXCXBBBBXXXXXBBBBD', 2, 47, 19),
(31685, 4, '016445', 29683, 85.464, 76.46, 161.924, 72.904, 3, 1, ' XXXBBABBAABBBDBBXBBABDBBBBBBBBAXXEDBBEDXBXXXXBBABXXBXBXXXCBXBXXBEBBEBXBBXXDDBXEXXXXEBCAXXBEXXAXBBBBX', 2, 45, 21),
(31686, 5, '021679', 29684, 75.286, 79.533, 154.819, 72.904, 3, 1, ' ABBBXXBBBXBBBBXBABBAEDBBDBBBACBXBXBXXEBBBBXXXXBXXXAAXBXXBXXXBBBBBXXBXXXXBXBXBXBDXXXAXXXXXXXXXXXBXXCX', 2, 41, 12),
(31687, 6, '040466', 29685, 81.394, 63.212, 144.606, 72.904, 3, 1, ' AXEBBXEBBABBBABXXBBDBBBBBBXBBBXXBXXXAXCBXXXXBXXBEDXXXBXBBBXXDXCXBXXXBBAXXXXXBXXBXECBXBAXBXXXXXBBXXXX', 2, 39, 14),
(31688, 7, '029698', 29686, 54.936, 85.639, 140.575, 72.904, 3, 1, ' DBCXBXXBBABCBBBXCBXABBXXXXEBBDXBEBXBXXXXBXXXXBXBDXBBAXBBAXBBDXDABBXXBBXBXBXBXDEXBBBXXDXAXBXBXEDABXAE', 2, 40, 22),
(31689, 8, '023223', 29687, 76.305, 64.228, 140.533, 72.904, 3, 1, ' BBBXBXEBBABBBBBDBXBABXBBEABBXBAXXEXXXBXBXBBXXBXXDXBEBBBXXXXXAXCADXABEXBXXXXBXBBBXXXBXBXXCXDBXXABXXXX', 2, 39, 18);
INSERT INTO `examen_postulante` (`codExamenPostulante`, `orden`, `nroCarnet`, `codActor`, `puntajeAPT`, `puntajeCON`, `puntajeTotal`, `puntajeMinimoPermitido`, `codCarrera`, `codCondicion`, `respuestasJSON`, `codExamen`, `nroCorrectas`, `nroIncorrectas`) VALUES
(31690, 9, '049459', 29688, 62.063, 76.48, 138.543, 72.904, 3, 1, ' ABBXBBBXBABXXABXXBBXEBXBBXXXBCXXXXXXXXXXXBXBXBBXBXBBBABBBXXXXXXBXXXXXBXBXXBXBBXXXXXXXXXXXXXXBXBXXXXX', 2, 35, 4),
(31691, 10, '042091', 29689, 65.114, 70.354, 135.468, 72.904, 3, 1, ' XBBBXBBXXXXBEXCBBBXABXCDBBBBBBXXXDXXBXBBBXXXEXXEBXBBBXXXBXXXXXBBBDXBXXXXXXXXBBCBXXXXAXXXXBXXXDXXBXXD', 2, 36, 11),
(31692, 11, '011831', 29690, 63.076, 66.28, 129.356, 72.904, 3, 1, ' ABBXBCCBBABAEXBBBBXABCBXXXBXDBXXBXXBXXXXXXXXXDEXXXBXXBXXXXXBXXXXBXBXXBXBBXXXBBBXBXXXXXBXXXXXXXEBBXXX', 2, 34, 9),
(31693, 12, '013836', 29691, 50.866, 77.491, 128.357, 72.904, 3, 1, ' XBXDEBBBBCXBXBXXCXXABBXBBAEBXBXBCBXXXBXXXXXBXCBBXAXBXBBXXEBXXXXXXBBXXXBXXXXXBXBXCXBXXBEXDXXBXBXXXEBD', 2, 35, 14),
(31694, 13, '031503', 29692, 60.031, 65.259, 125.29, 72.904, 3, 1, ' AXXEBBXXXABBXXBXXXXABBXBBBBXXBXXBXXBBXXXXXXXXXXXXXXXBCEXXBXXBXBBAXBXXXXXXXBXBXXXBXXXBBBXXXBXBXXXXDXX', 2, 32, 5),
(31695, 14, '049437', 29693, 48.834, 74.428, 123.262, 72.904, 3, 1, ' XBBACBXXBXBBXXXXXBBAXCXXBABBBXEXXAXXXCBXBXXBXBXDDBDXXXBBXBXBXXXBXXXXXBXXXBBBXBBEXCXXXBDXXXBBXBCABXXX', 2, 34, 15),
(31696, 15, '033438', 29694, 40.688, 81.56, 122.248, 72.904, 3, 1, ' BXBAXEEBXABBEBCBXBBXBXXBDXXEBXBXXXXXBBBBBXXBXDDXXXBXBXCDXBXBDXBXDAXBXDBCBBBXXDBEXXXCBBBBXBXXAEBXXEDX', 2, 36, 24),
(31697, 16, '020066', 29695, 65.114, 55.049, 120.163, 72.904, 3, 1, ' AXBBBBCXBAABBBBEXXBABBXEXXBBXXXBXXBDXDXXBCXXXBBBEBXXXXXBBXXBBXXECBBXXBXEXAXXXAEXXEEBXXXDBXXBXXCXXXXX', 2, 34, 18),
(31698, 17, '011781', 29696, 63.076, 54.023, 117.099, 72.904, 3, 1, ' ABBXBBBBXXBXBBBBDBXABBABDEDCXXXXBAECXXXXEBBXXXDABBXXCBXDBXBEBBXXCXXXBCDBDDXXBXXXCXBXBXAXBCXXEXAXBXXD', 2, 35, 25),
(31699, 18, '005501', 29697, 60.025, 56.075, 116.1, 72.904, 3, 1, ' AXBBEBXBBAXECXXXBBDABBBDXXBBBXXBXXXBXAXXXBXBXXXXXXBXXXEBXXXXXXAXXXBBXBXBBXBXXXBCBDXXDCXXXCXXXABXXBXX', 2, 32, 14),
(31700, 19, '045131', 29698, 79.362, 34.669, 114.031, 72.904, 3, 1, ' ABBBBXXBXXBABXDBBBBABXBBBBBXBXXXXXXXXXXXXXXXXXXXBXBXXXXXXBBBXXXXEXXXXXXXXAXXXXXBXXXXXXBBXBXXXXXXXXXX', 2, 29, 4),
(31701, 20, '025252', 29699, 38.65, 74.423, 113.073, 72.904, 3, 1, ' DXBAEBXBBDXDBABXBXBACBADXBBXXABBBXXXXXBXXXXBCXXXXBXXEBEBCBCXXXXBBBXEXXBBBBAXBEXXEDXXXACXCBXBBXDXXDBD', 2, 34, 25),
(31702, 21, '049113', 29700, 47.815, 63.207, 111.022, 72.904, 3, 1, ' BBXAXBDBXXXBBBBXEBBXBBXXXBDXBXBXXXXXDBBBXBXXXBXCBCBADBXXABXXXBXXCXXXBEEXXBBEXBXBXXXDEABXXXBCXXXXXXXD', 2, 32, 19),
(31703, 22, '015723', 29701, 61.044, 47.917, 108.961, 72.904, 3, 1, ' BBXBDXXBBAEXBXBBBXXXBBBBXABBBXXEXCBXBBXXXXBAXXXBBXXBXXXXXXXABXXXBBXXXXBXXBXCXXXXXCXAXXXBDXXXXXXXAXBX', 2, 30, 13),
(31704, 23, '010013', 29702, 72.241, 36.706, 108.947, 72.904, 3, 3, ' AXXXXBBBBABXBBBXXBXABXBXXBBCBBBXXXXXXBXXXXBAXBXXXXXXXXEXXXXBXXXXAXBXXBXXXXXXXXXBXXABXXXXXXXXXXXXXBXX', 2, 28, 5),
(31705, 24, '029817', 29703, 70.203, 37.727, 107.93, 72.904, 3, 3, ' ABXBXBXBBDBBBBXEBXBAXBBXCBBBXXXXBXXXBXBXXXXXXXXXXXXXXXBXEXXBXXXXBXXBXDXXXXXXXXXBXEXXXXBXXXXXXXXXBXXX', 2, 28, 6),
(31706, 25, '019571', 29704, 75.292, 29.559, 104.851, 72.904, 3, 3, ' ABBBBXBXBXXBBBEXXBXABBEBXXBBBBCXXXEXXEXXEXXBXBXXXBXXXBXXXXXXEXXBBBXDXXXDBXXXXBCXXXXXEAXXXXXXAXXXBXXX', 2, 29, 13),
(31707, 26, '046258', 29705, 63.076, 39.759, 102.835, 72.904, 3, 3, ' ABXBEBDBBXBBBEBCCBXABDXXBBBBXXXXXXXXXXXBXXXXXBXXCXBXAXXXXBXDXXAXXBXEXBXXXBBXEXEXXXXXCXBXXBXBXXXDXXXD', 2, 29, 15),
(31708, 27, '050234', 29706, 45.771, 56.075, 101.846, 72.904, 3, 3, ' DXEDBDCBXXBBBDXEBBBDEBEXABBBBBDXEBABXXXXXXXBXXXXBCXXBEXXXBXXBXXEXBXBBXBXXXXXXXBXXXBBXBXXXXXAXXEXAXXD', 2, 30, 20),
(31709, 28, '026087', 29707, 53.911, 46.871, 100.782, 72.904, 3, 3, ' ACABCBABDXBBBCBBBXCAAABBXEDBBBBAXXXDDABXBCAXBXBXDEEAEABBCXXXAXDXEBXCXBDCBBBXADBCBDBCDEDBEXXBBEXXDBXX', 2, 35, 41),
(31710, 29, '038841', 29708, 78.343, 22.432, 100.775, 72.904, 3, 3, ' ABBBBCBBBXEXXXBBXXBABXBBBBCBBBXXBXXXXXXXXXXXXBXXXCXXBXXXXBBXXXXXXXXXBDXXXXXXXXXXXXXXXXXXXXXXXXXXXXXX', 2, 26, 5),
(31711, 30, '043922', 29709, 68.165, 31.601, 99.766, 72.904, 3, 3, ' AXBBBBBXDAAXBXBXBBEAAXBBXBBBEBXBXXXXXXBXXXAXXXXXXXXXXXBXXXXXCBXXXXBXXXXXXXXXCXDXXDXAXXXXBBXXEBEXBBXC', 2, 28, 14),
(31712, 31, '021754', 29710, 47.815, 50.98, 98.795, 72.904, 3, 3, ' AXXBXXEBBXBBBXXBDBXXABBDXCBXBXXXXXXAXXDXXXXXXXXXXBBBXXXXAXXXXBXXXXXXXBBXXXBBBXXBBXXXXXXECXXBAXBBXXXX', 2, 27, 11),
(31713, 32, '040713', 29711, 38.65, 60.124, 98.774, 72.904, 3, 3, ' BBDXXCXBDEEBBBBXXXBXBBBBXBCACCBEXXDXXEBBBBBCEBCBDDAXCBXBCXDXCBBXBDAAACCXBBCEADXBBBECBEDXABDXEBABCCBX', 2, 35, 43),
(31714, 33, '025614', 29712, 34.574, 63.197, 97.771, 72.904, 3, 3, ' DBBBEEXBXECXBBBBCEDBBDDBECXBCBXBXBXCXEBDEXBBDBXXXABAXXXCBBXAEEXAABXEBDBAXBXXBDXXDBXBBBXXCXBXAAXCXBBX', 2, 33, 36),
(31715, 34, '001849', 29713, 45.783, 50.965, 96.748, 72.904, 3, 3, ' XBXBXXXXBXXXBXXBBCXDBABXBBBXXBBXXCEBXXBBXXDBEXBXBXEXXBXXBXBXAEXCXBXBABXXAAXABBCXXCCXXCXXDXXXBXXXXXED', 2, 29, 21),
(31716, 35, '047643', 29714, 42.726, 53.012, 95.738, 72.904, 3, 3, ' ADBDBBDCBXBBXABXXXBXXXABXBXXXBEXBBXXBXBXXCXXXXXXXXXXEEEXCBXXXXXXBBXXXXXXXXBBEBXXEABBXXEXDXXBXXXBXBBB', 2, 28, 18),
(31717, 36, '043811', 29715, 53.923, 40.78, 94.703, 72.904, 3, 3, ' ABEEXXXXEXXBXXBBBXBXXBBXBBBBBXXXXAXXXXXXXXXCXABXBXXXBXXBXXXXXBXXXXXXXBXXXBXBXDXXEXXCXXBXXXXXBAABXBXX', 2, 26, 11),
(31718, 37, '043708', 29716, 60.025, 34.659, 94.684, 72.904, 3, 3, ' XXBXBXBXBADXDBBBECXABBBBBXEBXBXXBXXBXXXXXXXBXXXCXXXXXXXXBXBXXDXXXXXXXBXXXXXCCDDBXXAXXBXCXXXAXEBBXXBX', 2, 27, 15),
(31719, 38, '015505', 29717, 63.076, 31.596, 94.672, 72.904, 3, 3, ' ABBXBBBAXABBXBBECBBDXXXXABEBBBAEXXXXXBXBCXXXAAXXXBCXXXBXBXEABXXBXXXXXDXXXEXAXXXXXXXXBXXXEDXBBXXXBXXX', 2, 28, 19),
(31720, 39, '014447', 29718, 40.682, 51.966, 92.648, 72.904, 3, 3, ' AEXCDBBXBEDBXDEBXBBAAADABBBXBEEXBCEBBEXCBXXXDBBXBXBXXEBBAEDBCEBAXBBADCDAXDBEEBDXECDBBEDBXXBEAECBXDCX', 2, 34, 45),
(31721, 40, '046992', 29719, 50.866, 39.759, 90.625, 72.904, 3, 3, ' XBBXBBXDBXBBXXXBBBBADABXBCDAXXXXXXCXXDXBBXXXDXXXXBXXXXABXXXXDDXXXBBXXBCXBXXXXXXXXBXXXXEBXXBXXCXXBXXX', 2, 26, 15),
(31722, 41, '010258', 29720, 61.044, 29.564, 90.608, 72.904, 3, 3, ' AXXCBDBBXXXXBABXBEBXBBBBBBBXXBXXXXBXBXXBXXXXXXXXXBXXBXBXXDXXXXEXXXXXDXXXEXXAXXXXXXXXXXXXBXXXXEXXBXBA', 2, 25, 11),
(31723, 42, '035089', 29721, 38.656, 50.965, 89.621, 72.904, 3, 3, ' AXEABBXBDABXXDXBBXEAXDXBXXXBXXBXEXBBXXBXBBCABXXCXXBXXXXBXBBABXECACCXCXXXXDBBDXBEXXXXXXBAXXXXCBDXXXCX', 2, 28, 24),
(31724, 43, '039334', 29722, 35.605, 53.022, 88.627, 72.904, 3, 3, ' AXXABEXXAXXBDXXDXXXAXBBBXBXXBBBXXXXXBXAXBXXBXXXBXBXXXXBXXXBXXXXXXXBXXXXXBBXXXXXXXCBBXXXXXXXBXXXXXXDB', 2, 24, 9),
(31725, 44, '044531', 29723, 54.942, 32.627, 87.569, 72.904, 3, 2, ' XBBBBXXBXABXBBBBXDXXBXBXXBXXEXXXXXXXXXXXXCXXXXBXXXXXXXBXXXXXXXXABXDXXBXBXXXXXBXXBXXXXBXXBXXXCXXXXXXX', 2, 23, 6),
(31726, 45, '022377', 29724, 50.866, 36.696, 87.562, 72.904, 3, 3, ' AAXDBBXBCXBXEXBCXDXAXBBXXBBBBBDBXEXXXXDXXXXXXCXBXCBXBXXXBXDBDXEBXXBBXXXXXXDXXXXXXXXCXXBXXXAXDXBBXXXX', 2, 26, 18),
(31727, 46, '013496', 29725, 51.885, 34.649, 86.534, 72.904, 3, 3, ' ABBDXXXBXABAEBBXXBXAXBBBABXXXCXBXEXCBAXXBXXXXXDBBAXXXXXCAXXDXBBBXDCAXCBXXCEXXAXXXBCBXXEXXXBXXEXXXBXX', 2, 27, 23),
(31728, 47, '024959', 29726, 61.044, 25.485, 86.529, 72.904, 3, 3, ' ABXXBCBBXAAXBXXEBXBAXXBBBBBBAXEXBXXXXXXXCXXXXXXXXBXXXXXXXXXXXXXEXXAXXBBXXXXXXXXXXXDXCXXXBXXXXXBBXEXD', 2, 24, 11),
(31729, 48, '005603', 29727, 35.587, 50.93, 86.517, 72.904, 3, 3, ' DEADBEBBBCDEDEDBAEBABABBBDCBDBBDAABCCDCCBABABDBBBABDDAADBDABABBBEDEECBADDABBAABEADBEDBCEADBABCDDECBD', 2, 37, 63),
(31730, 49, '003814', 29728, 54.936, 30.57, 85.506, 72.904, 3, 3, ' XXBBABBBXXXBCXBDBXDDBABBBBBXBXXXXXACXCAXXXXXECABXXXXXXAXBDXXXBXXCXXBXXBXBDCXXEXXDXBXDBXXBCBBXBXXDXAX', 2, 27, 24),
(31731, 50, '025625', 29729, 50.866, 32.622, 83.488, 72.904, 3, 3, ' EXXBAXBBXABBXXBBEXXXBEBEBXBBBCDDXXXXXXXXXXXBXXXXXXXDXXXBXBXBAXXXXXXBXEDXXXXBBAXXXXXXXBXXAXXXBXXXXXXD', 2, 24, 14),
(31732, 51, '040709', 29730, 46.796, 35.69, 82.486, 72.904, 3, 3, ' XBDBDBBBBABABXXXXXBXBXXEBXXDDBXXXXXXXXXBXBXXXXXXXXXXXXXXXXBBXXCXXXXBBXXXXXXXXXBXBXXXBXXXXXXXXXXXXXXX', 2, 22, 7),
(31733, 52, '034194', 29731, 50.866, 31.596, 82.462, 72.904, 3, 3, ' XBBABAABBBBBBBDXXBXXBXXBXXBCXBXXBXXXXXXXXBXXXXXXXXBEXXXXABCXXCXEXXXCXXBXCBXBXDDBXXXXXDBXBXDXXDXXXEBX', 2, 25, 19),
(31734, 53, '047466', 29732, 35.593, 45.85, 81.443, 72.904, 3, 3, ' BCBXCEBABEDBBXABBBCXBCBXBBDEXDEACXCBBXXCXBAXBEXBAXCXBXXCCABBDBBECXXXABBXABBDXXBDDBXXDACXEDEBBAABDEXC', 2, 31, 44),
(31735, 54, '036537', 29733, 47.815, 31.596, 79.411, 72.904, 3, 3, ' ABXXBXBBDXXBCXBBBDBABXAXXXBEXXXEBDXXXDCBXXCBXBXXDXCXXXXXXBEXBBXCXXXXXXXBXAXAXXXBXBXXXXXXXXEBXXXXDXXX', 2, 24, 18),
(31736, 55, '000207', 29734, 40.688, 36.686, 77.374, 72.904, 3, 3, ' AXBBCCDXBXBBEXBBBXXAEEEEBXXBXXXCCXBCBXXEXXAXXBDXCXCBBXAXXABXCAXXXDXEXCXXXBEBEXDXBXXXXDXBBXXXDXXBBXXD', 2, 26, 28),
(31737, 56, '050548', 29735, 47.809, 29.529, 77.338, 72.904, 3, 3, ' XDDXBXBBXEBBBEBBEBBEEBBXBBXXEEECXCDAEEEEDBBEBXXBDEXAXEXCEBABXXBCXACXDCXXBXDAEAABBXXBEBBCBBBXEXEAXAXA', 2, 30, 44),
(31738, 57, '044694', 29736, 38.656, 35.685, 74.341, 72.904, 3, 3, ' XXXBXBXXXBBBBXCXXCBCABABXBXXBBXXXXXXXXCXBBXXBXXXBXXXXXBXXECXXBCXXBXXXXXXXXXXXXXXBXXXXBXXBXXXXXXXXXAX', 2, 21, 11),
(31739, 58, '037791', 29737, 46.796, 27.522, 74.318, 72.904, 3, 3, ' ABXXXXBBBEXBDBXXCDBXCXBBBBBCXXXCXBXXXXXXXXXEXXXBBXXXXDXXXXXBXXXEXEXXBXBXXXXBXXXEDXXCXXXXXXCXXBXXXBXX', 2, 22, 15),
(31740, 59, '053856', 29738, 61.038, 12.217, 73.255, 72.904, 3, 3, ' BBBABBXBBEXBBBBXCDXBBDBBXBBBBDXXXXXADXXCXXCXXXXXXAEBXXXXBXABXXXXCXXBEBXXXDXXDXXXXBAXXXXXXBXXEXXAXAEX', 2, 24, 24),
(31741, 60, '047563', 29739, 52.904, 19.374, 72.278, 72.904, 3, 2, ' ABXXAEXBBABXXBXBXXBXXXABBBBXBABXXXXXXXXXXXXXBXBXXXXXXXXXXXXXXXXXXXXXXXXXXXBXXXXXXXXXXXXXXXABXXXXXXXX', 2, 19, 5),
(31742, 61, '025222', 29740, 29.497, 41.791, 71.288, 72.904, 3, 3, ' AXBXBXBXXXBXAXXDBBDEBCBXXXCXXECXDBXXBXXXBXBEXXCXACXXCBXDXCXBXXXXXXXXBBBXXBXAXDBACXXXXXXBXXXAEXBBXXXX', 2, 23, 22),
(31743, 62, '022404', 29741, 46.796, 23.448, 70.244, 72.904, 3, 3, ' ABXCBBBBXXBXBBXAXBXXAAEBXXEBBXXBXXXXXBXXXXXCBEXXXXXXXXXXXXXBXXXXXXXXXXXXXXXBBXXXCXXXXBXXXXAAXXXXXXXX', 2, 20, 11),
(31744, 63, '003569', 29742, 33.567, 35.68, 69.247, 72.904, 3, 3, ' EXBCEBXXXXBBXXXCABXAABDBBXXXXBXXXXBBBXXBAXXXDXEDXBXXXXXXXXXXEXXEXXXXBXDXBADXXXXBXXXXXXBXXXXXXXXBXBXX', 2, 21, 16),
(31745, 64, '027316', 29743, 46.796, 22.432, 69.228, 72.904, 3, 3, ' CBEBBXDXXAAXBXBXBXBAXXXXBBBDBEXXXXXXXXXXXXXXXBXXBXXXXBXXXXXBXXXXXXBXXXXXADXBXXXXXXXXXXXXXXXXXXXXXXXX', 2, 19, 8),
(31746, 65, '035255', 29744, 38.656, 30.565, 69.221, 72.904, 3, 3, ' XXXXXXBBEXBCBECXXBBXXBBBABBXXAXCAXBBBCXCXXBXXBXBBXXBXXEXXEDDACXBABDXDXAXXXXXXEBDXXXDXXXXBXXADBCXAXEX', 2, 24, 28),
(31747, 66, '039638', 29745, 28.478, 38.743, 67.221, 72.904, 3, 3, ' XBXXXBBBCXXXBBXAXCBDXXEXCXEBBEXXXXXXXXXXXBXXXXXXDXXXBCXXXXBXXBBXBXAAXXXXXXXXXXXXXXXXXBBXBXADXBXBXXXX', 2, 20, 14),
(31748, 67, '043413', 29746, 34.586, 31.591, 66.177, 72.904, 3, 3, ' EXAAXDXXBXBBBXXXBXBABXXBCBXXXAXXXBXXXXXXBXEAXXXXXXBXEXABDCCXXBXXCEBXXBBABXXBXEXXXXXEXACBBXXXXXAXXXEC', 2, 22, 23),
(31749, 68, '030388', 29747, 51.885, 14.239, 66.124, 72.904, 3, 3, ' AXXCXXBBBAXBXBDEBBBXXXDBXBBXBECXBABXCXXCCDABABAEXAXACEDDXAXXCXXXXXXDBEXXDEAXBCBEDXBEBXXXCXBXCXDXBXXX', 2, 25, 35),
(31750, 69, '040479', 29748, 40.676, 25.43, 66.106, 72.904, 3, 3, ' ABBBDDAEAADABBBBDAAEDBBABABABCEBEDBBBCBCDAECBEBDDEADEDDCECBEBBEDCABDEEDEDBDCBDEEDDDEBEBBEACBDBDACCBE', 2, 33, 67),
(31751, 70, '017421', 29749, 39.669, 25.48, 65.149, 72.904, 3, 3, ' EBBXXDBBXXCDBBBDXXBXABXXBDBDCBXXXXXXXDXBXBXXBXXEXBXEXEXDXXXXBEBXDBXXXXXXXXBXXXXBXXAEXXXXXCXXXXXXXXCX', 2, 21, 20),
(31752, 71, '051774', 29750, 26.446, 36.696, 63.142, 72.904, 3, 3, ' XCXXXAXCEAXXBXCBXXCABXXXXXBBBXDXABXBXXXBBAXAXBXXBXDXXXXXXXXDBXXEXBXXDXEXXXXBXEXXXXXXXXXXBXBXEXBCXXXX', 2, 20, 18),
(31753, 72, '013721', 29751, 34.58, 28.538, 63.118, 72.904, 3, 3, ' DABXBBACXDCXXXBDXADABBDBBBXXBXXXXXXCBBXEBXXXXAXEXXCXDXXXCBDBXXXXXXXEXXXXXBXXXXXXBXXBBDDXXXXXXDXXBXXX', 2, 21, 22),
(31754, 73, '041686', 29752, 40.694, 21.391, 62.085, 72.904, 3, 3, ' XBBXCBBXBBBBEBBXXXBXXXXXXBXAXXXCXXXXCCXDXXXBXXXBXBXEACBXXXXEXAXXXXBXXXXBCCADAEXEBXXXBCXXBXXBXXDXXXXC', 2, 21, 23),
(31755, 74, '018946', 29753, 35.587, 26.456, 62.043, 72.904, 3, 3, ' CABBBCBBDEBBBEBCADDAEBDBEBAECDBEAXEEBCDEEAECEXDCBBXEXDAEBCBAECBBABADCDABDBEBBABEAEEBCXCBDCXCCBBEDEEE', 2, 31, 63),
(31756, 75, '006474', 29754, 40.694, 19.359, 60.053, 72.904, 3, 3, ' AXBBXXXXBXXXDBXXXBXBBBBABXXXCBXBXXXXXBEXCXXXXXXXBXXEXXXDEXBXXXXXXDXXXXXXBBXXXDXXBAEXBXXCXXAXCXXXXDXX', 2, 19, 17),
(31757, 76, '046012', 29755, 39.669, 20.38, 60.049, 72.904, 3, 3, ' CXBEBADABADBABBBXDXXAXBBXXBXXBEXXDXEXXXXXBXXXXCABCCXXXXXXXXCXXXXXXBXXXXXXXBXXXXXXXBDBXXEBXBEXXXXEXXX', 2, 20, 21),
(31758, 77, '051051', 29756, 25.409, 34.619, 60.028, 72.904, 3, 3, ' EBBEBABEBDCBDCBDCDBACEDBBCDAACEBDDCCBBCDBXCXXBABCBECABBCBBEAEBBXEDXDDXBBABDCCXCCEECABXBBDDADCDEADEXC', 2, 30, 61),
(31759, 78, '020784', 29757, 27.447, 31.566, 59.013, 72.904, 3, 3, ' AECABBAECCABABCAXDBACBCBDEBXBDDBXABXAXACXXCDXCCBDBDCEAEEXECXABBEBABEDBBBCEBADEBBCBEAXXXCABAEXXXAXXAD', 2, 28, 54),
(31760, 79, '011266', 29758, 45.771, 13.208, 58.979, 72.904, 3, 3, ' BABBBAXBBBXBBXECCBEAEBABXBXABBXAXBXBEBBABBABXBEBXCEAECXEDXXXCDXBDCEBEAAXDCXEADXEDAACDXXXEXDCXCBAEEBA', 2, 27, 50),
(31761, 80, '053294', 29759, 19.325, 38.743, 58.068, 72.904, 3, 3, ' XXEAXXBBAEXXXXXXXXXXXXXXXBBEBBXXBXXXXBXXXXBXXXXBXEXXBXXXAXXCXXXXXXXXBXXBBXXXXXBXXXXXXXXBXDEXAXXBXXXX', 2, 17, 11),
(31762, 81, '017382', 29760, 30.51, 27.527, 58.037, 72.904, 3, 3, ' XAAEBCBXBXADXXBBBEXABXAEXXBXBEXXXXXXXXXXXDBDXXXXXXXXXXXXXXXXXXXXXDXXXXXXXBBXAXXXXBBXXXXXXXBEBXXXXXXD', 2, 18, 15),
(31763, 82, '042355', 29617, 37.643, 20.38, 58.023, 72.904, 3, 3, ' ABXXXBBXBXXXXBBXXXBXXAAXBBXXDXXXXCBXBXBEXXXXXXXXCXXCXXXXXBXXXCXXXXXXCXXXXXXEXXAXXXXAXXXXEXCXBCXBBBXX', 2, 18, 15),
(31764, 83, '028311', 29612, 40.688, 17.317, 58.005, 72.904, 3, 3, ' XXCDXXCBBABBBDXXBBDAABXBXXEXABDXXXXXDXXXXXBXXXBXXXXXXXXDXXBXXACXXXDXBXXXAXXXXEDXXAXBDBBEXEXXXXXBDXEX', 2, 20, 23);

-- --------------------------------------------------------

--
-- Estructura de tabla para la tabla `facultad`
--

CREATE TABLE `facultad` (
  `codFacultad` int(11) NOT NULL,
  `nombre` varchar(100) NOT NULL
) ENGINE=InnoDB DEFAULT CHARSET=utf8mb4;

--
-- Volcado de datos para la tabla `facultad`
--

INSERT INTO `facultad` (`codFacultad`, `nombre`) VALUES
(1, 'Facultad de Ciencias Biológicas'),
(2, 'Facultad de Farmacia y Bioquímica'),
(3, 'Facultad de Medicina'),
(4, 'Facultad de Estomatología'),
(5, 'Facultad de Enfermería'),
(6, 'Facultad de Ciencias Físicas y Matemáticas'),
(7, 'Facultad de Ingeniería'),
(8, 'Facultad de Ingeniería Química'),
(9, 'Facultad de Ciencias Sociales'),
(10, 'Facultad de Derecho y Ciencias Politicas'),
(11, 'Facultad de Ciencias Económicas');

-- --------------------------------------------------------

--
-- Estructura de tabla para la tabla `grupo_iguales`
--

CREATE TABLE `grupo_iguales` (
  `codGrupo` int(11) NOT NULL,
  `codAnalisis` int(11) NOT NULL,
  `puntajeAP` float NOT NULL,
  `puntajeCON` float NOT NULL,
  `puntajeTotal` float NOT NULL,
  `correctas` int(11) NOT NULL,
  `incorrectas` int(11) NOT NULL,
  `respuestasJSON` varchar(1000) NOT NULL,
  `vectorExamenPostulante` varchar(2000) NOT NULL
) ENGINE=InnoDB DEFAULT CHARSET=utf8mb4;

-- --------------------------------------------------------

--
-- Estructura de tabla para la tabla `grupo_patron`
--

CREATE TABLE `grupo_patron` (
  `codGrupoPatron` int(11) NOT NULL,
  `codAnalisis` int(11) NOT NULL,
  `nroIncorrectas` int(11) NOT NULL,
  `nroCorrectas` int(11) NOT NULL,
  `puntajeAdquirido` float NOT NULL,
  `respuestasCoincidentesJSON` varchar(1000) NOT NULL,
  `vectorExamenPostulante` varchar(2000) NOT NULL
) ENGINE=InnoDB DEFAULT CHARSET=utf8mb4;

--
-- Volcado de datos para la tabla `grupo_patron`
--

INSERT INTO `grupo_patron` (`codGrupoPatron`, `codAnalisis`, `nroIncorrectas`, `nroCorrectas`, `puntajeAdquirido`, `respuestasCoincidentesJSON`, `vectorExamenPostulante`) VALUES
(759, 91, 0, 19, 77.402, '{\"2\":\"B\",\"5\":\"B\",\"8\":\"B\",\"9\":\"B\",\"11\":\"B\",\"12\":\"B\",\"13\":\"B\",\"25\":\"B\",\"26\":\"B\",\"28\":\"B\",\"29\":\"B\",\"30\":\"B\",\"38\":\"B\",\"53\":\"B\",\"54\":\"B\",\"55\":\"B\",\"58\":\"B\",\"77\":\"B\",\"93\":\"B\"}', '31429,31486'),
(760, 91, 1, 15, 60.058, '{\"1\":\"A\",\"2\":\"A\",\"3\":\"B\",\"5\":\"B\",\"7\":\"B\",\"13\":\"B\",\"17\":\"B\",\"19\":\"B\",\"20\":\"A\",\"21\":\"B\",\"23\":\"B\",\"27\":\"B\",\"28\":\"B\",\"75\":\"B\",\"87\":\"B\",\"99\":\"B\"}', '31435,31507'),
(761, 91, 0, 16, 65.156, '{\"6\":\"B\",\"7\":\"B\",\"9\":\"B\",\"10\":\"A\",\"11\":\"B\",\"12\":\"B\",\"17\":\"B\",\"19\":\"B\",\"20\":\"A\",\"21\":\"B\",\"26\":\"B\",\"29\":\"B\",\"30\":\"B\",\"48\":\"B\",\"57\":\"B\",\"78\":\"B\"}', '31443,31492'),
(762, 91, 2, 14, 54.974, '{\"1\":\"A\",\"2\":\"B\",\"4\":\"B\",\"8\":\"B\",\"9\":\"B\",\"11\":\"B\",\"17\":\"B\",\"19\":\"B\",\"20\":\"A\",\"27\":\"B\",\"59\":\"B\",\"62\":\"C\",\"65\":\"B\",\"76\":\"B\",\"78\":\"D\",\"79\":\"B\"}', '31445,31486'),
(763, 91, 4, 9, 32.584, '{\"3\":\"B\",\"12\":\"B\",\"13\":\"C\",\"14\":\"B\",\"24\":\"B\",\"28\":\"B\",\"32\":\"D\",\"33\":\"B\",\"37\":\"B\",\"52\":\"B\",\"57\":\"B\",\"75\":\"D\",\"78\":\"E\"}', '31451,31553'),
(764, 91, 2, 12, 46.836, '{\"2\":\"B\",\"4\":\"B\",\"5\":\"B\",\"6\":\"B\",\"10\":\"A\",\"13\":\"B\",\"19\":\"B\",\"21\":\"E\",\"26\":\"B\",\"64\":\"B\",\"71\":\"B\",\"75\":\"E\",\"79\":\"B\",\"83\":\"B\"}', '31465,31486'),
(765, 91, 3, 10, 37.659, '{\"6\":\"B\",\"10\":\"A\",\"13\":\"E\",\"14\":\"B\",\"17\":\"B\",\"20\":\"A\",\"21\":\"B\",\"25\":\"A\",\"28\":\"B\",\"29\":\"B\",\"82\":\"B\",\"97\":\"D\",\"100\":\"D\"}', '31467,31530'),
(766, 91, 6, 7, 22.404, '{\"2\":\"B\",\"4\":\"D\",\"8\":\"B\",\"20\":\"A\",\"29\":\"C\",\"33\":\"B\",\"51\":\"B\",\"57\":\"B\",\"69\":\"C\",\"74\":\"D\",\"83\":\"A\",\"88\":\"B\",\"90\":\"D\"}', '31479,31553'),
(767, 91, 4, 14, 52.941, '{\"1\":\"A\",\"2\":\"B\",\"8\":\"B\",\"14\":\"B\",\"15\":\"B\",\"19\":\"B\",\"20\":\"A\",\"23\":\"B\",\"24\":\"B\",\"32\":\"D\",\"33\":\"B\",\"40\":\"B\",\"52\":\"B\",\"68\":\"B\",\"70\":\"D\",\"72\":\"B\",\"84\":\"D\",\"99\":\"A\"}', '31531,31553'),
(768, 91, 3, 8, 29.501, '{\"1\":\"A\",\"4\":\"B\",\"9\":\"B\",\"10\":\"A\",\"15\":\"D\",\"17\":\"B\",\"18\":\"B\",\"23\":\"B\",\"26\":\"B\",\"29\":\"C\",\"30\":\"C\"}', '31585,31594'),
(769, 92, 0, 18, 73.323, '{\"3\":\"B\",\"4\":\"B\",\"7\":\"B\",\"9\":\"B\",\"12\":\"B\",\"13\":\"B\",\"18\":\"B\",\"19\":\"B\",\"20\":\"A\",\"23\":\"B\",\"25\":\"B\",\"30\":\"B\",\"43\":\"B\",\"46\":\"B\",\"49\":\"B\",\"62\":\"B\",\"70\":\"B\",\"90\":\"B\"}', '31626,31683'),
(770, 92, 0, 16, 65.165, '{\"9\":\"B\",\"11\":\"B\",\"13\":\"B\",\"15\":\"B\",\"18\":\"B\",\"19\":\"B\",\"22\":\"B\",\"23\":\"B\",\"24\":\"B\",\"25\":\"B\",\"29\":\"B\",\"30\":\"B\",\"33\":\"B\",\"45\":\"B\",\"57\":\"B\",\"58\":\"B\"}', '31632,31687'),
(771, 92, 0, 15, 61.095, '{\"2\":\"B\",\"3\":\"B\",\"11\":\"B\",\"12\":\"B\",\"16\":\"B\",\"18\":\"B\",\"19\":\"B\",\"21\":\"B\",\"24\":\"B\",\"28\":\"B\",\"30\":\"B\",\"34\":\"B\",\"52\":\"B\",\"67\":\"B\",\"93\":\"B\"}', '31638,31682'),
(772, 92, 4, 20, 77.381, '{\"4\":\"B\",\"5\":\"B\",\"6\":\"B\",\"7\":\"B\",\"8\":\"B\",\"9\":\"B\",\"13\":\"B\",\"20\":\"A\",\"22\":\"B\",\"23\":\"B\",\"25\":\"B\",\"26\":\"C\",\"27\":\"B\",\"28\":\"B\",\"37\":\"B\",\"40\":\"A\",\"50\":\"B\",\"52\":\"B\",\"54\":\"B\",\"57\":\"B\",\"68\":\"E\",\"79\":\"C\",\"86\":\"B\",\"90\":\"B\"}', '31641,31683'),
(773, 92, 0, 15, 61.113, '{\"4\":\"B\",\"5\":\"B\",\"10\":\"A\",\"12\":\"B\",\"13\":\"B\",\"16\":\"B\",\"23\":\"B\",\"25\":\"B\",\"43\":\"B\",\"44\":\"B\",\"60\":\"B\",\"73\":\"B\",\"78\":\"B\",\"83\":\"B\",\"94\":\"B\"}', '31647,31683'),
(774, 92, 5, 8, 27.502, '{\"2\":\"B\",\"12\":\"B\",\"21\":\"B\",\"28\":\"A\",\"41\":\"B\",\"42\":\"B\",\"51\":\"A\",\"53\":\"C\",\"70\":\"C\",\"77\":\"A\",\"82\":\"B\",\"90\":\"B\",\"96\":\"B\"}', '31648,31713'),
(775, 92, 2, 13, 50.915, '{\"2\":\"B\",\"3\":\"B\",\"9\":\"B\",\"11\":\"B\",\"12\":\"B\",\"13\":\"B\",\"17\":\"B\",\"26\":\"B\",\"27\":\"E\",\"36\":\"C\",\"59\":\"B\",\"66\":\"B\",\"69\":\"B\",\"81\":\"B\",\"84\":\"B\"}', '31649,31682'),
(776, 92, 2, 12, 46.82, '{\"1\":\"A\",\"3\":\"B\",\"9\":\"B\",\"11\":\"B\",\"16\":\"B\",\"20\":\"A\",\"22\":\"D\",\"23\":\"B\",\"24\":\"B\",\"26\":\"B\",\"28\":\"B\",\"29\":\"A\",\"31\":\"B\",\"54\":\"B\"}', '31673,31686');

-- --------------------------------------------------------

--
-- Estructura de tabla para la tabla `modalidad`
--

CREATE TABLE `modalidad` (
  `codModalidad` int(11) NOT NULL,
  `nombre` varchar(200) NOT NULL
) ENGINE=InnoDB DEFAULT CHARSET=utf8mb4;

--
-- Volcado de datos para la tabla `modalidad`
--

INSERT INTO `modalidad` (`codModalidad`, `nombre`) VALUES
(1, 'Ordinario'),
(2, 'Cepunt');

-- --------------------------------------------------------

--
-- Estructura de tabla para la tabla `parametros`
--

CREATE TABLE `parametros` (
  `codParametro` int(11) NOT NULL,
  `campo` varchar(100) NOT NULL,
  `valor` varchar(200) NOT NULL
) ENGINE=InnoDB DEFAULT CHARSET=utf8mb4;

--
-- Volcado de datos para la tabla `parametros`
--

INSERT INTO `parametros` (`codParametro`, `campo`, `valor`) VALUES
(1, 'tasaToleranciaSubida', '0.8'),
(2, 'porcentajeUnificadorGI', '0.15'),
(3, 'porcentajeUnificadorGP', '0.25'),
(4, 'porcentajeUnificadPE', '0.2'),
(5, 'pesoTasaGI', '0.5'),
(6, 'pesoTasaGP', '0.2'),
(7, 'pesoTasaPE', '0.3');

-- --------------------------------------------------------

--
-- Estructura de tabla para la tabla `postulantes_elevados`
--

CREATE TABLE `postulantes_elevados` (
  `codPostulanteElevado` int(11) NOT NULL,
  `porcentajeElevacion` char(18) NOT NULL,
  `puntajeDiferencia` float NOT NULL,
  `codExamenPostulanteAnterior` int(11) NOT NULL,
  `codAnalisis` int(11) NOT NULL,
  `codExamenPostulante` int(11) NOT NULL
) ENGINE=InnoDB DEFAULT CHARSET=utf8mb4;

--
-- Volcado de datos para la tabla `postulantes_elevados`
--

INSERT INTO `postulantes_elevados` (`codPostulanteElevado`, `porcentajeElevacion`, `puntajeDiferencia`, `codExamenPostulanteAnterior`, `codAnalisis`, `codExamenPostulante`) VALUES
(13, '1.9683647961383', 114.175, 31567, 92, 31614),
(14, '1.0007238508867', 58.065, 31566, 92, 31619);

-- --------------------------------------------------------

--
-- Estructura de tabla para la tabla `pregunta`
--

CREATE TABLE `pregunta` (
  `codPregunta` int(11) NOT NULL,
  `nroPregunta` int(11) NOT NULL,
  `enunciado` varchar(200) NOT NULL,
  `codExamen` int(11) NOT NULL,
  `respuestaCorrecta` char(1) NOT NULL
) ENGINE=InnoDB DEFAULT CHARSET=utf8mb4;

--
-- Volcado de datos para la tabla `pregunta`
--

INSERT INTO `pregunta` (`codPregunta`, `nroPregunta`, `enunciado`, `codExamen`, `respuestaCorrecta`) VALUES
(7975, 1, 'ABC', 1, 'A'),
(7976, 2, 'ESTA ES LA PREGUNTA 2', 1, 'B'),
(7977, 3, 'ASD KADSK K AKS A3 3', 1, 'B'),
(7978, 4, 'ASKD KSA KDSA KK SAD4A', 1, 'B'),
(7979, 5, 'AASAS DDSA KSA KDSA KKSA KD AKDSKA KD A3 SAD LASL SALDSA LDSLA ', 1, 'B'),
(7980, 6, 'AASAS DDSA KSA KDSA KKSA KD AKDSKA KD A3 SAD LASL SALDSA LDSLA LDS ALD SAD', 1, 'B'),
(7981, 7, 'AASAS DDSA KSA KDSA KKSA KD AKDSKA KD A3 SAD LASL SALDSA LDSLA LDS ALD SAD', 1, 'B'),
(7982, 8, 'AASAS DDSA KSA KDSA KKSA KD AKDSKA KD A3 SAD LASL SALDSA LDSLA LDS ALD SAD', 1, 'B'),
(7983, 9, 'AASAS DDSA KSA KDSA KKSA KD AKDSKA KD A3 SAD LASL SALDSA LDSLA LDS ALD SAD', 1, 'B'),
(7984, 10, 'AASAS DDSA KSA KDSA KKSA KD AKDSKA KD A3 SAD LASL SALDSA LDSLA LDS ALD SAD', 1, 'A'),
(7985, 11, 'AASAS DDSA KSA KDSA KKSA KD AKDSKA KD A3 SAD LASL SALDSA LDSLA LDS ALD SAD', 1, 'B'),
(7986, 12, 'AASAS DDSA KSA KDSA KKSA KD AKDSKA KD A3 SAD LASL SALDSA LDSLA LDS ALD SAD', 1, 'B'),
(7987, 13, 'AASAS DDSA KSA KDSA KKSA KD AKDSKA KD A3 SAD LASL SALDSA LDSLA LDS ALD SAD', 1, 'B'),
(7988, 14, 'AASAS DDSA KSA KDSA KKSA KD AKDSKA KD A3 SAD LASL SALDSA LDSLA LDS ALD SAD', 1, 'B'),
(7989, 15, 'AASAS DDSA KSA KDSA KKSA KD AKDSKA KD A3 SAD LASL SALDSA LDSLA LDS ALD SAD', 1, 'B'),
(7990, 16, 'AASAS DDSA KSA KDSA KKSA KD AKDSKA KD A3 SAD LASL SALDSA LDSLA LDS ALD SAD', 1, 'B'),
(7991, 17, 'AASAS DDSA KSA KDSA KKSA KD AKDSKA KD A3 SAD LASL SALDSA LDSLA 17', 1, 'B'),
(7992, 18, 'AASAS DDSA KSA KDSA KKSA KD AKDSKA KD A3 SAD LASL SALDSA LDSLA LDS ALD SAD', 1, 'B'),
(7993, 19, 'AASAS DDSA KSA KDSA KKSA KD AKDSKA KD A3 SAD LASL SALDSA LDSLA LDS ALD SAD', 1, 'B'),
(7994, 20, 'AASAS DDSA KSA KDSA KKSA KD AKDSKA KD A3 SAD LASL SALDSA LDSLA LDS ALD SAD', 1, 'A'),
(7995, 21, 'AASAS DDSA KSA KDSA KKSA KD AKDSKA KD A3 SAD LASL SALDSA LDSLA LDS ALD SAD', 1, 'B'),
(7996, 22, 'AASAS DDSA KSA KDSA KKSA KD AKDSKA KD A3 SAD LASL SALDSA LDSLA LDS ALD SAD', 1, 'B'),
(7997, 23, 'AASAS DDSA KSA KDSA KKSA KD AKDSKA KD A3 SAD LASL SALDSA LDSLA LDS ALD SAD', 1, 'B'),
(7998, 24, 'AASAS DDSA KSA KDSA KKSA KD AKDSKA KD A3 SAD LASL SALDSA LDSLA LDS ALD SAD', 1, 'B'),
(7999, 25, 'AASAS DDSA KSA KDSA KKSA KD AKDSKA KD A3 SAD LASL SALDSA LDSLA LDS ALD SAD', 1, 'B'),
(8000, 26, 'AASAS DDSA KSA KDSA KKSA KD AKDSKA KD A3 SAD LASL SALDSA LDSLA LDS ALD SAD', 1, 'B'),
(8001, 27, 'AASAS DDSA KSA KDSA KKSA KD AKDSKA KD A3 SAD LASL SALDSA LDSLA LDS ALD SAD', 1, 'B'),
(8002, 28, 'AASAS DDSA KSA KDSA KKSA KD AKDSKA KD A3 SAD LASL SALDSA LDSLA LDS ALD SAD', 1, 'B'),
(8003, 29, 'AASAS DDSA KSA KDSA KKSA KD AKDSKA KD A3 SAD LASL SALDSA LDSLA LDS ALD SAD', 1, 'B'),
(8004, 30, 'AASAS DDSA KSA KDSA KKSA KD AKDSKA KD A3 SAD LASL SALDSA LDSLA LDS ALD SAD', 1, 'B'),
(8005, 31, 'AASAS DDSA KSA KDSA KKSA KD AKDSKA KD A3 SAD LASL SALDSA LDSLA LDS ALD SAD', 1, 'B'),
(8006, 32, 'AASAS DDSA KSA KDSA KKSA KD AKDSKA KD A3 SAD LASL SALDSA LDSLA 32', 1, 'B'),
(8007, 33, 'AASAS DDSA KSA KDSA KKSA KD AKDSKA KD A3 SAD LASL SALDSA LDSLA LDS ALD SAD', 1, 'B'),
(8008, 34, 'AASAS DDSA KSA KDSA KKSA KD AKDSKA KD A3 SAD LASL SALDSA LDSLA LDS ALD SAD', 1, 'B'),
(8009, 35, 'AASAS DDSA KSA KDSA KKSA KD AKDSKA KD A3 SAD LASL SALDSA LDSLA LDS ALD SAD', 1, 'B'),
(8010, 36, 'AASAS DDSA KSA KDSA KKSA KD AKDSKA KD A3 SAD LASL SALDSA LDSLA LDS ALD SAD', 1, 'B'),
(8011, 37, 'AASAS DDSA KSA KDSA KKSA KD AKDSKA KD A3 SAD LASL SALDSA LDSLA LDS ALD SAD', 1, 'B'),
(8012, 38, 'AASAS DDSA KSA KDSA KKSA KD AKDSKA KD A3 SAD LASL SALDSA LDSLA LDS ALD SAD', 1, 'B'),
(8013, 39, 'AASAS DDSA KSA KDSA KKSA KD AKDSKA KD A3 SAD LASL SALDSA LDSLA LDS ALD SAD', 1, 'B'),
(8014, 40, 'AASAS DDSA KSA KDSA KKSA KD AKDSKA KD A3 SAD LASL SALDSA LDSLA LDS ALD SAD', 1, 'B'),
(8015, 41, 'AASAS DDSA KSA KDSA KKSA KD AKDSKA KD A3 SAD LASL SALDSA LDSLA LDS ALD SAD', 1, 'B'),
(8016, 42, 'AASAS DDSA KSA KDSA KKSA KD AKDSKA KD A3 SAD LASL SALDSA LDSLA LDS ALD SAD', 1, 'B'),
(8017, 43, 'AASAS DDSA KSA KDSA KKSA KD AKDSKA KD A3 SAD LASL SALDSA LDSLA LDS ALD SAD', 1, 'B'),
(8018, 44, 'AASAS DDSA KSA KDSA KKSA KD AKDSKA KD A3 SAD LASL SALDSA LDSLA LDS ALD SAD', 1, 'B'),
(8019, 45, 'AASAS DDSA KSA KDSA KKSA KD AKDSKA KD A3 SAD LASL SALDSA LDSLA LDS ALD SAD', 1, 'B'),
(8020, 46, 'AASAS DDSA KSA KDSA KKSA KD AKDSKA KD A3 SAD LASL SALDSA LDSLA LDS ALD SAD', 1, 'B'),
(8021, 47, 'AASAS DDSA KSA KDSA KKSA KD AKDSKA KD A3 SAD LASL SALDSA LDSLA LDS ALD SAD', 1, 'B'),
(8022, 48, 'AASAS DDSA KSA KDSA KKSA KD AKDSKA KD A3 SAD LASL SALDSA LDSLA LDS ALD SAD', 1, 'B'),
(8023, 49, 'AASAS DDSA KSA KDSA KKSA KD AKDSKA KD A3 SAD LASL SALDSA LDSLA LDS ALD SAD', 1, 'B'),
(8024, 50, 'AASAS DDSA KSA KDSA KKSA KD AKDSKA KD A3 SAD LASL SALDSA LDSLA LDS ALD SAD', 1, 'B'),
(8025, 51, 'AASAS DDSA KSA KDSA KKSA KD AKDSKA KD A3 SAD LASL SALDSA LDSLA LDS ALD SAD', 1, 'B'),
(8026, 52, 'AASAS DDSA KSA KDSA KKSA KD AKDSKA KD A3 SAD LASL SALDSA LDSLA LDS ALD SAD', 1, 'B'),
(8027, 53, 'AASAS DDSA KSA KDSA KKSA KD AKDSKA KD A3 SAD LASL SALDSA LDSLA LDS ALD SAD', 1, 'B'),
(8028, 54, 'AASAS DDSA KSA KDSA KKSA KD AKDSKA KD A3 SAD LASL SALDSA LDSLA LDS ALD SAD', 1, 'B'),
(8029, 55, 'AASAS DDSA KSA KDSA KKSA KD AKDSKA KD A3 SAD LASL SALDSA LDSLA LDS ALD SAD', 1, 'B'),
(8030, 56, 'AASAS DDSA KSA KDSA KKSA KD AKDSKA KD A3 SAD LASL SALDSA LDSLA LDS ALD SAD', 1, 'B'),
(8031, 57, 'AASAS DDSA KSA KDSA KKSA KD AKDSKA KD A3 SAD LASL SALDSA LDSLA LDS ALD SAD', 1, 'B'),
(8032, 58, 'AASAS DDSA KSA KDSA KKSA KD AKDSKA KD A3 SAD LASL SALDSA LDSLA 58', 1, 'B'),
(8033, 59, 'AASAS DDSA KSA KDSA KKSA KD AKDSKA KD A3 SAD LASL SALDSA LDSLA LDS ALD SAD', 1, 'B'),
(8034, 60, 'AASAS DDSA KSA KDSA KKSA KD AKDSKA KD A3 SAD LASL SALDSA LDSLA LDS ALD SAD', 1, 'B'),
(8035, 61, 'AASAS DDSA KSA KDSA KKSA KD AKDSKA KD A3 SAD LASL SALDSA LDSLA LDS ALD SAD', 1, 'B'),
(8036, 62, 'AASAS DDSA KSA KDSA KKSA KD AKDSKA KD A3 SAD LASL SALDSA LDSLA LDS ALD SAD', 1, 'B'),
(8037, 63, 'AASAS DDSA KSA KDSA KKSA KD AKDSKA KD A3 SAD LASL SALDSA LDSLA LDS ALD SAD', 1, 'B'),
(8038, 64, 'AASAS DDSA KSA KDSA KKSA KD AKDSKA KD A3 SAD LASL SALDSA LDSLA LDS ALD SAD', 1, 'B'),
(8039, 65, 'AASAS DDSA KSA KDSA KKSA KD AKDSKA KD A3 SAD LASL SALDSA LDSLA LDS ALD SAD', 1, 'B'),
(8040, 66, 'AASAS DDSA KSA KDSA KKSA KD AKDSKA KD A3 SAD LASL SALDSA LDSLA LDS ALD SAD', 1, 'B'),
(8041, 67, 'AASAS DDSA KSA KDSA KKSA KD AKDSKA KD A3 SAD LASL SALDSA LDSLA LDS ALD SAD', 1, 'B'),
(8042, 68, 'AASAS DDSA KSA KDSA KKSA KD AKDSKA KD A3 SAD LASL SALDSA LDSLA LDS ALD SAD', 1, 'B'),
(8043, 69, 'AASAS DDSA KSA KDSA KKSA KD AKDSKA KD A3 SAD LASL SALDSA LDSLA LDS ALD SAD', 1, 'B'),
(8044, 70, 'AASAS DDSA KSA KDSA KKSA KD AKDSKA KD A3 SAD LASL SALDSA LDSLA LDS ALD SAD', 1, 'B'),
(8045, 71, 'AASAS DDSA KSA KDSA KKSA KD AKDSKA KD A3 SAD LASL SALDSA LDSLA LDS ALD SAD', 1, 'B'),
(8046, 72, 'AASAS DDSA KSA KDSA KKSA KD AKDSKA KD A3 SAD LASL SALDSA LDSLA LDS ALD SAD', 1, 'B'),
(8047, 73, 'AASAS DDSA KSA KDSA KKSA KD AKDSKA KD A3 SAD LASL SALDSA LDSLA LDS ALD SAD', 1, 'B'),
(8048, 74, 'AASAS DDSA KSA KDSA KKSA KD AKDSKA KD A3 SAD LASL SALDSA LDSLA LDS ALD SAD', 1, 'B'),
(8049, 75, 'AASAS DDSA KSA KDSA KKSA KD AKDSKA KD A3 SAD LASL SALDSA LDSLA LDS ALD SAD', 1, 'B'),
(8050, 76, 'AASAS DDSA KSA KDSA KKSA KD AKDSKA KD A3 SAD LASL SALDSA LDSLA LDS ALD SAD', 1, 'B'),
(8051, 77, 'AASAS DDSA KSA KDSA KKSA KD AKDSKA KD A3 SAD LASL SALDSA LDSLA LDS ALD SAD', 1, 'B'),
(8052, 78, 'AASAS DDSA KSA KDSA KKSA KD AKDSKA KD A3 SAD LASL SALDSA LDSLA LDS ALD SAD', 1, 'B'),
(8053, 79, 'AASAS DDSA KSA KDSA KKSA KD AKDSKA KD A3 SAD LASL SALDSA LDSLA LDS ALD SAD', 1, 'B'),
(8054, 80, 'AASAS DDSA KSA KDSA KKSA KD AKDSKA KD A3 SAD LASL SALDSA LDSLA LDS ALD SAD', 1, 'B'),
(8055, 81, 'AASAS DDSA KSA KDSA KKSA KD AKDSKA KD A3 SAD LASL SALDSA LDSLA LDS ALD SAD', 1, 'B'),
(8056, 82, 'AASAS DDSA KSA KDSA KKSA KD AKDSKA KD A3 SAD LASL SALDSA LDSLA LDS ALD SAD', 1, 'B'),
(8057, 83, 'AASAS DDSA KSA KDSA KKSA KD AKDSKA KD A3 SAD LASL SALDSA LDSLA LDS ALD SAD', 1, 'B'),
(8058, 84, 'AASAS DDSA KSA KDSA KKSA KD AKDSKA KD A3 SAD LASL SALDSA LDSLA LDS ALD SAD', 1, 'B'),
(8059, 85, 'AASAS DDSA KSA KDSA KKSA KD AKDSKA KD A3 SAD LASL SALDSA LDSLA LDS ALD SAD', 1, 'B'),
(8060, 86, 'AASAS DDSA KSA KDSA KKSA KD AKDSKA KD A3 SAD LASL SALDSA LDSLA LDS ALD SAD', 1, 'B'),
(8061, 87, 'AASAS DDSA KSA KDSA KKSA KD AKDSKA KD A3 SAD LASL SALDSA LDSLA LDS ALD SAD', 1, 'B'),
(8062, 88, 'AASAS DDSA KSA KDSA KKSA KD AKDSKA KD A3 SAD LASL SALDSA LDSLA LDS ALD SAD', 1, 'B'),
(8063, 89, 'AASAS DDSA KSA KDSA KKSA KD AKDSKA KD A3 SAD LASL SALDSA LDSLA LDS ALD SAD', 1, 'B'),
(8064, 90, 'AASAS DDSA KSA KDSA KKSA KD AKDSKA KD A3 SAD LASL SALDSA LDSLA LDS ALD SAD', 1, 'B'),
(8065, 91, 'AASAS DDSA KSA KDSA KKSA KD AKDSKA KD A3 SAD LASL SALDSA LDSLA LDS ALD SAD', 1, 'B'),
(8066, 92, 'AASAS DDSA KSA KDSA KKSA KD AKDSKA KD A3 SAD LASL SALDSA LDSLA LDS ALD SAD', 1, 'B'),
(8067, 93, 'AASAS DDSA KSA KDSA KKSA KD AKDSKA KD A3 SAD LASL SALDSA LDSLA LDS ALD SAD', 1, 'B'),
(8068, 94, 'AASAS DDSA KSA KDSA KKSA KD AKDSKA KD A3 SAD LASL SALDSA LDSLA LDS ALD SAD', 1, 'B'),
(8069, 95, 'AASAS DDSA KSA KDSA KKSA KD AKDSKA KD A3 SAD LASL SALDSA LDSLA LDS ALD SAD', 1, 'B'),
(8070, 96, 'AASAS DDSA KSA KDSA KKSA KD AKDSKA KD A3 SAD LASL SALDSA LDSLA LDS ALD SAD', 1, 'B'),
(8071, 97, 'AASAS DDSA KSA KDSA KKSA KD AKDSKA KD A3 SAD LASL SALDSA LDSLA LDS ALD SAD', 1, 'B'),
(8072, 98, 'AASAS DDSA KSA KDSA KKSA KD AKDSKA KD A3 SAD LASL SALDSA LDSLA LDS ALD SAD', 1, 'B'),
(8073, 99, 'AASAS DDSA KSA KDSA KKSA KD AKDSKA KD A3 SAD LASL SALDSA LDSLA LDS ALD SAD', 1, 'B'),
(8074, 100, 'AASAS DDSA KSA KDSA KKSA KD AKDSKA KD A3 SAD LASL SALDSA LD100', 1, 'D'),
(8075, 1, 'ABC', 2, 'A'),
(8076, 2, 'ESTA ES LA PREGUNTA 2', 2, 'B'),
(8077, 3, 'ASD KADSK K AKS A3 3', 2, 'B'),
(8078, 4, 'ASKD KSA KDSA KK SAD4A', 2, 'B'),
(8079, 5, 'AASAS DDSA KSA KDSA KKSA KD AKDSKA KD A3 SAD LASL SALDSA LDSLA LDS ALD SAD', 2, 'B'),
(8080, 6, 'AASAS DDSA KSA KDSA KKSA KD AKDSKA KD A3 SAD LASL SALDSA LDSLA LDS ALD SAD', 2, 'B'),
(8081, 7, 'AASAS DDSA KSA KDSA KKSA KD AKDSKA KD A3 SAD LASL SALDSA LDSLA LDS ALD SAD', 2, 'B'),
(8082, 8, 'AASAS DDSA KSA KDSA KKSA KD AKDSKA KD A3 SAD LASL SALDSA LDSLA LDS ALD SAD', 2, 'B'),
(8083, 9, 'AASAS DDSA KSA KDSA KKSA KD AKDSKA KD A3 SAD LASL SALDSA LDSLA LDS ALD SAD', 2, 'B'),
(8084, 10, 'AASAS DDSA KSA KDSA KKSA KD AKDSKA KD A3 SAD LASL SALDSA LDSLA LDS ALD SAD', 2, 'A'),
(8085, 11, 'AASAS DDSA KSA KDSA KKSA KD AKDSKA KD A3 SAD LASL SALDSA LDSLA LDS ALD SAD', 2, 'B'),
(8086, 12, 'AASAS DDSA KSA KDSA KKSA KD AKDSKA KD A3 SAD LASL SALDSA LDSLA LDS ALD SAD', 2, 'B'),
(8087, 13, 'AASAS DDSA KSA KDSA KKSA KD AKDSKA KD A3 SAD LASL SALDSA LDSLA LDS ALD SAD', 2, 'B'),
(8088, 14, 'AASAS DDSA KSA KDSA KKSA KD AKDSKA KD A3 SAD LASL SALDSA LDSLA LDS ALD SAD', 2, 'B'),
(8089, 15, 'AASAS DDSA KSA KDSA KKSA KD AKDSKA KD A3 SAD LASL SALDSA LDSLA LDS ALD SAD', 2, 'B'),
(8090, 16, 'AASAS DDSA KSA KDSA KKSA KD AKDSKA KD A3 SAD LASL SALDSA LDSLA LDS ALD SAD', 2, 'B'),
(8091, 17, 'AASAS DDSA KSA KDSA KKSA KD AKDSKA KD A3 SAD LASL SALDSA LDSLA 17', 2, 'B'),
(8092, 18, 'AASAS DDSA KSA KDSA KKSA KD AKDSKA KD A3 SAD LASL SALDSA LDSLA LDS ALD SAD', 2, 'B'),
(8093, 19, 'AASAS DDSA KSA KDSA KKSA KD AKDSKA KD A3 SAD LASL SALDSA LDSLA LDS ALD SAD', 2, 'B'),
(8094, 20, 'AASAS DDSA KSA KDSA KKSA KD AKDSKA KD A3 SAD LASL SALDSA LDSLA LDS ALD SAD', 2, 'A'),
(8095, 21, 'AASAS DDSA KSA KDSA KKSA KD AKDSKA KD A3 SAD LASL SALDSA LDSLA LDS ALD SAD', 2, 'B'),
(8096, 22, 'AASAS DDSA KSA KDSA KKSA KD AKDSKA KD A3 SAD LASL SALDSA LDSLA LDS ALD SAD', 2, 'B'),
(8097, 23, 'AASAS DDSA KSA KDSA KKSA KD AKDSKA KD A3 SAD LASL SALDSA LDSLA LDS ALD SAD', 2, 'B'),
(8098, 24, 'AASAS DDSA KSA KDSA KKSA KD AKDSKA KD A3 SAD LASL SALDSA LDSLA LDS ALD SAD', 2, 'B'),
(8099, 25, 'AASAS DDSA KSA KDSA KKSA KD AKDSKA KD A3 SAD LASL SALDSA LDSLA LDS ALD SAD', 2, 'B'),
(8100, 26, 'AASAS DDSA KSA KDSA KKSA KD AKDSKA KD A3 SAD LASL SALDSA LDSLA LDS ALD SAD', 2, 'B'),
(8101, 27, 'AASAS DDSA KSA KDSA KKSA KD AKDSKA KD A3 SAD LASL SALDSA LDSLA LDS ALD SAD', 2, 'B'),
(8102, 28, 'AASAS DDSA KSA KDSA KKSA KD AKDSKA KD A3 SAD LASL SALDSA LDSLA LDS ALD SAD', 2, 'B'),
(8103, 29, 'AASAS DDSA KSA KDSA KKSA KD AKDSKA KD A3 SAD LASL SALDSA LDSLA LDS ALD SAD', 2, 'B'),
(8104, 30, 'AASAS DDSA KSA KDSA KKSA KD AKDSKA KD A3 SAD LASL SALDSA LDSLA LDS ALD SAD', 2, 'B'),
(8105, 31, 'AASAS DDSA KSA KDSA KKSA KD AKDSKA KD A3 SAD LASL SALDSA LDSLA LDS ALD SAD', 2, 'B'),
(8106, 32, 'AASAS DDSA KSA KDSA KKSA KD AKDSKA KD A3 SAD LASL SALDSA LDSLA 32', 2, 'B'),
(8107, 33, 'AASAS DDSA KSA KDSA KKSA KD AKDSKA KD A3 SAD LASL SALDSA LDSLA LDS ALD SAD', 2, 'B'),
(8108, 34, 'AASAS DDSA KSA KDSA KKSA KD AKDSKA KD A3 SAD LASL SALDSA LDSLA LDS ALD SAD', 2, 'B'),
(8109, 35, 'AASAS DDSA KSA KDSA KKSA KD AKDSKA KD A3 SAD LASL SALDSA LDSLA LDS ALD SAD', 2, 'B'),
(8110, 36, 'AASAS DDSA KSA KDSA KKSA KD AKDSKA KD A3 SAD LASL SALDSA LDSLA LDS ALD SAD', 2, 'B'),
(8111, 37, 'AASAS DDSA KSA KDSA KKSA KD AKDSKA KD A3 SAD LASL SALDSA LDSLA LDS ALD SAD', 2, 'B'),
(8112, 38, 'AASAS DDSA KSA KDSA KKSA KD AKDSKA KD A3 SAD LASL SALDSA LDSLA LDS ALD SAD', 2, 'B'),
(8113, 39, 'AASAS DDSA KSA KDSA KKSA KD AKDSKA KD A3 SAD LASL SALDSA LDSLA LDS ALD SAD', 2, 'B'),
(8114, 40, 'AASAS DDSA KSA KDSA KKSA KD AKDSKA KD A3 SAD LASL SALDSA LDSLA LDS ALD SAD', 2, 'B'),
(8115, 41, 'AASAS DDSA KSA KDSA KKSA KD AKDSKA KD A3 SAD LASL SALDSA LDSLA LDS ALD SAD', 2, 'B'),
(8116, 42, 'AASAS DDSA KSA KDSA KKSA KD AKDSKA KD A3 SAD LASL SALDSA LDSLA LDS ALD SAD', 2, 'B'),
(8117, 43, 'AASAS DDSA KSA KDSA KKSA KD AKDSKA KD A3 SAD LASL SALDSA LDSLA LDS ALD SAD', 2, 'B'),
(8118, 44, 'AASAS DDSA KSA KDSA KKSA KD AKDSKA KD A3 SAD LASL SALDSA LDSLA LDS ALD SAD', 2, 'B'),
(8119, 45, 'AASAS DDSA KSA KDSA KKSA KD AKDSKA KD A3 SAD LASL SALDSA LDSLA LDS ALD SAD', 2, 'B'),
(8120, 46, 'AASAS DDSA KSA KDSA KKSA KD AKDSKA KD A3 SAD LASL SALDSA LDSLA LDS ALD SAD', 2, 'B'),
(8121, 47, 'AASAS DDSA KSA KDSA KKSA KD AKDSKA KD A3 SAD LASL SALDSA LDSLA LDS ALD SAD', 2, 'B'),
(8122, 48, 'AASAS DDSA KSA KDSA KKSA KD AKDSKA KD A3 SAD LASL SALDSA LDSLA LDS ALD SAD', 2, 'B'),
(8123, 49, 'AASAS DDSA KSA KDSA KKSA KD AKDSKA KD A3 SAD LASL SALDSA LDSLA LDS ALD SAD', 2, 'B'),
(8124, 50, 'AASAS DDSA KSA KDSA KKSA KD AKDSKA KD A3 SAD LASL SALDSA LDSLA LDS ALD SAD', 2, 'B'),
(8125, 51, 'AASAS DDSA KSA KDSA KKSA KD AKDSKA KD A3 SAD LASL SALDSA LDSLA LDS ALD SAD', 2, 'B'),
(8126, 52, 'AASAS DDSA KSA KDSA KKSA KD AKDSKA KD A3 SAD LASL SALDSA LDSLA LDS ALD SAD', 2, 'B'),
(8127, 53, 'AASAS DDSA KSA KDSA KKSA KD AKDSKA KD A3 SAD LASL SALDSA LDSLA LDS ALD SAD', 2, 'B'),
(8128, 54, 'AASAS DDSA KSA KDSA KKSA KD AKDSKA KD A3 SAD LASL SALDSA LDSLA LDS ALD SAD', 2, 'B'),
(8129, 55, 'AASAS DDSA KSA KDSA KKSA KD AKDSKA KD A3 SAD LASL SALDSA LDSLA LDS ALD SAD', 2, 'B'),
(8130, 56, 'AASAS DDSA KSA KDSA KKSA KD AKDSKA KD A3 SAD LASL SALDSA LDSLA LDS ALD SAD', 2, 'B'),
(8131, 57, 'AASAS DDSA KSA KDSA KKSA KD AKDSKA KD A3 SAD LASL SALDSA LDSLA LDS ALD SAD', 2, 'B'),
(8132, 58, 'AASAS DDSA KSA KDSA KKSA KD AKDSKA KD A3 SAD LASL SALDSA LDSLA 58', 2, 'B'),
(8133, 59, 'AASAS DDSA KSA KDSA KKSA KD AKDSKA KD A3 SAD LASL SALDSA LDSLA LDS ALD SAD', 2, 'B'),
(8134, 60, 'AASAS DDSA KSA KDSA KKSA KD AKDSKA KD A3 SAD LASL SALDSA LDSLA LDS ALD SAD', 2, 'B'),
(8135, 61, 'AASAS DDSA KSA KDSA KKSA KD AKDSKA KD A3 SAD LASL SALDSA LDSLA LDS ALD SAD', 2, 'B'),
(8136, 62, 'AASAS DDSA KSA KDSA KKSA KD AKDSKA KD A3 SAD LASL SALDSA LDSLA LDS ALD SAD', 2, 'B'),
(8137, 63, 'AASAS DDSA KSA KDSA KKSA KD AKDSKA KD A3 SAD LASL SALDSA LDSLA LDS ALD SAD', 2, 'B'),
(8138, 64, 'AASAS DDSA KSA KDSA KKSA KD AKDSKA KD A3 SAD LASL SALDSA LDSLA LDS ALD SAD', 2, 'B'),
(8139, 65, 'AASAS DDSA KSA KDSA KKSA KD AKDSKA KD A3 SAD LASL SALDSA LDSLA LDS ALD SAD', 2, 'B'),
(8140, 66, 'AASAS DDSA KSA KDSA KKSA KD AKDSKA KD A3 SAD LASL SALDSA LDSLA LDS ALD SAD', 2, 'B'),
(8141, 67, 'AASAS DDSA KSA KDSA KKSA KD AKDSKA KD A3 SAD LASL SALDSA LDSLA LDS ALD SAD', 2, 'B'),
(8142, 68, 'AASAS DDSA KSA KDSA KKSA KD AKDSKA KD A3 SAD LASL SALDSA LDSLA LDS ALD SAD', 2, 'B'),
(8143, 69, 'AASAS DDSA KSA KDSA KKSA KD AKDSKA KD A3 SAD LASL SALDSA LDSLA LDS ALD SAD', 2, 'B'),
(8144, 70, 'AASAS DDSA KSA KDSA KKSA KD AKDSKA KD A3 SAD LASL SALDSA LDSLA LDS ALD SAD', 2, 'B'),
(8145, 71, 'AASAS DDSA KSA KDSA KKSA KD AKDSKA KD A3 SAD LASL SALDSA LDSLA LDS ALD SAD', 2, 'B'),
(8146, 72, 'AASAS DDSA KSA KDSA KKSA KD AKDSKA KD A3 SAD LASL SALDSA LDSLA LDS ALD SAD', 2, 'B'),
(8147, 73, 'AASAS DDSA KSA KDSA KKSA KD AKDSKA KD A3 SAD LASL SALDSA LDSLA LDS ALD SAD', 2, 'B'),
(8148, 74, 'AASAS DDSA KSA KDSA KKSA KD AKDSKA KD A3 SAD LASL SALDSA LDSLA LDS ALD SAD', 2, 'B'),
(8149, 75, 'AASAS DDSA KSA KDSA KKSA KD AKDSKA KD A3 SAD LASL SALDSA LDSLA LDS ALD SAD', 2, 'B'),
(8150, 76, 'AASAS DDSA KSA KDSA KKSA KD AKDSKA KD A3 SAD LASL SALDSA LDSLA LDS ALD SAD', 2, 'B'),
(8151, 77, 'AASAS DDSA KSA KDSA KKSA KD AKDSKA KD A3 SAD LASL SALDSA LDSLA LDS ALD SAD', 2, 'B'),
(8152, 78, 'AASAS DDSA KSA KDSA KKSA KD AKDSKA KD A3 SAD LASL SALDSA LDSLA LDS ALD SAD', 2, 'B'),
(8153, 79, 'AASAS DDSA KSA KDSA KKSA KD AKDSKA KD A3 SAD LASL SALDSA LDSLA LDS ALD SAD', 2, 'B'),
(8154, 80, 'AASAS DDSA KSA KDSA KKSA KD AKDSKA KD A3 SAD LASL SALDSA LDSLA LDS ALD SAD', 2, 'B'),
(8155, 81, 'AASAS DDSA KSA KDSA KKSA KD AKDSKA KD A3 SAD LASL SALDSA LDSLA LDS ALD SAD', 2, 'B'),
(8156, 82, 'AASAS DDSA KSA KDSA KKSA KD AKDSKA KD A3 SAD LASL SALDSA LDSLA LDS ALD SAD', 2, 'B'),
(8157, 83, 'AASAS DDSA KSA KDSA KKSA KD AKDSKA KD A3 SAD LASL SALDSA LDSLA LDS ALD SAD', 2, 'B'),
(8158, 84, 'AASAS DDSA KSA KDSA KKSA KD AKDSKA KD A3 SAD LASL SALDSA LDSLA LDS ALD SAD', 2, 'B'),
(8159, 85, 'AASAS DDSA KSA KDSA KKSA KD AKDSKA KD A3 SAD LASL SALDSA LDSLA LDS ALD SAD', 2, 'B'),
(8160, 86, 'AASAS DDSA KSA KDSA KKSA KD AKDSKA KD A3 SAD LASL SALDSA LDSLA LDS ALD SAD', 2, 'B'),
(8161, 87, 'AASAS DDSA KSA KDSA KKSA KD AKDSKA KD A3 SAD LASL SALDSA LDSLA LDS ALD SAD', 2, 'B'),
(8162, 88, 'AASAS DDSA KSA KDSA KKSA KD AKDSKA KD A3 SAD LASL SALDSA LDSLA LDS ALD SAD', 2, 'B'),
(8163, 89, 'AASAS DDSA KSA KDSA KKSA KD AKDSKA KD A3 SAD LASL SALDSA LDSLA LDS ALD SAD', 2, 'B'),
(8164, 90, 'AASAS DDSA KSA KDSA KKSA KD AKDSKA KD A3 SAD LASL SALDSA LDSLA LDS ALD SAD', 2, 'B'),
(8165, 91, 'AASAS DDSA KSA KDSA KKSA KD AKDSKA KD A3 SAD LASL SALDSA LDSLA LDS ALD SAD', 2, 'B'),
(8166, 92, 'AASAS DDSA KSA KDSA KKSA KD AKDSKA KD A3 SAD LASL SALDSA LDSLA LDS ALD SAD', 2, 'B'),
(8167, 93, 'AASAS DDSA KSA KDSA KKSA KD AKDSKA KD A3 SAD LASL SALDSA LDSLA LDS ALD SAD', 2, 'B'),
(8168, 94, 'AASAS DDSA KSA KDSA KKSA KD AKDSKA KD A3 SAD LASL SALDSA LDSLA LDS ALD SAD', 2, 'B'),
(8169, 95, 'AASAS DDSA KSA KDSA KKSA KD AKDSKA KD A3 SAD LASL SALDSA LDSLA LDS ALD SAD', 2, 'B'),
(8170, 96, 'AASAS DDSA KSA KDSA KKSA KD AKDSKA KD A3 SAD LASL SALDSA LDSLA LDS ALD SAD', 2, 'B'),
(8171, 97, 'AASAS DDSA KSA KDSA KKSA KD AKDSKA KD A3 SAD LASL SALDSA LDSLA LDS ALD SAD', 2, 'B'),
(8172, 98, 'AASAS DDSA KSA KDSA KKSA KD AKDSKA KD A3 SAD LASL SALDSA LDSLA LDS ALD SAD', 2, 'B'),
(8173, 99, 'AASAS DDSA KSA KDSA KKSA KD AKDSKA KD A3 SAD LASL SALDSA LDSLA LDS ALD SAD', 2, 'B'),
(8174, 100, 'AASAS DDSA KSA KDSA KKSA KD AKDSKA KD A3 SAD LASL SALDSA LD100', 2, 'D');

-- --------------------------------------------------------

--
-- Estructura de tabla para la tabla `sede`
--

CREATE TABLE `sede` (
  `codSede` int(11) NOT NULL,
  `nombre` varchar(70) NOT NULL
) ENGINE=InnoDB DEFAULT CHARSET=utf8mb4;

--
-- Volcado de datos para la tabla `sede`
--

INSERT INTO `sede` (`codSede`, `nombre`) VALUES
(4, 'Trujillo'),
(5, 'Huamachuco');

-- --------------------------------------------------------

--
-- Estructura de tabla para la tabla `tasa`
--

CREATE TABLE `tasa` (
  `codTasa` int(11) NOT NULL,
  `valorMinimo` float NOT NULL,
  `valorMaximo` float NOT NULL,
  `valorTasa` float NOT NULL
) ENGINE=InnoDB DEFAULT CHARSET=utf8mb4;

--
-- Volcado de datos para la tabla `tasa`
--

INSERT INTO `tasa` (`codTasa`, `valorMinimo`, `valorMaximo`, `valorTasa`) VALUES
(1, 0, 50, 0.45),
(2, 50, 100, 0.5),
(7, 100, 150, 0.55),
(8, 150, 200, 0.6),
(9, 200, 250, 0.65),
(10, 250, 300, 0.7);

-- --------------------------------------------------------

--
-- Estructura de tabla para la tabla `tipo_actor`
--

CREATE TABLE `tipo_actor` (
  `codTipoActor` int(11) NOT NULL,
  `nombre` varchar(100) NOT NULL
) ENGINE=InnoDB DEFAULT CHARSET=utf8mb4;

--
-- Volcado de datos para la tabla `tipo_actor`
--

INSERT INTO `tipo_actor` (`codTipoActor`, `nombre`) VALUES
(1, 'Postulante'),
(2, 'Consejo Universitario'),
(3, 'Dirección de Sistemas y Comunicaciones');

-- --------------------------------------------------------

--
-- Estructura de tabla para la tabla `usuario`
--

CREATE TABLE `usuario` (
  `codUsuario` int(11) NOT NULL,
  `usuario` varchar(50) NOT NULL,
  `contraseña` varchar(200) DEFAULT NULL,
  `password` varchar(200) NOT NULL
) ENGINE=InnoDB DEFAULT CHARSET=utf8mb4;

--
-- Volcado de datos para la tabla `usuario`
--

INSERT INTO `usuario` (`codUsuario`, `usuario`, `contraseña`, `password`) VALUES
(26061, 'CONSEJO_UNIVERSITARIO', '', '$2y$10$wa00IMw4CNdUr1BihEkFMOeHmVV.ZGQ4jVaLSJUsfLe5swYZl3rMy'),
(29430, 'admin', NULL, '$2y$10$yC9YYQj/XkY0f7y8TjhkRuC72yl9BtgZzhmAaejQGUqEqHD.y9/bW'),
(29628, 'LUCANO 1793', '123', '123'),
(29629, 'REAÑO T1640', '123', '123'),
(29630, 'FERNAND8011', '123', '123'),
(29631, 'MURILLO3777', '123', '123'),
(29632, 'GARCIA 7827', '123', '123'),
(29633, 'CUEVA E6054', '123', '123'),
(29634, 'POEMAPE7132', '123', '123'),
(29635, 'RODAS C4126', '123', '123'),
(29636, 'BORDA R3939', '123', '123'),
(29637, 'PINTO A8598', '123', '123'),
(29638, 'RODRIGU7586', '123', '123'),
(29639, 'BALAREZ3468', '123', '123'),
(29640, 'CHAMAY 7684', '123', '123'),
(29641, 'OLIVERA1991', '123', '123'),
(29642, 'CRUZ HE5717', '123', '123'),
(29643, 'SALAZAR4126', '123', '123'),
(29644, 'ILDEFON9858', '123', '123'),
(29645, 'PACHECO3927', '123', '123'),
(29646, 'ARAUJO 6020', '123', '123'),
(29647, 'SALVADO2154', '123', '123'),
(29648, 'BARAHON5620', '123', '123'),
(29649, 'CARRASC5474', '123', '123'),
(29650, 'BAZAN C8126', '123', '123'),
(29651, 'SILVA C1232', '123', '123'),
(29652, 'RAMOS M3203', '123', '123'),
(29653, 'MENDEZ 1547', '123', '123'),
(29654, 'CRUZADO9890', '123', '123'),
(29655, 'MALCA S4303', '123', '123'),
(29656, 'GONZALE6810', '123', '123'),
(29657, 'FLORES 2550', '123', '123'),
(29658, 'REYES R3062', '123', '123'),
(29659, 'CAMPOS 3475', '123', '123'),
(29660, 'ESCOBAR9800', '123', '123'),
(29661, 'HOYOS C2227', '123', '123'),
(29662, 'LEON YN2024', '123', '123'),
(29663, 'AGUILAR4283', '123', '123'),
(29664, 'GODOY P1718', '123', '123'),
(29665, 'REYES P5709', '123', '123'),
(29666, 'VILCHEZ7981', '123', '123'),
(29667, 'LLENQUE5343', '123', '123'),
(29668, 'AGRAMON1130', '123', '123'),
(29669, 'ARANDA 7531', '123', '123'),
(29670, 'VEGA AL5299', '123', '123'),
(29671, 'JARA FI6963', '123', '123'),
(29672, 'MENDOZA1861', '123', '123'),
(29673, 'HERNAND3142', '123', '123'),
(29674, 'SAGAL C1823', '123', '123'),
(29675, 'ROQUE R1998', '123', '123'),
(29676, 'MENDOZA8373', '123', '123'),
(29677, 'CULQUE 4732', '123', '123'),
(29678, 'BACA SA5204', '123', '123'),
(29679, 'CUEVA H3768', '123', '123'),
(29680, 'HUAMAN 7672', '123', '123'),
(29681, 'FERNAND2489', '123', '123'),
(29682, 'PAREDES3892', '123', '123'),
(29683, 'RODRIGU4735', '123', '123'),
(29684, 'HERNAND3936', '123', '123'),
(29685, 'TIRADO 3042', '123', '123'),
(29686, 'HERNAND3283', '123', '123'),
(29687, 'LOPEZ N2856', '123', '123'),
(29688, 'NUREÑA 1960', '123', '123'),
(29689, 'GRANDEZ8254', '123', '123'),
(29690, 'PEREA A7998', '123', '123'),
(29691, 'MOSTACE9969', '123', '123'),
(29692, 'DIAZ RU1506', '123', '123'),
(29693, 'VASQUEZ7464', '123', '123'),
(29694, 'TORRES 3063', '123', '123'),
(29695, 'LEON AS9056', '123', '123'),
(29696, 'RUIZ DE6501', '123', '123'),
(29697, 'CHAVEZ 4313', '123', '123'),
(29698, 'HUAMAN 6615', '123', '123'),
(29699, 'NUÑEZ L1664', '123', '123'),
(29700, 'CORTIJO7180', '123', '123'),
(29701, 'RUIZ VE1401', '123', '123'),
(29702, 'AREVALO8589', '123', '123'),
(29703, 'GUTIERR2902', '123', '123'),
(29704, 'MOSQUER5235', '123', '123'),
(29705, 'BELTRAN4325', '123', '123'),
(29706, 'CULQUIT1346', '123', '123'),
(29707, 'ANGEL J4833', '123', '123'),
(29708, 'VALDERR6980', '123', '123'),
(29709, 'TUESTA 7248', '123', '123'),
(29710, 'GARGURE8173', '123', '123'),
(29711, 'SEGURA 7530', '123', '123'),
(29712, 'SALAZAR3418', '123', '123'),
(29713, 'DE LA C7271', '123', '123'),
(29714, 'VASQUEZ5014', '123', '123'),
(29715, 'BALLENA5259', '123', '123'),
(29716, 'MARQUEZ2340', '123', '123'),
(29717, 'SUAREZ 1620', '123', '123'),
(29718, 'ESPINOZ9385', '123', '123'),
(29719, 'QUISPE 5473', '123', '123'),
(29720, 'NIETO V6970', '123', '123'),
(29721, 'CHOLAN 8002', '123', '123'),
(29722, 'GONZALE2626', '123', '123'),
(29723, 'MORAN J2869', '123', '123'),
(29724, 'MARKY Z3631', '123', '123'),
(29725, 'DEZA VI7342', '123', '123'),
(29726, 'LUJAN R6639', '123', '123'),
(29727, 'ANGULO 3749', '123', '123'),
(29728, 'ZUÑIGA 4938', '123', '123'),
(29729, 'GAMBOA 1656', '123', '123'),
(29730, 'CANCINO4572', '123', '123'),
(29731, 'RODRIGU8152', '123', '123'),
(29732, 'RIOS JU9364', '123', '123'),
(29733, 'SOLANO 7033', '123', '123'),
(29734, 'ROMERO 6560', '123', '123'),
(29735, 'MOSTACE6153', '123', '123'),
(29736, 'LEYVA G1431', '123', '123'),
(29737, 'CAMPERO8730', '123', '123'),
(29738, 'VASQUEZ8706', '123', '123'),
(29739, 'SANCHEZ2165', '123', '123'),
(29740, 'GASTELO9979', '123', '123'),
(29741, 'PEREZ Y1217', '123', '123'),
(29742, 'RAMÍREZ9890', '123', '123'),
(29743, 'LEON GA7286', '123', '123'),
(29744, 'SAAVEDR2213', '123', '123'),
(29745, 'BRICEÑO9848', '123', '123'),
(29746, 'CASTILL3125', '123', '123'),
(29747, 'TERRONE9483', '123', '123'),
(29748, 'HILARIO8800', '123', '123'),
(29749, 'DE LA C1975', '123', '123'),
(29750, 'TORRES 2151', '123', '123'),
(29751, 'ZAPATA 1844', '123', '123'),
(29752, 'AGUILAR1651', '123', '123'),
(29753, 'QUIÑONE2916', '123', '123'),
(29754, 'CARRION3404', '123', '123'),
(29755, 'FLORENT4370', '123', '123'),
(29756, 'GARCIA 4412', '123', '123'),
(29757, 'DÍAZ MU7112', '123', '123'),
(29758, 'HUERTA 7330', '123', '123'),
(29759, 'CRUZ GU4004', '123', '123'),
(29760, 'RODRIGU7115', '123', '123'),
(29761, 'ALVARAD9312', '123', '123'),
(29762, 'VIDAL V9376', '123', '123'),
(29763, 'CORTEZ 6318', '123', '123'),
(29764, 'DÍAZ CA1458', '123', '123'),
(29765, 'VILLARR4505', '123', '123'),
(29766, 'CARRANZ5537', '123', '123'),
(29767, 'HARO AV9848', '123', '123'),
(29768, 'SEVILLA2609', '123', '123'),
(29769, 'RODRIGU3474', '123', '123'),
(29770, 'CESPEDE5662', '123', '123'),
(29771, 'VASQUEZ2953', '123', '123'),
(29772, 'CRUZ DO5744', '123', '123'),
(29773, 'RODRIGU4775', '123', '123'),
(29774, 'VASQUEZ6263', '123', '123'),
(29775, 'ROSALES6594', '123', '123'),
(29776, 'IMAMURA3500', '123', '123'),
(29777, 'HILARIO1618', '123', '123'),
(29778, 'MEZA RU6977', '123', '123'),
(29779, 'DIAZ CA9169', '123', '123'),
(29780, 'FERNAND3343', '123', '123'),
(29781, 'VALENTI3792', '123', '123'),
(29782, 'GONZALE1077', '123', '123'),
(29783, 'MALCA D1841', '123', '123'),
(29784, 'SANCHEZ4092', '123', '123'),
(29785, 'CALLIRG2723', '123', '123'),
(29786, 'RODRIGU7893', '123', '123'),
(29787, 'MURILLO4166', '123', '123'),
(29788, 'ORTIZ P4891', '123', '123'),
(29789, 'RAMIREZ7444', '123', '123'),
(29790, 'FLORES 2980', '123', '123'),
(29791, 'QUESQUE3449', '123', '123'),
(29792, 'GONZALE7627', '123', '123'),
(29793, 'TRUJILL9815', '123', '123'),
(29794, 'ALCALDE6492', '123', '123'),
(29795, 'CABANIL3289', '123', '123'),
(29796, 'MONZON 8860', '123', '123'),
(29797, 'VARILLA5127', '123', '123'),
(29798, 'RAMOS G8130', '123', '123'),
(29799, 'ARCE GU9846', '123', '123'),
(29800, 'GUTIÉRR7705', '123', '123'),
(29801, 'AGUILAR4768', '123', '123'),
(29802, 'TORRES 7372', '123', '123'),
(29803, 'CHACON 1762', '123', '123'),
(29804, 'RUIZ CO6534', '123', '123'),
(29805, 'HUANES 6509', '123', '123'),
(29806, 'VASQUEZ5918', '123', '123'),
(29807, 'RODRIGU4705', '123', '123'),
(29808, 'CASQUIN2700', '123', '123'),
(29809, 'RODRIGU3686', '123', '123'),
(29810, 'SIMON H9385', '123', '123'),
(29811, 'SERIN E3206', '123', '123'),
(29812, 'VERA ME3086', '123', '123'),
(29813, 'LAZARO 3381', '123', '123'),
(29814, 'CADENIL8439', '123', '123'),
(29815, 'ROBLES 2604', '123', '123'),
(29816, 'CERNA C8800', '123', '123'),
(29817, 'JARA TO3791', '123', '123'),
(29818, 'QUEZADA5839', '123', '123'),
(29819, 'VARGAS 9630', '123', '123'),
(29820, 'ESPINOZ3365', '123', '123'),
(29821, 'JACOBO 4914', '123', '123'),
(29822, 'OLIVARE9279', '123', '123'),
(29823, 'MELENDE7912', '123', '123'),
(29824, 'SANTA M5579', '123', '123');

--
-- Índices para tablas volcadas
--

--
-- Indices de la tabla `actor`
--
ALTER TABLE `actor`
  ADD PRIMARY KEY (`codActor`);

--
-- Indices de la tabla `analisis_examen`
--
ALTER TABLE `analisis_examen`
  ADD PRIMARY KEY (`codAnalisis`);

--
-- Indices de la tabla `area`
--
ALTER TABLE `area`
  ADD PRIMARY KEY (`codArea`);

--
-- Indices de la tabla `carrera`
--
ALTER TABLE `carrera`
  ADD PRIMARY KEY (`codCarrera`);

--
-- Indices de la tabla `carrera_examen`
--
ALTER TABLE `carrera_examen`
  ADD PRIMARY KEY (`codCarreraExamen`);

--
-- Indices de la tabla `condicion_postulacion`
--
ALTER TABLE `condicion_postulacion`
  ADD PRIMARY KEY (`codCondicion`);

--
-- Indices de la tabla `estado_examen`
--
ALTER TABLE `estado_examen`
  ADD PRIMARY KEY (`codEstado`);

--
-- Indices de la tabla `examen`
--
ALTER TABLE `examen`
  ADD PRIMARY KEY (`codExamen`);

--
-- Indices de la tabla `examen_postulante`
--
ALTER TABLE `examen_postulante`
  ADD PRIMARY KEY (`codExamenPostulante`);

--
-- Indices de la tabla `facultad`
--
ALTER TABLE `facultad`
  ADD PRIMARY KEY (`codFacultad`);

--
-- Indices de la tabla `grupo_iguales`
--
ALTER TABLE `grupo_iguales`
  ADD PRIMARY KEY (`codGrupo`);

--
-- Indices de la tabla `grupo_patron`
--
ALTER TABLE `grupo_patron`
  ADD PRIMARY KEY (`codGrupoPatron`);

--
-- Indices de la tabla `modalidad`
--
ALTER TABLE `modalidad`
  ADD PRIMARY KEY (`codModalidad`);

--
-- Indices de la tabla `parametros`
--
ALTER TABLE `parametros`
  ADD PRIMARY KEY (`codParametro`);

--
-- Indices de la tabla `postulantes_elevados`
--
ALTER TABLE `postulantes_elevados`
  ADD PRIMARY KEY (`codPostulanteElevado`);

--
-- Indices de la tabla `pregunta`
--
ALTER TABLE `pregunta`
  ADD PRIMARY KEY (`codPregunta`);

--
-- Indices de la tabla `sede`
--
ALTER TABLE `sede`
  ADD PRIMARY KEY (`codSede`);

--
-- Indices de la tabla `tasa`
--
ALTER TABLE `tasa`
  ADD PRIMARY KEY (`codTasa`);

--
-- Indices de la tabla `tipo_actor`
--
ALTER TABLE `tipo_actor`
  ADD PRIMARY KEY (`codTipoActor`);

--
-- Indices de la tabla `usuario`
--
ALTER TABLE `usuario`
  ADD PRIMARY KEY (`codUsuario`);

--
-- AUTO_INCREMENT de las tablas volcadas
--

--
-- AUTO_INCREMENT de la tabla `actor`
--
ALTER TABLE `actor`
  MODIFY `codActor` int(11) NOT NULL AUTO_INCREMENT, AUTO_INCREMENT=29809;

--
-- AUTO_INCREMENT de la tabla `analisis_examen`
--
ALTER TABLE `analisis_examen`
  MODIFY `codAnalisis` int(11) NOT NULL AUTO_INCREMENT, AUTO_INCREMENT=93;

--
-- AUTO_INCREMENT de la tabla `area`
--
ALTER TABLE `area`
  MODIFY `codArea` int(11) NOT NULL AUTO_INCREMENT, AUTO_INCREMENT=6;

--
-- AUTO_INCREMENT de la tabla `carrera`
--
ALTER TABLE `carrera`
  MODIFY `codCarrera` int(11) NOT NULL AUTO_INCREMENT, AUTO_INCREMENT=12;

--
-- AUTO_INCREMENT de la tabla `carrera_examen`
--
ALTER TABLE `carrera_examen`
  MODIFY `codCarreraExamen` int(11) NOT NULL AUTO_INCREMENT, AUTO_INCREMENT=25;

--
-- AUTO_INCREMENT de la tabla `condicion_postulacion`
--
ALTER TABLE `condicion_postulacion`
  MODIFY `codCondicion` int(11) NOT NULL AUTO_INCREMENT, AUTO_INCREMENT=5;

--
-- AUTO_INCREMENT de la tabla `estado_examen`
--
ALTER TABLE `estado_examen`
  MODIFY `codEstado` int(11) NOT NULL AUTO_INCREMENT, AUTO_INCREMENT=10;

--
-- AUTO_INCREMENT de la tabla `examen`
--
ALTER TABLE `examen`
  MODIFY `codExamen` int(11) NOT NULL AUTO_INCREMENT, AUTO_INCREMENT=6;

--
-- AUTO_INCREMENT de la tabla `examen_postulante`
--
ALTER TABLE `examen_postulante`
  MODIFY `codExamenPostulante` int(11) NOT NULL AUTO_INCREMENT, AUTO_INCREMENT=31765;

--
-- AUTO_INCREMENT de la tabla `facultad`
--
ALTER TABLE `facultad`
  MODIFY `codFacultad` int(11) NOT NULL AUTO_INCREMENT, AUTO_INCREMENT=13;

--
-- AUTO_INCREMENT de la tabla `grupo_iguales`
--
ALTER TABLE `grupo_iguales`
  MODIFY `codGrupo` int(11) NOT NULL AUTO_INCREMENT, AUTO_INCREMENT=278;

--
-- AUTO_INCREMENT de la tabla `grupo_patron`
--
ALTER TABLE `grupo_patron`
  MODIFY `codGrupoPatron` int(11) NOT NULL AUTO_INCREMENT, AUTO_INCREMENT=777;

--
-- AUTO_INCREMENT de la tabla `modalidad`
--
ALTER TABLE `modalidad`
  MODIFY `codModalidad` int(11) NOT NULL AUTO_INCREMENT, AUTO_INCREMENT=8;

--
-- AUTO_INCREMENT de la tabla `parametros`
--
ALTER TABLE `parametros`
  MODIFY `codParametro` int(11) NOT NULL AUTO_INCREMENT, AUTO_INCREMENT=8;

--
-- AUTO_INCREMENT de la tabla `postulantes_elevados`
--
ALTER TABLE `postulantes_elevados`
  MODIFY `codPostulanteElevado` int(11) NOT NULL AUTO_INCREMENT, AUTO_INCREMENT=15;

--
-- AUTO_INCREMENT de la tabla `pregunta`
--
ALTER TABLE `pregunta`
  MODIFY `codPregunta` int(11) NOT NULL AUTO_INCREMENT, AUTO_INCREMENT=8175;

--
-- AUTO_INCREMENT de la tabla `sede`
--
ALTER TABLE `sede`
  MODIFY `codSede` int(11) NOT NULL AUTO_INCREMENT, AUTO_INCREMENT=8;

--
-- AUTO_INCREMENT de la tabla `tasa`
--
ALTER TABLE `tasa`
  MODIFY `codTasa` int(11) NOT NULL AUTO_INCREMENT, AUTO_INCREMENT=16;

--
-- AUTO_INCREMENT de la tabla `tipo_actor`
--
ALTER TABLE `tipo_actor`
  MODIFY `codTipoActor` int(11) NOT NULL AUTO_INCREMENT, AUTO_INCREMENT=4;

--
-- AUTO_INCREMENT de la tabla `usuario`
--
ALTER TABLE `usuario`
  MODIFY `codUsuario` int(11) NOT NULL AUTO_INCREMENT, AUTO_INCREMENT=29825;
COMMIT;

/*!40101 SET CHARACTER_SET_CLIENT=@OLD_CHARACTER_SET_CLIENT */;
/*!40101 SET CHARACTER_SET_RESULTS=@OLD_CHARACTER_SET_RESULTS */;
/*!40101 SET COLLATION_CONNECTION=@OLD_COLLATION_CONNECTION */;
